chrom1	start1	end1	chrom2	start2	end2	col7	col8	col9	col10	donut_fe	pvalue1	donut_q	ll_fe	pvalue2	ll_q	center1	center2	loop_distance	q_product	bin1	bin2	loop_key	min_distance	matched_idx2	is_stable
chr17	6070000	6080000	chr17	6420000	6430000	.	32	.	.	2.43	0.000131	0.0179	2.08	0.000131	0.0188	6075000.0	6425000.0	350000.0	0.00033652	607	642	chr17_607_642	21.02379604162864	162	False
chr17	38350000	38360000	chr17	38480000	38490000	.	74	.	.	2.29	6.75e-07	4.01e-05	2.59	6.74e-11	3.29e-08	38355000.0	38485000.0	130000.0	1.31929e-12	3835	3848	chr17_3835_3848	8.06225774829855	236	False
chr17	35630000	35640000	chr17	35820000	35830000	.	46	.	.	2.03	7.95e-05	0.00795	2.34	2.37e-07	9.82e-05	35635000.0	35825000.0	190000.0	7.8069e-07	3563	3582	chr17_3563_3582	8.246211251235321	258	False
chr17	39620000	39630000	chr17	39670000	39680000	.	101	.	.	2.01	1.75e-10	1.57e-08	2.01	1.75e-10	1.57e-08	39625000.0	39675000.0	50000.0	2.4649000000000004e-16	3962	3967	chr17_3962_3967	11.313708498984761	131	False
chr17	72560000	72570000	chr17	72950000	72960000	.	23	.	.	2.31	0.000135	0.0372	2.37	0.000135	0.03	72565000.0	72955000.0	390000.0	0.0011159999999999998	7256	7295	chr17_7256_7295	23.0	26	False
chr17	15730000	15740000	chr17	18660000	18670000	.	12	.	.	9.13	1.5e-08	0.000113	14.4	6.36e-11	3.2e-07	15735000.0	18665000.0	2930000.0	3.616e-11	1573	1866	chr17_1573_1866	23.021728866442675	253	False
chr17	6660000	6670000	chr17	7000000	7010000	.	46	.	.	2.59	2.37e-07	8.24e-05	2.02	7.95e-05	0.00753	6665000.0	7005000.0	340000.0	6.20472e-07	666	700	chr17_666_700	11.045361017187261	165	False
chr17	34560000	34570000	chr17	34630000	34640000	.	76	.	.	2.16	1.83e-07	1.22e-05	2.16	1.83e-07	1.22e-05	34565000.0	34635000.0	70000.0	1.4884e-10	3456	3463	chr17_3456_3463	12.0	16	False
chr17	15600000	15610000	chr17	18750000	18760000	.	74	.	.	12.0	0.0	0.0	6.82	0.0	0.0	15605000.0	18755000.0	3150000.0	0.0	1560	1875	chr17_1560_1875	7.211102550927978	253	False
chr17	15640000	15650000	chr17	18720000	18730000	.	58	.	.	11.4	0.0	0.0	10.4	0.0	0.0	15645000.0	18725000.0	3080000.0	0.0	1564	1872	chr17_1564_1872	12.206555615733702	253	False
chr17	27800000	27810000	chr17	27870000	27880000	.	148	.	.	2.83	0.0	0.0	2.83	0.0	0.0	27805000.0	27875000.0	70000.0	0.0	2780	2787	chr17_2780_2787	15.0	221	False
chr17	36520000	36530000	chr17	36580000	36590000	.	53	.	.	2.49	5.37e-07	0.000133	2.49	5.37e-07	0.000133	36525000.0	36585000.0	60000.0	1.7689e-08	3652	3658	chr17_3652_3658	36.68787265568828	179	False
chr17	74300000	74310000	chr17	74450000	74460000	.	41	.	.	2.09	1.42e-05	0.00237	2.6	4.74e-08	5.24e-05	74305000.0	74455000.0	150000.0	1.24188e-07	7430	7445	chr17_7430_7445	8.0	247	False
chr17	790000	800000	chr17	980000	990000	.	147	.	.	3.06	0.0	0.0	2.87	0.0	0.0	795000.0	985000.0	190000.0	0.0	79	98	chr17_79_98	37.013511046643494	384	False
chr17	34670000	34680000	chr17	34880000	34890000	.	92	.	.	1.99	7.09e-08	4.01e-06	2.3	9.52e-13	3.84e-10	34675000.0	34885000.0	210000.0	1.53984e-15	3467	3488	chr17_3467_3488	11.0	343	False
chr17	1910000	1920000	chr17	2020000	2030000	.	141	.	.	2.76	0.0	0.0	2.35	0.0	0.0	1915000.0	2025000.0	110000.0	0.0	191	202	chr17_191_202	30.610455730027933	262	False
chr17	46840000	46850000	chr17	46920000	46930000	.	63	.	.	2.44	4.14e-07	5.9e-05	2.44	4.14e-07	5.9e-05	46845000.0	46925000.0	80000.0	3.481e-09	4684	4692	chr17_4684_4692	55.154328932550705	49	False
chr17	35140000	35150000	chr17	35740000	35750000	.	33	.	.	2.43	6.01e-05	0.0103	2.33	6.01e-05	0.0116	35145000.0	35745000.0	600000.0	0.00011947999999999999	3514	3574	chr17_3514_3574	22.360679774997898	84	False
chr17	6180000	6190000	chr17	6420000	6430000	.	32	.	.	2.79	1.48e-06	0.000729	2.56	1.48e-06	0.000839	6185000.0	6425000.0	240000.0	6.11631e-07	618	642	chr17_618_642	10.04987562112089	162	False
chr17	20120000	20130000	chr17	20310000	20320000	.	60	.	.	3.37	1.91e-13	2.95e-10	3.48	1.91e-13	6.57e-10	20125000.0	20315000.0	190000.0	1.93815e-19	2012	2031	chr17_2012_2031	15.811388300841896	335	False
chr17	6840000	6850000	chr17	7000000	7010000	.	91	.	.	2.42	2.21e-12	3.88e-10	2.11	1.31e-07	1.26e-05	6845000.0	7005000.0	160000.0	4.8888e-15	684	700	chr17_684_700	7.0	100	False
chr17	10870000	10880000	chr17	11740000	11750000	.	44	.	.	2.78	2.2e-09	1.99e-06	2.64	1.3e-06	0.000406	10875000.0	11745000.0	870000.0	8.0794e-10	1087	1174	chr17_1087_1174	20.0	223	False
chr17	50630000	50640000	chr17	50680000	50690000	.	72	.	.	2.07	2.37e-06	0.000124	2.07	2.37e-06	0.000124	50635000.0	50685000.0	50000.0	1.5376e-08	5063	5068	chr17_5063_5068	8.06225774829855	193	False
chr17	2050000	2060000	chr17	2240000	2250000	.	84	.	.	4.43	0.0	0.0	3.64	0.0	0.0	2055000.0	2245000.0	190000.0	0.0	205	224	chr17_205_224	56.61271941887264	262	False
chr17	80430000	80440000	chr17	80570000	80580000	.	80	.	.	2.27	1.15e-08	1e-06	2.19	1.15e-08	1.98e-06	80435000.0	80575000.0	140000.0	1.98e-12	8043	8057	chr17_8043_8057	34.0	310	False
chr17	37650000	37660000	chr17	37810000	37820000	.	84	.	.	2.07	7.31e-06	0.000259	1.98	7.31e-06	0.000405	37655000.0	37815000.0	160000.0	1.04895e-07	3765	3781	chr17_3765_3781	90.78546139112804	236	False
chr17	72720000	72730000	chr17	72960000	72970000	.	61	.	.	2.11	1.68e-06	0.000194	2.11	1.68e-06	0.000246	72725000.0	72965000.0	240000.0	4.7724000000000004e-08	7272	7296	chr17_7272_7296	22.0	117	False
chr17	73710000	73720000	chr17	73840000	73850000	.	106	.	.	2.46	4.45e-12	5.23e-10	2.52	4.45e-12	1.11e-09	73715000.0	73845000.0	130000.0	5.8053e-19	7371	7384	chr17_7371_7384	7.0	397	False
chr17	66200000	66210000	chr17	66900000	66910000	.	36	.	.	2.57	4.98e-06	0.00134	2.36	4.98e-06	0.00195	66205000.0	66905000.0	700000.0	2.613e-06	6620	6690	chr17_6620_6690	8.0	429	False
chr17	9730000	9740000	chr17	9870000	9880000	.	76	.	.	2.11	1.83e-07	1.22e-05	2.0	1.83e-07	2.23e-05	9735000.0	9875000.0	140000.0	2.7206e-10	973	987	chr17_973_987	43.01162633521314	298	False
chr17	27650000	27660000	chr17	27750000	27760000	.	84	.	.	4.2	0.0	0.0	2.44	6.01e-10	1.33e-07	27655000.0	27755000.0	100000.0	0.0	2765	2775	chr17_2765_2775	12.0	221	False
chr17	38420000	38430000	chr17	38480000	38490000	.	172	.	.	3.69	0.0	0.0	3.69	0.0	0.0	38425000.0	38485000.0	60000.0	0.0	3842	3848	chr17_3842_3848	11.313708498984761	236	False
chr17	38420000	38430000	chr17	38660000	38670000	.	54	.	.	2.53	2.44e-07	7.13e-05	2.39	2.44e-07	8.39e-05	38425000.0	38665000.0	240000.0	5.98207e-09	3842	3866	chr17_3842_3866	10.0	407	False
chr17	15550000	15560000	chr17	18720000	18730000	.	16	.	.	3.19	2.19e-05	0.0136	9.7	5.61e-11	1.89e-07	15555000.0	18725000.0	3170000.0	2.5704e-09	1555	1872	chr17_1555_1872	7.0710678118654755	253	False
chr17	27760000	27770000	chr17	27870000	27880000	.	130	.	.	3.33	0.0	0.0	2.45	1.49e-13	2.47e-11	27765000.0	27875000.0	110000.0	0.0	2776	2787	chr17_2776_2787	11.0	221	False
chr17	7500000	7510000	chr17	7550000	7560000	.	125	.	.	2.31	5.13e-12	4.36e-10	2.31	5.13e-12	4.36e-10	7505000.0	7555000.0	50000.0	1.90096e-19	750	755	chr17_750_755	18.384776310850235	219	False
chr17	46940000	46950000	chr17	46990000	47000000	.	165	.	.	3.0	0.0	0.0	3.0	0.0	0.0	46945000.0	46995000.0	50000.0	0.0	4694	4699	chr17_4694_4699	43.18564576337837	49	False
chr17	59750000	59760000	chr17	59850000	59860000	.	180	.	.	2.38	0.0	0.0	2.05	8.16e-13	3.04e-11	59755000.0	59855000.0	100000.0	0.0	5975	5985	chr17_5975_5985	45.35416188179427	356	False
chr17	56890000	56900000	chr17	56940000	56950000	.	138	.	.	2.1	2.35e-09	1.23e-07	2.1	2.35e-09	1.23e-07	56895000.0	56945000.0	50000.0	1.5129e-14	5689	5694	chr17_5689_5694	17.804493814764857	293	False
chr17	44920000	44930000	chr17	45010000	45020000	.	142	.	.	2.23	0.0	0.0	1.95	2.4e-10	1.27e-08	44925000.0	45015000.0	90000.0	0.0	4492	4501	chr17_4492_4501	9.055385138137417	98	False
chr17	32670000	32680000	chr17	32750000	32760000	.	85	.	.	2.33	2.79e-10	3.21e-08	2.33	2.79e-10	3.21e-08	32675000.0	32755000.0	80000.0	1.0304100000000001e-15	3267	3275	chr17_3267_3275	16.97056274847714	21	False
chr17	8800000	8810000	chr17	8890000	8900000	.	123	.	.	2.51	0.0	0.0	1.76	4.48e-06	0.000103	8805000.0	8895000.0	90000.0	0.0	880	889	chr17_880_889	27.459060435491963	292	False
chr17	17010000	17020000	chr17	17130000	17140000	.	50	.	.	2.25	5.11e-06	0.000853	2.3	5.11e-06	0.000957	17015000.0	17135000.0	120000.0	8.16321e-07	1701	1713	chr17_1701_1713	50.24937810560445	278	False
chr17	4210000	4220000	chr17	4360000	4370000	.	100	.	.	2.23	3.55e-10	3.02e-08	2.62	7.77e-16	5.51e-13	4215000.0	4365000.0	150000.0	1.66402e-20	421	436	chr17_421_436	5.0990195135927845	197	False
chr17	9920000	9930000	chr17	9970000	9980000	.	114	.	.	2.19	6.21e-09	3.21e-07	2.19	6.21e-09	3.21e-07	9925000.0	9975000.0	50000.0	1.0304099999999998e-13	992	997	chr17_992_997	25.709920264364882	298	False
chr17	17260000	17270000	chr17	17330000	17340000	.	95	.	.	2.48	7.12e-14	1.6e-11	2.48	7.12e-14	1.6e-11	17265000.0	17335000.0	70000.0	2.56e-22	1726	1733	chr17_1726_1733	19.235384061671343	278	False
chr17	55770000	55780000	chr17	55820000	55830000	.	74	.	.	2.18	6.75e-07	4.01e-05	2.18	6.75e-07	4.01e-05	55775000.0	55825000.0	50000.0	1.60801e-09	5577	5582	chr17_5577_5582	25.0	60	False
chr17	28250000	28260000	chr17	28320000	28330000	.	85	.	.	2.22	2.79e-10	3.21e-08	2.22	2.79e-10	3.21e-08	28255000.0	28325000.0	70000.0	1.0304100000000001e-15	2825	2832	chr17_2825_2832	32.55764119219941	260	False
chr17	64540000	64550000	chr17	64730000	64740000	.	52	.	.	2.82	8.94e-10	6.1e-07	2.76	8.94e-10	9.04e-07	64545000.0	64735000.0	190000.0	5.5144e-13	6454	6473	chr17_6454_6473	9.0	285	False
chr17	53030000	53040000	chr17	53150000	53160000	.	46	.	.	2.33	2.37e-07	8.24e-05	2.11	7.95e-05	0.00753	53035000.0	53155000.0	120000.0	6.20472e-07	5303	5315	chr17_5303_5315	27.0	403	False
chr17	15830000	15840000	chr17	20650000	20660000	.	52	.	.	24.9	0.0	0.0	55.8	0.0	0.0	15835000.0	20655000.0	4820000.0	0.0	1583	2065	chr17_1583_2065	188.2471779336944	253	False
chr17	19440000	19450000	chr17	19750000	19760000	.	53	.	.	2.07	0.000242	0.0133	2.03	0.000242	0.0134	19445000.0	19755000.0	310000.0	0.00017821999999999998	1944	1975	chr17_1944_1975	7.0710678118654755	444	False
chr17	15800000	15810000	chr17	20600000	20610000	.	18	.	.	11.4	1.19e-14	1.93e-10	36.4	0.0	0.0	15805000.0	20605000.0	4800000.0	0.0	1580	2060	chr17_1580_2060	182.8578683021324	253	False
chr17	57130000	57140000	chr17	57590000	57600000	.	33	.	.	2.18	6.01e-05	0.0103	2.11	6.01e-05	0.0116	57135000.0	57595000.0	460000.0	0.00011947999999999999	5713	5759	chr17_5713_5759	15.0	171	False
chr17	6090000	6100000	chr17	6410000	6420000	.	37	.	.	2.4	2.06e-06	0.000655	2.56	2.06e-06	0.000973	6095000.0	6415000.0	320000.0	6.37315e-07	609	641	chr17_609_641	19.0	162	False
chr17	18830000	18840000	chr17	20330000	20340000	.	9	.	.	38.0	1.11e-07	0.000539	35.7	1.11e-07	0.000249	18835000.0	20335000.0	1500000.0	1.3421099999999998e-07	1883	2033	chr17_1883_2033	77.83315488916018	332	False
chr17	45610000	45620000	chr17	46240000	46250000	.	10	.	.	4.36	6.6e-05	0.0488	5.12	8.31e-06	0.006	45615000.0	46245000.0	630000.0	0.0002928	4561	4624	chr17_4561_4624	41.10960958218893	130	False
chr17	70640000	70650000	chr17	71460000	71470000	.	24	.	.	4.4	1.74e-08	2.12e-05	3.36	1.17e-06	0.00112	70645000.0	71465000.0	820000.0	2.3743999999999997e-08	7064	7146	chr17_7064_7146	38.0	207	False
chr17	66250000	66260000	chr17	66670000	66680000	.	99	.	.	2.06	7.12e-10	5.8e-08	2.02	7.12e-10	1.09e-07	66255000.0	66675000.0	420000.0	6.322e-15	6625	6667	chr17_6625_6667	13.92838827718412	451	False
chr17	61630000	61640000	chr17	61950000	61960000	.	48	.	.	2.22	2.09e-05	0.0026	2.32	2.09e-05	0.00271	61635000.0	61955000.0	320000.0	7.046e-06	6163	6195	chr17_6163_6195	12.0	115	False
chr17	12170000	12180000	chr17	12560000	12570000	.	40	.	.	2.12	3.02e-05	0.00434	2.09	3.02e-05	0.0046	12175000.0	12565000.0	390000.0	1.9964e-05	1217	1256	chr17_1217_1256	10.04987562112089	129	False
chr17	67380000	67390000	chr17	67560000	67570000	.	73	.	.	1.94	1.27e-06	7.05e-05	2.15	1.27e-06	0.000127	67385000.0	67565000.0	180000.0	8.9535e-09	6738	6756	chr17_6738_6756	6.0	70	False
chr17	15950000	15960000	chr17	18720000	18730000	.	8	.	.	9.91	1.13e-06	0.00431	11.2	1.13e-06	0.0019	15955000.0	18725000.0	2770000.0	8.188999999999999e-06	1595	1872	chr17_1595_1872	41.593268686170845	253	False
chr17	69580000	69590000	chr17	70140000	70150000	.	47	.	.	2.0	4.12e-05	0.0045	2.1	4.12e-05	0.00457	69585000.0	70145000.0	560000.0	2.0565e-05	6958	7014	chr17_6958_7014	48.010415536631214	43	False
chr17	15090000	15100000	chr17	15520000	15530000	.	17	.	.	4.02	6.02e-06	0.00471	4.06	6.02e-06	0.00356	15095000.0	15525000.0	430000.0	1.67676e-05	1509	1552	chr17_1509_1552	17.11724276862369	187	False
chr17	19990000	20000000	chr17	20310000	20320000	.	48	.	.	1.97	2.09e-05	0.0026	2.33	2.09e-05	0.00271	19995000.0	20315000.0	320000.0	7.046e-06	1999	2031	chr17_1999_2031	9.0	335	False
chr17	69330000	69340000	chr17	69390000	69400000	.	116	.	.	2.22	1.84e-09	1.05e-07	2.22	1.84e-09	1.05e-07	69335000.0	69395000.0	60000.0	1.1025e-14	6933	6939	chr17_6933_6939	13.0	222	False
chr17	50010000	50020000	chr17	50570000	50580000	.	16	.	.	4.38	1.13e-06	0.0013	4.08	1.13e-06	0.00076	50015000.0	50575000.0	560000.0	9.880000000000001e-07	5001	5057	chr17_5001_5057	35.510561809129406	63	False
chr17	57240000	57250000	chr17	57740000	57750000	.	56	.	.	2.04	4.24e-05	0.00311	2.92	1.5e-11	2.71e-08	57245000.0	57745000.0	500000.0	8.4281e-11	5724	5774	chr17_5724_5774	11.0	171	False
chr17	61310000	61320000	chr17	61390000	61400000	.	83	.	.	2.0	1.24e-05	0.000415	2.0	1.24e-05	0.000415	61315000.0	61395000.0	80000.0	1.72225e-07	6131	6139	chr17_6131_6139	10.816653826391969	231	False
chr17	5590000	5600000	chr17	5780000	5790000	.	51	.	.	2.09	2.45e-06	0.000465	2.02	2.45e-06	0.000547	5595000.0	5785000.0	190000.0	2.54355e-07	559	578	chr17_559_578	8.0	283	False
chr17	74650000	74660000	chr17	74730000	74740000	.	112	.	.	2.4	4.02e-14	6.48e-12	2.4	4.02e-14	6.48e-12	74655000.0	74735000.0	80000.0	4.19904e-23	7465	7473	chr17_7465_7473	18.439088914585774	279	False
chr17	8990000	9000000	chr17	9280000	9290000	.	52	.	.	2.4	1.16e-06	0.000249	2.22	1.16e-06	0.000292	8995000.0	9285000.0	290000.0	7.270799999999999e-08	899	928	chr17_899_928	24.020824298928627	142	False
chr17	66200000	66210000	chr17	66670000	66680000	.	86	.	.	2.38	1.28e-10	1.6e-08	1.81	2.45e-06	0.000157	66205000.0	66675000.0	470000.0	2.512e-12	6620	6667	chr17_6620_6667	13.0	451	False
chr17	39070000	39080000	chr17	39140000	39150000	.	133	.	.	2.21	1.62e-14	1.96e-12	2.21	1.62e-14	1.96e-12	39075000.0	39145000.0	70000.0	3.8416e-24	3907	3914	chr17_3907_3914	9.055385138137417	64	False
chr17	65140000	65150000	chr17	65190000	65200000	.	147	.	.	2.09	1.18e-11	8.47e-10	2.09	1.18e-11	8.47e-10	65145000.0	65195000.0	50000.0	7.17409e-19	6514	6519	chr17_6514_6519	9.0	329	False
chr17	8890000	8900000	chr17	9520000	9530000	.	23	.	.	3.5	3.73e-06	0.00268	3.17	3.73e-06	0.00275	8895000.0	9525000.0	630000.0	7.37e-06	889	952	chr17_889_952	9.0	142	False
chr17	41750000	41760000	chr17	41900000	41910000	.	58	.	.	2.02	1.22e-05	0.00109	2.02	1.22e-05	0.00119	41755000.0	41905000.0	150000.0	1.2971e-06	4175	4190	chr17_4175_4190	10.198039027185569	102	False
chr17	36630000	36640000	chr17	36700000	36710000	.	106	.	.	2.19	4.45e-12	5.23e-10	2.19	4.45e-12	5.23e-10	36635000.0	36705000.0	70000.0	2.7352899999999993e-19	3663	3670	chr17_3663_3670	23.0	179	False
chr17	17580000	17590000	chr17	17640000	17650000	.	93	.	.	2.05	3.79e-08	2.25e-06	2.05	3.79e-08	2.25e-06	17585000.0	17645000.0	60000.0	5.0625e-12	1758	1764	chr17_1758_1764	9.0	105	False
chr17	65550000	65560000	chr17	66160000	66170000	.	42	.	.	3.71	2.05e-11	2.45e-08	3.67	2.05e-11	4.78e-08	65555000.0	66165000.0	610000.0	1.1711e-15	6555	6616	chr17_6555_6616	12.0	323	False
chr17	60720000	60730000	chr17	61310000	61320000	.	39	.	.	2.2	6.27e-05	0.00744	2.65	3.28e-07	0.000259	60725000.0	61315000.0	590000.0	1.92696e-06	6072	6131	chr17_6072_6131	7.0	119	False
chr17	8990000	9000000	chr17	9170000	9180000	.	78	.	.	2.05	4.7e-08	3.53e-06	1.81	0.000149	0.00492	8995000.0	9175000.0	180000.0	1.73676e-08	899	917	chr17_899_917	35.014282800023196	142	False
chr17	34070000	34080000	chr17	34360000	34370000	.	39	.	.	2.59	3.28e-07	0.000163	2.46	3.28e-07	0.000259	34075000.0	34365000.0	290000.0	4.2217e-08	3407	3436	chr17_3407_3436	12.0	217	False
chr17	13330000	13340000	chr17	13590000	13600000	.	66	.	.	2.13	4.54e-08	8.23e-06	2.25	4.54e-08	1.1e-05	13335000.0	13595000.0	260000.0	9.053000000000001e-11	1333	1359	chr17_1333_1359	59.16924876994806	79	False
chr17	7210000	7220000	chr17	7290000	7300000	.	57	.	.	2.03	2.29e-05	0.00188	2.03	2.29e-05	0.00188	7215000.0	7295000.0	80000.0	3.5344e-06	721	729	chr17_721_729	17.11724276862369	315	False
chr17	21310000	21320000	chr17	21370000	21380000	.	49	.	.	2.08	1.04e-05	0.00151	2.08	1.04e-05	0.00151	21315000.0	21375000.0	60000.0	2.2801e-06	2131	2137	chr17_2131_2137	14.035668847618199	365	False
chr17	20120000	20130000	chr17	20220000	20230000	.	107	.	.	2.95	0.0	0.0	2.27	2.08e-12	5.6e-10	20125000.0	20225000.0	100000.0	0.0	2012	2022	chr17_2012_2022	13.0	335	False
chr17	20230000	20240000	chr17	20310000	20320000	.	79	.	.	2.12	2.34e-08	1.94e-06	2.12	2.34e-08	1.94e-06	20235000.0	20315000.0	80000.0	3.7636e-12	2023	2031	chr17_2023_2031	25.632011235952593	335	False
chr17	39620000	39630000	chr17	39750000	39760000	.	89	.	.	2.16	4.37e-07	2.07e-05	1.77	4.37e-07	3.65e-05	39625000.0	39755000.0	130000.0	7.555499999999999e-10	3962	3975	chr17_3962_3975	17.88854381999832	131	False
chr17	70560000	70570000	chr17	70610000	70620000	.	48	.	.	2.21	2.09e-05	0.0026	2.21	2.09e-05	0.0026	70565000.0	70615000.0	50000.0	6.76e-06	7056	7061	chr17_7056_7061	36.49657518178932	358	False
chr17	51290000	51300000	chr17	51360000	51370000	.	76	.	.	2.02	1.83e-07	1.22e-05	2.02	1.83e-07	1.22e-05	51295000.0	51365000.0	70000.0	1.4884e-10	5129	5136	chr17_5129_5136	17.0	366	False
chr17	61570000	61580000	chr17	61830000	61840000	.	41	.	.	2.16	1.42e-05	0.00237	2.07	1.42e-05	0.00266	61575000.0	61835000.0	260000.0	6.3042000000000006e-06	6157	6183	chr17_6157_6183	6.0	115	False
chr17	66290000	66300000	chr17	66670000	66680000	.	81	.	.	2.09	5.6e-09	5.28e-07	2.41	5.6e-09	1.07e-06	66295000.0	66675000.0	380000.0	5.649599999999999e-13	6629	6667	chr17_6629_6667	15.811388300841896	451	False
chr17	47690000	47700000	chr17	47740000	47750000	.	111	.	.	2.07	3.62e-08	1.64e-06	2.07	3.62e-08	1.64e-06	47695000.0	47745000.0	50000.0	2.6895999999999998e-12	4769	4774	chr17_4769_4774	21.213203435596427	37	False
chr17	45030000	45040000	chr17	45100000	45110000	.	97	.	.	2.09	2.79e-09	2.07e-07	2.09	2.79e-09	2.07e-07	45035000.0	45105000.0	70000.0	4.284899999999999e-14	4503	4510	chr17_4503_4510	10.0	98	False
chr17	51000000	51010000	chr17	51050000	51060000	.	105	.	.	2.11	9.44e-12	1.02e-09	2.11	9.44e-12	1.02e-09	51005000.0	51055000.0	50000.0	1.0404e-18	5100	5105	chr17_5100_5105	10.0	256	False
chr17	12670000	12680000	chr17	12740000	12750000	.	86	.	.	2.62	1.28e-10	1.6e-08	2.62	1.28e-10	1.6e-08	12675000.0	12745000.0	70000.0	2.56e-16	1267	1274	chr17_1267_1274	29.120439557122072	398	False
chr17	15660000	15670000	chr17	18720000	18730000	.	33	.	.	5.48	1.42e-14	4.55e-11	2.93	5.43e-07	0.000354	15665000.0	18725000.0	3060000.0	1.6106999999999998e-14	1566	1872	chr17_1566_1872	13.892443989449804	253	False
chr17	15830000	15840000	chr17	18720000	18730000	.	10	.	.	8.94	1.01e-07	0.000495	11.0	1e-08	2.93e-05	15835000.0	18725000.0	2890000.0	1.45035e-08	1583	1872	chr17_1583_1872	29.832867780352597	253	False
chr17	4690000	4700000	chr17	6650000	6660000	.	8	.	.	8.11	1.13e-06	0.00431	9.91	1.13e-06	0.0019	4695000.0	6655000.0	1960000.0	8.188999999999999e-06	469	665	chr17_469_665	6.0	313	False
chr17	21120000	21130000	chr17	21370000	21380000	.	30	.	.	2.41	1e-05	0.00376	2.67	1e-05	0.00376	21125000.0	21375000.0	250000.0	1.41376e-05	2112	2137	chr17_2112_2137	22.80350850198276	365	False
chr17	30500000	30510000	chr17	31950000	31960000	.	13	.	.	6.11	4.61e-07	0.0011	5.44	4.61e-07	0.00044	30505000.0	31955000.0	1450000.0	4.84e-07	3050	3195	chr17_3050_3195	20.0	211	False
chr17	47660000	47670000	chr17	47740000	47750000	.	67	.	.	2.35	2.11e-08	4.28e-06	2.35	2.11e-08	4.28e-06	47665000.0	47745000.0	80000.0	1.8318399999999998e-11	4766	4774	chr17_4766_4774	20.615528128088304	280	False
chr17	66300000	66310000	chr17	66560000	66570000	.	72	.	.	2.0	2.37e-06	0.000124	2.91	1.12e-14	2.73e-11	66305000.0	66565000.0	260000.0	3.3852e-15	6630	6656	chr17_6630_6656	10.198039027185569	451	False
chr17	9280000	9290000	chr17	9520000	9530000	.	40	.	.	2.27	3.02e-05	0.00434	2.31	3.02e-05	0.0046	9285000.0	9525000.0	240000.0	1.9964e-05	928	952	chr17_928_952	30.0	142	False
chr17	66250000	66260000	chr17	66420000	66430000	.	86	.	.	1.82	2.45e-06	9.73e-05	2.01	2.45e-06	0.000157	66255000.0	66425000.0	170000.0	1.52761e-08	6625	6642	chr17_6625_6642	13.0	451	False
chr17	16590000	16600000	chr17	16680000	16690000	.	89	.	.	1.81	4.37e-07	2.07e-05	2.19	4.37e-07	3.65e-05	16595000.0	16685000.0	90000.0	7.555499999999999e-10	1659	1668	chr17_1659_1668	6.0	289	False
chr17	63110000	63120000	chr17	63330000	63340000	.	55	.	.	1.83	7.7e-05	0.00513	2.41	1.09e-07	4.15e-05	63115000.0	63335000.0	220000.0	2.12895e-07	6311	6333	chr17_6311_6333	7.0	140	False
