chrom1	start1	end1	chrom2	start2	end2	col7	col8	col9	col10	donut_fe	pvalue1	donut_q	ll_fe	pvalue2	ll_q	center1	center2	loop_distance	q_product	bin1	bin2	loop_key	is_stable
chr17	65550000	65560000	chr17	65980000	65990000	.	103	.	.	3.11	0.0	0.0	3.14	0.0	0.0	65555000.0	65985000.0	430000.0	0.0	6555	6598	chr17_6555_6598	False
chr17	43600000	43610000	chr17	43760000	43770000	.	86	.	.	1.88	2.45e-06	0.000152	2.25	1.28e-10	4.93e-08	43605000.0	43765000.0	160000.0	7.4936e-12	4360	4376	chr17_4360_4376	False
chr17	34440000	34450000	chr17	34630000	34640000	.	46	.	.	1.95	7.95e-05	0.00829	2.45	2.37e-07	9.88e-05	34445000.0	34635000.0	190000.0	8.190520000000001e-07	3444	3463	chr17_3444_3463	False
chr17	32780000	32790000	chr17	32930000	32940000	.	77	.	.	2.91	4.71e-12	2.4e-09	2.49	4.71e-12	3.63e-09	32785000.0	32935000.0	150000.0	8.712e-18	3278	3293	chr17_3278_3293	False
chr17	69060000	69070000	chr17	69230000	69240000	.	100	.	.	2.2	3.55e-10	4.77e-08	2.28	3.55e-10	8.27e-08	69065000.0	69235000.0	170000.0	3.94479e-15	6906	6923	chr17_6906_6923	False
chr17	73410000	73420000	chr17	73850000	73860000	.	33	.	.	2.15	6.01e-05	0.0149	2.2	6.01e-05	0.0114	73415000.0	73855000.0	440000.0	0.00016986	7341	7385	chr17_7341_7385	False
chr17	2380000	2390000	chr17	2700000	2710000	.	46	.	.	2.7	2.37e-07	0.000114	2.17	7.95e-05	0.00714	2385000.0	2705000.0	320000.0	8.1396e-07	238	270	chr17_238_270	False
chr17	76300000	76310000	chr17	76390000	76400000	.	180	.	.	2.86	0.0	0.0	2.29	0.0	0.0	76305000.0	76395000.0	90000.0	0.0	7630	7639	chr17_7630_7639	False
chr17	76200000	76210000	chr17	78750000	78760000	.	89	.	.	7.46	0.0	0.0	11.8	0.0	0.0	76205000.0	78755000.0	2550000.0	0.0	7620	7875	chr17_7620_7875	False
chr17	76290000	76300000	chr17	78800000	78810000	.	73	.	.	2.35	1.59e-10	6.18e-08	2.92	3.89e-15	8.78e-12	76295000.0	78805000.0	2510000.0	5.42604e-19	7629	7880	chr17_7629_7880	False
chr17	76270000	76280000	chr17	78750000	78760000	.	21	.	.	2.78	3.34e-05	0.017	17.6	0.0	0.0	76275000.0	78755000.0	2480000.0	0.0	7627	7875	chr17_7627_7875	False
chr17	76300000	76310000	chr17	76500000	76510000	.	79	.	.	2.33	2.34e-08	3.08e-06	1.96	9.26e-05	0.00396	76305000.0	76505000.0	200000.0	1.21968e-08	7630	7650	chr17_7630_7650	False
chr17	70760000	70770000	chr17	71080000	71090000	.	57	.	.	3.02	5.16e-12	8.38e-09	2.75	2.08e-08	1.06e-05	70765000.0	71085000.0	320000.0	8.882799999999999e-14	7076	7108	chr17_7076_7108	False
chr17	6900000	6910000	chr17	7150000	7160000	.	41	.	.	2.46	1.42e-05	0.00309	2.59	4.74e-08	3.96e-05	6905000.0	7155000.0	250000.0	1.22364e-07	690	715	chr17_690_715	False
chr17	41730000	41740000	chr17	41800000	41810000	.	192	.	.	2.61	0.0	0.0	2.61	0.0	0.0	41735000.0	41805000.0	70000.0	0.0	4173	4180	chr17_4173_4180	False
chr17	36960000	36970000	chr17	37030000	37040000	.	136	.	.	2.06	7.08e-09	3.29e-07	2.06	7.08e-09	3.29e-07	36965000.0	37035000.0	70000.0	1.08241e-13	3696	3703	chr17_3696_3703	False
chr17	65450000	65460000	chr17	65770000	65780000	.	72	.	.	2.07	2.37e-06	0.000198	2.63	3.72e-10	1.77e-07	65455000.0	65775000.0	320000.0	3.5046e-11	6545	6577	chr17_6545_6577	False
chr17	49570000	49580000	chr17	49850000	49860000	.	60	.	.	2.41	1.52e-09	8.41e-07	2.08	3.31e-06	0.000449	49575000.0	49855000.0	280000.0	3.77609e-10	4957	4985	chr17_4957_4985	False
chr17	48160000	48170000	chr17	48590000	48600000	.	83	.	.	2.16	1.28e-09	2.27e-07	2.23	1.28e-09	3.77e-07	48165000.0	48595000.0	430000.0	8.5579e-14	4816	4859	chr17_4816_4859	False
chr17	65280000	65290000	chr17	66160000	66170000	.	53	.	.	2.38	5.37e-07	0.000129	3.01	3.3e-10	4.01e-07	65285000.0	66165000.0	880000.0	5.1728999999999997e-11	6528	6616	chr17_6528_6616	False
chr17	65270000	65280000	chr17	65980000	65990000	.	102	.	.	2.23	8.55e-11	1.33e-08	2.89	1.11e-16	1.47e-13	65275000.0	65985000.0	710000.0	1.9551e-21	6527	6598	chr17_6527_6598	False
chr17	76120000	76130000	chr17	76280000	76290000	.	124	.	.	2.18	1.02e-11	8.92e-10	2.24	1.02e-11	1.48e-09	76125000.0	76285000.0	160000.0	1.32016e-18	7612	7628	chr17_7612_7628	False
chr17	63910000	63920000	chr17	64270000	64280000	.	43	.	.	2.23	2.95e-06	0.000858	2.42	2.95e-06	0.000801	63915000.0	64275000.0	360000.0	6.87258e-07	6391	6427	chr17_6391_6427	False
chr17	10380000	10390000	chr17	10600000	10610000	.	89	.	.	1.94	4.37e-07	3.26e-05	2.31	1.16e-11	5.31e-09	10385000.0	10605000.0	220000.0	1.73106e-13	1038	1060	chr17_1038_1060	False
chr17	71460000	71470000	chr17	72530000	72540000	.	34	.	.	3.09	1.94e-07	0.000143	2.67	2.69e-05	0.00633	71465000.0	72535000.0	1070000.0	9.0519e-07	7146	7253	chr17_7146_7253	False
chr17	71470000	71480000	chr17	71750000	71760000	.	45	.	.	2.27	5.6e-07	0.000227	2.21	0.00015	0.0117	71475000.0	71755000.0	280000.0	2.6559e-06	7147	7175	chr17_7147_7175	False
chr17	42210000	42220000	chr17	42400000	42410000	.	70	.	.	2.36	1.95e-09	6.28e-07	2.37	1.95e-09	7.51e-07	42215000.0	42405000.0	190000.0	4.716279999999999e-13	4221	4240	chr17_4221_4240	False
chr17	50550000	50560000	chr17	50840000	50850000	.	33	.	.	2.43	6.01e-05	0.0149	2.35	6.01e-05	0.0114	50555000.0	50845000.0	290000.0	0.00016986	5055	5084	chr17_5055_5084	False
chr17	5590000	5600000	chr17	6040000	6050000	.	43	.	.	1.9	0.000506	0.036	2.25	2.95e-06	0.000801	5595000.0	6045000.0	450000.0	2.8835999999999996e-05	559	604	chr17_559_604	False
chr17	29650000	29660000	chr17	29900000	29910000	.	58	.	.	1.99	1.22e-05	0.00137	2.49	8.84e-09	4.92e-06	29655000.0	29905000.0	250000.0	6.7404e-09	2965	2990	chr17_2965_2990	False
chr17	62690000	62700000	chr17	63410000	63420000	.	59	.	.	2.75	3.7e-09	1.78e-06	2.78	3.7e-09	2.27e-06	62695000.0	63415000.0	720000.0	4.0405999999999996e-12	6269	6341	chr17_6269_6341	False
chr17	70640000	70650000	chr17	71080000	71090000	.	27	.	.	2.73	2.61e-06	0.00167	2.37	0.000141	0.0292	70645000.0	71085000.0	440000.0	4.8764e-05	7064	7108	chr17_7064_7108	False
chr17	73710000	73720000	chr17	73950000	73960000	.	96	.	.	2.14	5.43e-09	5.99e-07	2.53	2.94e-14	2.23e-11	73715000.0	73955000.0	240000.0	1.33577e-17	7371	7395	chr17_7371_7395	False
chr17	35000000	35010000	chr17	35540000	35550000	.	36	.	.	2.78	4.98e-06	0.00191	3.41	2.29e-08	2.37e-05	35005000.0	35545000.0	540000.0	4.5267e-08	3500	3554	chr17_3500_3554	False
chr17	34190000	34200000	chr17	34360000	34370000	.	161	.	.	3.72	0.0	0.0	3.03	0.0	0.0	34195000.0	34365000.0	170000.0	0.0	3419	3436	chr17_3419_3436	False
chr17	79740000	79750000	chr17	79920000	79930000	.	94	.	.	2.35	1.71e-13	6.33e-11	2.49	1.71e-13	1.11e-10	79745000.0	79925000.0	180000.0	7.026300000000001e-21	7974	7992	chr17_7974_7992	False
chr17	53030000	53040000	chr17	54890000	54900000	.	43	.	.	3.69	5.87e-12	1.06e-08	3.79	5.87e-12	1.38e-08	53035000.0	54895000.0	1860000.0	1.4628e-16	5303	5489	chr17_5303_5489	False
chr17	53030000	53040000	chr17	53690000	53700000	.	36	.	.	2.12	0.000487	0.0458	2.3	4.98e-06	0.00186	53035000.0	53695000.0	660000.0	8.518800000000001e-05	5303	5369	chr17_5303_5369	False
chr17	61410000	61420000	chr17	61830000	61840000	.	25	.	.	4.09	4.2e-09	5.88e-06	3.75	3.55e-07	0.000251	61415000.0	61835000.0	420000.0	1.4758799999999997e-09	6141	6183	chr17_6141_6183	False
chr17	54900000	54910000	chr17	54950000	54960000	.	167	.	.	2.73	0.0	0.0	2.73	0.0	0.0	54905000.0	54955000.0	50000.0	0.0	5490	5495	chr17_5490_5495	False
chr17	74370000	74380000	chr17	74530000	74540000	.	101	.	.	2.24	1.75e-10	2.57e-08	2.42	1.75e-10	4.56e-08	74375000.0	74535000.0	160000.0	1.17192e-15	7437	7453	chr17_7437_7453	False
chr17	71110000	71120000	chr17	71750000	71760000	.	38	.	.	2.64	8.32e-07	0.000426	2.45	8.32e-07	0.000448	71115000.0	71755000.0	640000.0	1.90848e-07	7111	7175	chr17_7111_7175	False
chr17	71110000	71120000	chr17	72100000	72110000	.	37	.	.	2.25	0.000252	0.0286	2.3	0.000252	0.022	71115000.0	72105000.0	990000.0	0.0006292	7111	7210	chr17_7111_7210	False
chr17	76010000	76020000	chr17	76290000	76300000	.	111	.	.	2.61	9e-14	2.08e-11	2.63	9e-14	4.57e-11	76015000.0	76295000.0	280000.0	9.505599999999999e-22	7601	7629	chr17_7601_7629	False
chr17	1720000	1730000	chr17	1780000	1790000	.	146	.	.	2.48	0.0	0.0	2.48	0.0	0.0	1725000.0	1785000.0	60000.0	0.0	172	178	chr17_172_178	False
chr17	42710000	42720000	chr17	42760000	42770000	.	230	.	.	2.05	2.22e-16	1.96e-14	2.05	2.22e-16	1.96e-14	42715000.0	42765000.0	50000.0	3.8416e-28	4271	4276	chr17_4271_4276	False
chr17	75290000	75300000	chr17	75400000	75410000	.	194	.	.	2.25	1.11e-16	1.02e-14	1.78	2.27e-08	5.13e-07	75295000.0	75405000.0	110000.0	5.2326e-21	7529	7540	chr17_7529_7540	False
chr17	35760000	35770000	chr17	35810000	35820000	.	94	.	.	2.39	1.71e-13	6.33e-11	2.39	1.71e-13	6.33e-11	35765000.0	35815000.0	50000.0	4.00689e-21	3576	3581	chr17_3576_3581	False
chr17	43520000	43530000	chr17	43570000	43580000	.	191	.	.	2.03	8.88e-16	7.7e-14	2.03	8.88e-16	7.7e-14	43525000.0	43575000.0	50000.0	5.929e-27	4352	4357	chr17_4352_4357	False
chr17	76110000	76120000	chr17	76170000	76180000	.	248	.	.	2.09	0.0	0.0	2.09	0.0	0.0	76115000.0	76175000.0	60000.0	0.0	7611	7617	chr17_7611_7617	False
chr17	64540000	64550000	chr17	64640000	64650000	.	103	.	.	2.27	4.14e-11	7.04e-09	2.22	4.14e-11	1.3e-08	64545000.0	64645000.0	100000.0	9.152e-17	6454	6464	chr17_6454_6464	False
chr17	77090000	77100000	chr17	77200000	77210000	.	122	.	.	2.1	3.91e-11	3.19e-09	2.11	3.91e-11	5.16e-09	77095000.0	77205000.0	110000.0	1.6460400000000002e-17	7709	7720	chr17_7709_7720	False
chr17	75260000	75270000	chr17	75410000	75420000	.	155	.	.	2.16	6.84e-14	6.87e-12	1.8	3.31e-07	1.33e-05	75265000.0	75415000.0	150000.0	9.1371e-17	7526	7541	chr17_7526_7541	False
chr17	29370000	29380000	chr17	29540000	29550000	.	105	.	.	2.02	9.74e-07	3.79e-05	1.93	9.74e-07	5.47e-05	29375000.0	29545000.0	170000.0	2.07313e-09	2937	2954	chr17_2937_2954	False
chr17	10650000	10660000	chr17	10700000	10710000	.	94	.	.	2.09	2e-08	1.94e-06	2.09	2e-08	1.94e-06	10655000.0	10705000.0	50000.0	3.7636e-12	1065	1070	chr17_1065_1070	False
chr17	52380000	52390000	chr17	52460000	52470000	.	65	.	.	2.07	9.63e-08	2.08e-05	2.07	9.63e-08	2.08e-05	52385000.0	52465000.0	80000.0	4.3264e-10	5238	5246	chr17_5238_5246	False
chr17	11920000	11930000	chr17	11980000	11990000	.	99	.	.	2.23	7.12e-10	9.12e-08	2.23	7.12e-10	9.12e-08	11925000.0	11985000.0	60000.0	8.31744e-15	1192	1198	chr17_1192_1198	False
chr17	55520000	55530000	chr17	55720000	55730000	.	143	.	.	2.21	1.33e-10	8.55e-09	2.47	0.0	0.0	55525000.0	55725000.0	200000.0	0.0	5552	5572	chr17_5552_5572	False
chr17	48610000	48620000	chr17	48730000	48740000	.	76	.	.	1.84	0.00037	0.0106	2.22	1.83e-07	2.73e-05	48615000.0	48735000.0	120000.0	2.8938e-07	4861	4873	chr17_4861_4873	False
chr17	48720000	48730000	chr17	48870000	48880000	.	117	.	.	1.9	9.87e-10	6.4e-08	2.46	6.66e-16	5.08e-13	48725000.0	48875000.0	150000.0	3.2512e-20	4872	4887	chr17_4872_4887	False
chr17	14290000	14300000	chr17	14800000	14810000	.	33	.	.	3.11	5.43e-07	0.000341	3.68	2.6e-09	3.18e-06	14295000.0	14805000.0	510000.0	1.08438e-09	1429	1480	chr17_1429_1480	False
chr17	52380000	52390000	chr17	52580000	52590000	.	41	.	.	2.1	1.42e-05	0.00309	2.25	1.42e-05	0.00267	52385000.0	52585000.0	200000.0	8.2503e-06	5238	5258	chr17_5238_5258	False
chr17	68910000	68920000	chr17	69230000	69240000	.	93	.	.	2.16	3.79e-08	3.51e-06	2.38	4.05e-13	2.39e-10	68915000.0	69235000.0	320000.0	8.3889e-16	6891	6923	chr17_6891_6923	False
chr17	80430000	80440000	chr17	80910000	80920000	.	55	.	.	1.95	7.7e-05	0.00609	2.39	1.09e-07	3.73e-05	80435000.0	80915000.0	480000.0	2.27157e-07	8043	8091	chr17_8043_8091	False
chr17	58200000	58210000	chr17	58440000	58450000	.	84	.	.	1.79	7.31e-06	0.000387	2.07	7.31e-06	0.000514	58205000.0	58445000.0	240000.0	1.98918e-07	5820	5844	chr17_5820_5844	False
chr17	48250000	48260000	chr17	48590000	48600000	.	48	.	.	1.91	2.09e-05	0.00279	2.21	2.09e-05	0.00261	48255000.0	48595000.0	340000.0	7.2819e-06	4825	4859	chr17_4825_4859	False
chr17	28630000	28640000	chr17	28910000	28920000	.	49	.	.	2.16	1.04e-05	0.00154	1.97	1.04e-05	0.0015	28635000.0	28915000.0	280000.0	2.31e-06	2863	2891	chr17_2863_2891	False
chr17	14270000	14280000	chr17	14920000	14930000	.	38	.	.	2.44	8.32e-07	0.000426	2.26	0.000127	0.0135	14275000.0	14925000.0	650000.0	5.751e-06	1427	1492	chr17_1427_1492	False
chr17	51370000	51380000	chr17	51720000	51730000	.	37	.	.	1.9	0.000252	0.0286	2.23	0.000252	0.022	51375000.0	51725000.0	350000.0	0.0006292	5137	5172	chr17_5137_5172	False
chr17	54420000	54430000	chr17	54880000	54890000	.	39	.	.	2.27	6.27e-05	0.00963	2.06	6.27e-05	0.00783	54425000.0	54885000.0	460000.0	7.54029e-05	5442	5488	chr17_5442_5488	False
chr17	53030000	53040000	chr17	53560000	53570000	.	43	.	.	2.51	2.95e-06	0.000858	2.56	2.95e-06	0.000801	53035000.0	53565000.0	530000.0	6.87258e-07	5303	5356	chr17_5303_5356	False
chr17	69710000	69720000	chr17	70610000	70620000	.	31	.	.	2.25	0.000276	0.0458	2.21	0.000276	0.034	69715000.0	70615000.0	900000.0	0.0015572000000000001	6971	7061	chr17_6971_7061	False
chr17	54170000	54180000	chr17	54890000	54900000	.	35	.	.	2.5	1.17e-05	0.00392	2.27	1.17e-05	0.00369	54175000.0	54895000.0	720000.0	1.44648e-05	5417	5489	chr17_5417_5489	False
chr17	65430000	65440000	chr17	66160000	66170000	.	41	.	.	2.22	1.42e-05	0.00309	2.3	1.42e-05	0.00267	65435000.0	66165000.0	730000.0	8.2503e-06	6543	6616	chr17_6543_6616	False
chr17	72720000	72730000	chr17	73300000	73310000	.	39	.	.	2.12	6.27e-05	0.00963	2.22	6.27e-05	0.00783	72725000.0	73305000.0	580000.0	7.54029e-05	7272	7330	chr17_7272_7330	False
chr17	35450000	35460000	chr17	36930000	36940000	.	12	.	.	5.71	2.59e-06	0.00321	5.82	2.59e-06	0.00157	35455000.0	36935000.0	1480000.0	5.0397e-06	3545	3693	chr17_3545_3693	False
chr17	65230000	65240000	chr17	65550000	65560000	.	104	.	.	2.28	1.99e-11	3.6e-09	1.79	1.64e-06	8.67e-05	65235000.0	65555000.0	320000.0	3.1212000000000004e-13	6523	6555	chr17_6523_6555	False
chr17	33040000	33050000	chr17	33190000	33200000	.	96	.	.	1.84	7.37e-05	0.00187	2.03	5.43e-09	9.87e-07	33045000.0	33195000.0	150000.0	1.84569e-09	3304	3319	chr17_3304_3319	False
chr17	40620000	40630000	chr17	41660000	41670000	.	42	.	.	2.53	6.54e-06	0.00164	2.77	1.74e-08	1.63e-05	40625000.0	41665000.0	1040000.0	2.6731999999999997e-08	4062	4166	chr17_4062_4166	False
chr17	65050000	65060000	chr17	65190000	65200000	.	73	.	.	2.0	1.27e-06	0.000114	1.96	1.27e-06	0.000143	65055000.0	65195000.0	140000.0	1.6302000000000003e-08	6505	6519	chr17_6505_6519	False
chr17	19990000	20000000	chr17	20090000	20100000	.	94	.	.	2.14	2e-08	1.94e-06	1.88	2e-08	3.05e-06	19995000.0	20095000.0	100000.0	5.917e-12	1999	2009	chr17_1999_2009	False
chr17	64030000	64040000	chr17	64280000	64290000	.	71	.	.	2.07	4.36e-06	0.000333	2.02	4.36e-06	0.000412	64035000.0	64285000.0	250000.0	1.37196e-07	6403	6428	chr17_6403_6428	False
chr17	9960000	9970000	chr17	10610000	10620000	.	36	.	.	3.18	2.29e-08	2.17e-05	3.52	2.29e-08	2.37e-05	9965000.0	10615000.0	650000.0	5.1429e-10	996	1061	chr17_996_1061	False
chr17	77540000	77550000	chr17	77740000	77750000	.	101	.	.	1.76	7.32e-06	0.000236	2.04	1.75e-10	4.56e-08	77545000.0	77745000.0	200000.0	1.07616e-11	7754	7774	chr17_7754_7774	False
chr17	45720000	45730000	chr17	45830000	45840000	.	97	.	.	1.85	4.73e-05	0.00125	2.19	2.79e-09	5.52e-07	45725000.0	45835000.0	110000.0	6.9e-10	4572	4583	chr17_4572_4583	False
chr17	79800000	79810000	chr17	79910000	79920000	.	126	.	.	1.92	1.13e-06	3.45e-05	2.07	2.56e-12	4.13e-10	79805000.0	79915000.0	110000.0	1.42485e-14	7980	7991	chr17_7980_7991	False
chr17	56500000	56510000	chr17	56770000	56780000	.	67	.	.	2.08	4.36e-05	0.00241	1.78	4.36e-05	0.00266	56505000.0	56775000.0	270000.0	6.410599999999999e-06	5650	5677	chr17_5650_5677	False
chr17	77090000	77100000	chr17	77240000	77250000	.	122	.	.	2.25	3.91e-11	3.19e-09	1.94	3.91e-11	5.16e-09	77095000.0	77245000.0	150000.0	1.6460400000000002e-17	7709	7724	chr17_7709_7724	False
chr17	77010000	77020000	chr17	77250000	77260000	.	58	.	.	2.03	1.22e-05	0.00137	1.84	1.22e-05	0.00128	77015000.0	77255000.0	240000.0	1.7536e-06	7701	7725	chr17_7701_7725	False
chr17	43780000	43790000	chr17	43860000	43870000	.	133	.	.	2.08	1.62e-14	2.02e-12	2.08	1.62e-14	2.02e-12	43785000.0	43865000.0	80000.0	4.0804e-24	4378	4386	chr17_4378_4386	False
chr17	75050000	75060000	chr17	75110000	75120000	.	243	.	.	2.07	0.0	0.0	2.07	0.0	0.0	75055000.0	75115000.0	60000.0	0.0	7505	7511	chr17_7505_7511	False
chr17	59310000	59320000	chr17	59740000	59750000	.	57	.	.	1.89	2.29e-05	0.00236	2.06	2.29e-05	0.00222	59315000.0	59745000.0	430000.0	5.239200000000001e-06	5931	5974	chr17_5931_5974	False
chr17	70200000	70210000	chr17	70550000	70560000	.	54	.	.	1.94	0.000138	0.00963	2.48	2.44e-07	7.3e-05	70205000.0	70555000.0	350000.0	7.029899999999999e-07	7020	7055	chr17_7020_7055	False
chr17	35450000	35460000	chr17	37040000	37050000	.	8	.	.	8.86	1.13e-06	0.00169	7.83	7.14e-06	0.00492	35455000.0	37045000.0	1590000.0	8.3148e-06	3545	3704	chr17_3545_3704	False
chr17	73430000	73440000	chr17	73570000	73580000	.	115	.	.	2.02	3.39e-09	2.06e-07	2.04	3.39e-09	3.2e-07	73435000.0	73575000.0	140000.0	6.592e-14	7343	7357	chr17_7343_7357	False
chr17	77890000	77900000	chr17	78010000	78020000	.	146	.	.	2.16	2.19e-11	1.56e-09	1.91	2.19e-11	2.23e-09	77895000.0	78015000.0	120000.0	3.4787999999999995e-18	7789	7801	chr17_7789_7801	False
chr17	60720000	60730000	chr17	60960000	60970000	.	93	.	.	2.02	3.79e-08	3.51e-06	2.03	3.79e-08	5.25e-06	60725000.0	60965000.0	240000.0	1.84275e-11	6072	6096	chr17_6072_6096	False
chr17	79100000	79110000	chr17	79250000	79260000	.	47	.	.	1.87	4.12e-05	0.00496	2.71	9.81e-08	4.71e-05	79105000.0	79255000.0	150000.0	2.33616e-07	7910	7925	chr17_7910_7925	False
chr17	48180000	48190000	chr17	48590000	48600000	.	46	.	.	1.87	7.95e-05	0.00829	2.3	2.37e-07	9.88e-05	48185000.0	48595000.0	410000.0	8.190520000000001e-07	4818	4859	chr17_4818_4859	False
chr17	10870000	10880000	chr17	11960000	11970000	.	53	.	.	2.85	3.3e-10	3.67e-07	2.69	3.3e-10	4.01e-07	10875000.0	11965000.0	1090000.0	1.47167e-13	1087	1196	chr17_1087_1196	False
chr17	73580000	73590000	chr17	73950000	73960000	.	46	.	.	2.14	7.95e-05	0.00829	2.29	2.37e-07	9.88e-05	73585000.0	73955000.0	370000.0	8.190520000000001e-07	7358	7395	chr17_7358_7395	False
chr17	56500000	56510000	chr17	56580000	56590000	.	122	.	.	2.15	3.91e-11	3.19e-09	2.15	3.91e-11	3.19e-09	56505000.0	56585000.0	80000.0	1.01761e-17	5650	5658	chr17_5650_5658	False
chr17	68300000	68310000	chr17	68750000	68760000	.	48	.	.	2.04	2.09e-05	0.00279	2.18	2.09e-05	0.00261	68305000.0	68755000.0	450000.0	7.2819e-06	6830	6875	chr17_6830_6875	False
chr17	60390000	60400000	chr17	63820000	63830000	.	9	.	.	8.64	8.89e-07	0.00112	10.0	1.11e-07	0.00019	60395000.0	63825000.0	3430000.0	2.128e-07	6039	6382	chr17_6039_6382	False
chr17	40800000	40810000	chr17	41320000	41330000	.	52	.	.	2.18	1.16e-06	0.000243	2.19	1.16e-06	0.000268	40805000.0	41325000.0	520000.0	6.512400000000001e-08	4080	4132	chr17_4080_4132	False
chr17	73590000	73600000	chr17	73710000	73720000	.	84	.	.	2.06	7.31e-06	0.000387	2.22	6.01e-10	1.99e-07	73595000.0	73715000.0	120000.0	7.701299999999999e-11	7359	7371	chr17_7359_7371	False
chr17	40850000	40860000	chr17	41540000	41550000	.	65	.	.	2.29	9.63e-08	2.08e-05	2.24	9.63e-08	2.32e-05	40855000.0	41545000.0	690000.0	4.8256e-10	4085	4154	chr17_4085_4154	False
chr17	20630000	20640000	chr17	20780000	20790000	.	42	.	.	2.09	6.54e-06	0.00164	2.57	6.54e-06	0.00144	20635000.0	20785000.0	150000.0	2.3616e-06	2063	2078	chr17_2063_2078	False
chr17	73650000	73660000	chr17	73950000	73960000	.	76	.	.	2.25	1.83e-07	1.99e-05	2.49	1.16e-11	7.97e-09	73655000.0	73955000.0	300000.0	1.58603e-13	7365	7395	chr17_7365_7395	False
chr17	73580000	73590000	chr17	73640000	73650000	.	106	.	.	2.06	5.75e-07	2.38e-05	2.06	5.75e-07	2.38e-05	73585000.0	73645000.0	60000.0	5.6644e-10	7358	7364	chr17_7358_7364	False
chr17	12390000	12400000	chr17	12660000	12670000	.	71	.	.	1.84	4.36e-06	0.000333	2.65	8.58e-10	3.7e-07	12395000.0	12665000.0	270000.0	1.2321e-10	1239	1266	chr17_1239_1266	False
chr17	51900000	51910000	chr17	52100000	52110000	.	95	.	.	2.0	1.05e-08	1.06e-06	2.36	7.12e-14	4.85e-11	51905000.0	52105000.0	200000.0	5.141e-17	5190	5210	chr17_5190_5210	False
chr17	1270000	1280000	chr17	1640000	1650000	.	40	.	.	2.32	3.02e-05	0.00533	2.14	3.02e-05	0.00457	1275000.0	1645000.0	370000.0	2.43581e-05	127	164	chr17_127_164	False
chr17	44920000	44930000	chr17	45120000	45130000	.	78	.	.	2.18	4.7e-08	5.76e-06	2.1	4.7e-08	8.11e-06	44925000.0	45125000.0	200000.0	4.67136e-11	4492	4512	chr17_4492_4512	False
chr17	53030000	53040000	chr17	53420000	53430000	.	49	.	.	2.19	1.04e-05	0.00154	2.37	1.04e-05	0.0015	53035000.0	53425000.0	390000.0	2.31e-06	5303	5342	chr17_5303_5342	False
chr17	70160000	70170000	chr17	70550000	70560000	.	60	.	.	1.93	3.31e-06	0.000458	2.15	3.31e-06	0.000449	70165000.0	70555000.0	390000.0	2.05642e-07	7016	7055	chr17_7016_7055	False
chr17	29800000	29810000	chr17	30080000	30090000	.	70	.	.	2.04	7.92e-06	0.00056	1.95	7.92e-06	0.000653	29805000.0	30085000.0	280000.0	3.6568e-07	2980	3008	chr17_2980_3008	False
chr17	38520000	38530000	chr17	38660000	38670000	.	112	.	.	1.97	2.03e-08	1.09e-06	2.09	2.03e-08	1.62e-06	38525000.0	38665000.0	140000.0	1.7657999999999998e-12	3852	3866	chr17_3852_3866	False
chr17	56590000	56600000	chr17	56650000	56660000	.	107	.	.	2.01	3.37e-07	1.47e-05	2.01	3.37e-07	1.47e-05	56595000.0	56655000.0	60000.0	2.1609e-10	5659	5665	chr17_5659_5665	False
chr17	7740000	7750000	chr17	8050000	8060000	.	49	.	.	2.41	1.04e-05	0.00154	2.06	1.04e-05	0.0015	7745000.0	8055000.0	310000.0	2.31e-06	774	805	chr17_774_805	False
chr17	32000000	32010000	chr17	32130000	32140000	.	127	.	.	2.23	1.27e-12	1.29e-10	2.16	1.27e-12	2.21e-10	32005000.0	32135000.0	130000.0	2.8509e-20	3200	3213	chr17_3200_3213	False
chr17	72500000	72510000	chr17	73780000	73790000	.	12	.	.	5.39	2.59e-06	0.00321	5.73	2.59e-06	0.00157	72505000.0	73785000.0	1280000.0	5.0397e-06	7250	7378	chr17_7250_7378	False
chr17	4560000	4570000	chr17	4900000	4910000	.	35	.	.	2.49	1.17e-05	0.00392	2.36	1.17e-05	0.00369	4565000.0	4905000.0	340000.0	1.44648e-05	456	490	chr17_456_490	False
chr17	6840000	6850000	chr17	6890000	6900000	.	203	.	.	2.01	0.0	0.0	2.01	0.0	0.0	6845000.0	6895000.0	50000.0	0.0	684	689	chr17_684_689	False
chr17	53640000	53650000	chr17	54160000	54170000	.	54	.	.	2.03	0.000138	0.00963	2.37	2.44e-07	7.3e-05	53645000.0	54165000.0	520000.0	7.029899999999999e-07	5364	5416	chr17_5364_5416	False
chr17	19360000	19370000	chr17	19630000	19640000	.	59	.	.	1.84	6.41e-06	0.000834	2.15	6.41e-06	0.000781	19365000.0	19635000.0	270000.0	6.51354e-07	1936	1963	chr17_1936_1963	False
chr17	4980000	4990000	chr17	5060000	5070000	.	142	.	.	2.39	0.0	0.0	2.39	0.0	0.0	4985000.0	5065000.0	80000.0	0.0	498	506	chr17_498_506	False
chr17	32250000	32260000	chr17	32440000	32450000	.	65	.	.	1.84	0.000127	0.00582	2.12	9.63e-08	2.32e-05	32255000.0	32445000.0	190000.0	1.35024e-07	3225	3244	chr17_3225_3244	False
chr17	68170000	68180000	chr17	68460000	68470000	.	74	.	.	2.31	6.74e-11	2.84e-08	2.0	6.75e-07	8.19e-05	68175000.0	68465000.0	290000.0	2.32596e-12	6817	6846	chr17_6817_6846	False
chr17	57000000	57010000	chr17	57740000	57750000	.	51	.	.	2.15	2.45e-06	0.000456	2.3	2.45e-06	0.000482	57005000.0	57745000.0	740000.0	2.1979200000000001e-07	5700	5774	chr17_5700_5774	False
chr17	66200000	66210000	chr17	66820000	66830000	.	40	.	.	2.16	3.02e-05	0.00533	2.14	3.02e-05	0.00457	66205000.0	66825000.0	620000.0	2.43581e-05	6620	6682	chr17_6620_6682	False
chr17	55840000	55850000	chr17	56120000	56130000	.	90	.	.	2.25	5.09e-12	1.39e-09	1.98	2.41e-07	2.74e-05	55845000.0	56125000.0	280000.0	3.8086e-14	5584	5612	chr17_5584_5612	False
chr17	73590000	73600000	chr17	73840000	73850000	.	57	.	.	1.9	2.29e-05	0.00236	2.01	2.29e-05	0.00222	73595000.0	73845000.0	250000.0	5.239200000000001e-06	7359	7384	chr17_7359_7384	False
chr17	79510000	79520000	chr17	79700000	79710000	.	43	.	.	2.28	2.95e-06	0.000858	2.45	2.95e-06	0.000801	79515000.0	79705000.0	190000.0	6.87258e-07	7951	7970	chr17_7951_7970	False
chr17	65270000	65280000	chr17	65790000	65800000	.	85	.	.	1.92	4.25e-06	0.000249	2.48	2.79e-10	9.88e-08	65275000.0	65795000.0	520000.0	2.46012e-11	6527	6579	chr17_6527_6579	False
chr17	51320000	51330000	chr17	51530000	51540000	.	125	.	.	2.06	5.13e-12	4.71e-10	2.23	5.13e-12	7.6e-10	51325000.0	51535000.0	210000.0	3.5796e-19	5132	5153	chr17_5132_5153	False
chr17	19460000	19470000	chr17	19640000	19650000	.	67	.	.	2.0	4.36e-05	0.00241	2.3	2.11e-08	6.09e-06	19465000.0	19645000.0	180000.0	1.46769e-08	1946	1964	chr17_1946_1964	False
chr17	58110000	58120000	chr17	58450000	58460000	.	58	.	.	2.12	1.22e-05	0.00137	2.15	1.22e-05	0.00128	58115000.0	58455000.0	340000.0	1.7536e-06	5811	5845	chr17_5811_5845	False
chr17	55300000	55310000	chr17	55510000	55520000	.	62	.	.	2.11	8.41e-07	0.000139	1.99	8.41e-07	0.000144	55305000.0	55515000.0	210000.0	2.0016e-08	5530	5551	chr17_5530_5551	False
chr17	71470000	71480000	chr17	72110000	72120000	.	45	.	.	3.31	7.56e-10	7.92e-07	2.93	7.56e-10	1.04e-06	71475000.0	72115000.0	640000.0	8.2368e-13	7147	7211	chr17_7147_7211	False
chr17	73430000	73440000	chr17	73640000	73650000	.	76	.	.	2.11	1.83e-07	1.99e-05	2.02	1.83e-07	2.73e-05	73435000.0	73645000.0	210000.0	5.432699999999999e-10	7343	7364	chr17_7343_7364	False
chr17	75050000	75060000	chr17	75200000	75210000	.	136	.	.	2.02	7.08e-09	3.29e-07	1.94	7.08e-09	4.72e-07	75055000.0	75205000.0	150000.0	1.55288e-13	7505	7520	chr17_7505_7520	False
chr17	35980000	35990000	chr17	36060000	36070000	.	128	.	.	2.01	6.27e-13	6.57e-11	2.01	6.27e-13	6.57e-11	35985000.0	36065000.0	80000.0	4.31649e-21	3598	3606	chr17_3598_3606	False
chr17	45220000	45230000	chr17	45380000	45390000	.	102	.	.	2.09	8.55e-11	1.33e-08	1.92	4.48e-06	0.000212	45225000.0	45385000.0	160000.0	2.8196000000000002e-12	4522	4538	chr17_4522_4538	False
chr17	48380000	48390000	chr17	48590000	48600000	.	71	.	.	1.85	4.36e-06	0.000333	2.56	8.58e-10	3.7e-07	48385000.0	48595000.0	210000.0	1.2321e-10	4838	4859	chr17_4838_4859	False
chr17	65210000	65220000	chr17	65980000	65990000	.	71	.	.	2.15	4.36e-06	0.000333	1.86	4.36e-06	0.000412	65215000.0	65985000.0	770000.0	1.37196e-07	6521	6598	chr17_6521_6598	False
chr17	32060000	32070000	chr17	32130000	32140000	.	123	.	.	2.14	2e-11	1.68e-09	2.14	2e-11	1.68e-09	32065000.0	32135000.0	70000.0	2.8224e-18	3206	3213	chr17_3206_3213	False
