chrom	sample1	sample1_start	sample1_end	sample1_dist_upstream	sample1_dist_downstream	sample1_adaptive_threshold	sample2	sample2_start	sample2_end	sample2_dist_upstream	sample2_dist_downstream	sample2_adaptive_threshold	distance	direction	abs_distance	min_threshold
chr17	hiPSC_nor	400000.0	410000.0	inf	310000.0	inf	hiPSC_var	400000.0	410000.0	80000.0	300000.0	40000.0	0.0	No_shift	0.0	40000.0
chr17	hiPSC_nor	720000.0	730000.0	310000.0	260000.0	130000.0	hiPSC_var	710000.0	720000.0	300000.0	260000.0	130000.0	-10000.0	Upstream	10000.0	130000.0
chr17	hiPSC_nor	990000.0	1000000.0	260000.0	260000.0	130000.0	hiPSC_var	980000.0	990000.0	260000.0	270000.0	130000.0	-10000.0	Upstream	10000.0	130000.0
chr17	hiPSC_nor	1260000.0	1270000.0	260000.0	70000.0	35000.0	hiPSC_var	1260000.0	1270000.0	270000.0	60000.0	30000.0	0.0	No_shift	0.0	30000.0
chr17	hiPSC_nor	1340000.0	1350000.0	70000.0	200000.0	35000.0	hiPSC_var	1330000.0	1340000.0	60000.0	210000.0	30000.0	-10000.0	Upstream	10000.0	30000.0
chr17	hiPSC_nor	1550000.0	1560000.0	200000.0	80000.0	40000.0	hiPSC_var	1550000.0	1560000.0	210000.0	80000.0	40000.0	0.0	No_shift	0.0	40000.0
chr17	hiPSC_nor	1640000.0	1650000.0	80000.0	240000.0	40000.0	hiPSC_var	1640000.0	1650000.0	80000.0	60000.0	30000.0	0.0	No_shift	0.0	30000.0
chr17	hiPSC_nor	1890000.0	1900000.0	240000.0	140000.0	70000.0	hiPSC_var	1900000.0	1910000.0	180000.0	140000.0	70000.0	10000.0	Downstream	10000.0	70000.0
chr17	hiPSC_nor	2040000.0	2050000.0	140000.0	240000.0	70000.0	hiPSC_var	2050000.0	2060000.0	140000.0	360000.0	70000.0	10000.0	Downstream	10000.0	70000.0
chr17	hiPSC_nor	2290000.0	2300000.0	240000.0	120000.0	60000.0	hiPSC_var	2420000.0	2430000.0	360000.0	80000.0	40000.0	130000.0	Downstream	130000.0	40000.0
chr17	hiPSC_nor	2420000.0	2430000.0	120000.0	260000.0	60000.0	hiPSC_var	2420000.0	2430000.0	360000.0	80000.0	40000.0	0.0	No_shift	0.0	40000.0
chr17	hiPSC_nor	2690000.0	2700000.0	260000.0	130000.0	65000.0	hiPSC_var	2680000.0	2690000.0	160000.0	140000.0	70000.0	-10000.0	Upstream	10000.0	65000.0
chr17	hiPSC_nor	2830000.0	2840000.0	130000.0	200000.0	65000.0	hiPSC_var	2830000.0	2840000.0	140000.0	600000.0	70000.0	0.0	No_shift	0.0	65000.0
chr17	hiPSC_nor	3040000.0	3050000.0	200000.0	380000.0	100000.0	hiPSC_var	2830000.0	2840000.0	140000.0	600000.0	70000.0	-210000.0	Upstream	210000.0	70000.0
chr17	hiPSC_nor	3430000.0	3440000.0	380000.0	230000.0	115000.0	hiPSC_var	3440000.0	3450000.0	600000.0	80000.0	40000.0	10000.0	Downstream	10000.0	40000.0
chr17	hiPSC_nor	3670000.0	3680000.0	230000.0	150000.0	75000.0	hiPSC_var	3670000.0	3680000.0	130000.0	160000.0	65000.0	0.0	No_shift	0.0	65000.0
chr17	hiPSC_nor	3830000.0	3840000.0	150000.0	70000.0	35000.0	hiPSC_var	3840000.0	3850000.0	160000.0	60000.0	30000.0	10000.0	Downstream	10000.0	30000.0
chr17	hiPSC_nor	3910000.0	3920000.0	70000.0	90000.0	35000.0	hiPSC_var	3910000.0	3920000.0	60000.0	90000.0	30000.0	0.0	No_shift	0.0	30000.0
chr17	hiPSC_nor	4010000.0	4020000.0	90000.0	390000.0	45000.0	hiPSC_var	4010000.0	4020000.0	90000.0	170000.0	45000.0	0.0	No_shift	0.0	45000.0
chr17	hiPSC_nor	4410000.0	4420000.0	390000.0	130000.0	65000.0	hiPSC_var	4410000.0	4420000.0	210000.0	130000.0	65000.0	0.0	No_shift	0.0	65000.0
chr17	hiPSC_nor	4550000.0	4560000.0	130000.0	150000.0	65000.0	hiPSC_var	4550000.0	4560000.0	130000.0	70000.0	35000.0	0.0	No_shift	0.0	35000.0
chr17	hiPSC_nor	4710000.0	4720000.0	150000.0	80000.0	40000.0	hiPSC_var	4710000.0	4720000.0	70000.0	80000.0	35000.0	0.0	No_shift	0.0	35000.0
chr17	hiPSC_nor	4800000.0	4810000.0	80000.0	80000.0	40000.0	hiPSC_var	4800000.0	4810000.0	80000.0	80000.0	40000.0	0.0	No_shift	0.0	40000.0
chr17	hiPSC_nor	4890000.0	4900000.0	80000.0	70000.0	35000.0	hiPSC_var	4890000.0	4900000.0	80000.0	180000.0	40000.0	0.0	No_shift	0.0	35000.0
chr17	hiPSC_nor	4970000.0	4980000.0	70000.0	110000.0	35000.0	hiPSC_var	4890000.0	4900000.0	80000.0	180000.0	40000.0	-80000.0	Upstream	80000.0	35000.0
chr17	hiPSC_nor	5090000.0	5100000.0	110000.0	140000.0	55000.0	hiPSC_var	5080000.0	5090000.0	180000.0	100000.0	50000.0	-10000.0	Upstream	10000.0	50000.0
chr17	hiPSC_nor	5240000.0	5250000.0	140000.0	60000.0	30000.0	hiPSC_var	5190000.0	5200000.0	100000.0	380000.0	50000.0	-50000.0	Upstream	50000.0	30000.0
chr17	hiPSC_nor	5310000.0	5320000.0	60000.0	150000.0	30000.0	hiPSC_var	5190000.0	5200000.0	100000.0	380000.0	50000.0	-120000.0	Upstream	120000.0	30000.0
chr17	hiPSC_nor	5470000.0	5480000.0	150000.0	100000.0	50000.0	hiPSC_var	5580000.0	5590000.0	380000.0	120000.0	60000.0	110000.0	Downstream	110000.0	50000.0
chr17	hiPSC_nor	5580000.0	5590000.0	100000.0	120000.0	50000.0	hiPSC_var	5580000.0	5590000.0	380000.0	120000.0	60000.0	0.0	No_shift	0.0	50000.0
chr17	hiPSC_nor	5710000.0	5720000.0	120000.0	340000.0	60000.0	hiPSC_var	5710000.0	5720000.0	120000.0	340000.0	60000.0	0.0	No_shift	0.0	60000.0
chr17	hiPSC_nor	6060000.0	6070000.0	340000.0	200000.0	100000.0	hiPSC_var	6060000.0	6070000.0	340000.0	210000.0	105000.0	0.0	No_shift	0.0	100000.0
chr17	hiPSC_nor	6270000.0	6280000.0	200000.0	150000.0	75000.0	hiPSC_var	6280000.0	6290000.0	210000.0	140000.0	70000.0	10000.0	Downstream	10000.0	70000.0
chr17	hiPSC_nor	6430000.0	6440000.0	150000.0	210000.0	75000.0	hiPSC_var	6430000.0	6440000.0	140000.0	130000.0	65000.0	0.0	No_shift	0.0	65000.0
chr17	hiPSC_nor	6650000.0	6660000.0	210000.0	240000.0	105000.0	hiPSC_var	6650000.0	6660000.0	70000.0	240000.0	35000.0	0.0	No_shift	0.0	35000.0
chr17	hiPSC_nor	6900000.0	6910000.0	240000.0	120000.0	60000.0	hiPSC_var	6900000.0	6910000.0	240000.0	120000.0	60000.0	0.0	No_shift	0.0	60000.0
chr17	hiPSC_nor	7030000.0	7040000.0	120000.0	140000.0	60000.0	hiPSC_var	7030000.0	7040000.0	120000.0	150000.0	60000.0	0.0	No_shift	0.0	60000.0
chr17	hiPSC_nor	7180000.0	7190000.0	140000.0	150000.0	70000.0	hiPSC_var	7190000.0	7200000.0	150000.0	140000.0	70000.0	10000.0	Downstream	10000.0	70000.0
chr17	hiPSC_nor	7340000.0	7350000.0	150000.0	140000.0	70000.0	hiPSC_var	7340000.0	7350000.0	140000.0	80000.0	40000.0	0.0	No_shift	0.0	40000.0
chr17	hiPSC_nor	7490000.0	7500000.0	140000.0	70000.0	35000.0	hiPSC_var	7430000.0	7440000.0	80000.0	130000.0	40000.0	-60000.0	Upstream	60000.0	35000.0
chr17	hiPSC_nor	7570000.0	7580000.0	70000.0	140000.0	35000.0	hiPSC_var	7570000.0	7580000.0	130000.0	140000.0	65000.0	0.0	No_shift	0.0	35000.0
chr17	hiPSC_nor	7720000.0	7730000.0	140000.0	90000.0	45000.0	hiPSC_var	7720000.0	7730000.0	140000.0	110000.0	55000.0	0.0	No_shift	0.0	45000.0
chr17	hiPSC_nor	7820000.0	7830000.0	90000.0	150000.0	45000.0	hiPSC_var	7840000.0	7850000.0	110000.0	140000.0	55000.0	20000.0	Downstream	20000.0	45000.0
chr17	hiPSC_nor	7980000.0	7990000.0	150000.0	60000.0	30000.0	hiPSC_var	7990000.0	8000000.0	140000.0	50000.0	25000.0	10000.0	Downstream	10000.0	25000.0
chr17	hiPSC_nor	8050000.0	8060000.0	60000.0	60000.0	30000.0	hiPSC_var	8050000.0	8060000.0	50000.0	60000.0	25000.0	0.0	No_shift	0.0	25000.0
chr17	hiPSC_nor	8120000.0	8130000.0	60000.0	90000.0	30000.0	hiPSC_var	8120000.0	8130000.0	60000.0	250000.0	30000.0	0.0	No_shift	0.0	30000.0
chr17	hiPSC_nor	8220000.0	8230000.0	90000.0	70000.0	35000.0	hiPSC_var	8120000.0	8130000.0	60000.0	250000.0	30000.0	-100000.0	Upstream	100000.0	30000.0
chr17	hiPSC_nor	8300000.0	8310000.0	70000.0	70000.0	35000.0	hiPSC_var	8380000.0	8390000.0	250000.0	240000.0	120000.0	80000.0	Downstream	80000.0	35000.0
chr17	hiPSC_nor	8380000.0	8390000.0	70000.0	240000.0	35000.0	hiPSC_var	8380000.0	8390000.0	250000.0	240000.0	120000.0	0.0	No_shift	0.0	35000.0
chr17	hiPSC_nor	8630000.0	8640000.0	240000.0	150000.0	75000.0	hiPSC_var	8630000.0	8640000.0	240000.0	150000.0	75000.0	0.0	No_shift	0.0	75000.0
chr17	hiPSC_nor	8790000.0	8800000.0	150000.0	90000.0	45000.0	hiPSC_var	8790000.0	8800000.0	150000.0	90000.0	45000.0	0.0	No_shift	0.0	45000.0
chr17	hiPSC_nor	8890000.0	8900000.0	90000.0	90000.0	45000.0	hiPSC_var	8890000.0	8900000.0	90000.0	90000.0	45000.0	0.0	No_shift	0.0	45000.0
chr17	hiPSC_nor	8990000.0	9000000.0	90000.0	110000.0	45000.0	hiPSC_var	8990000.0	9000000.0	90000.0	560000.0	45000.0	0.0	No_shift	0.0	45000.0
chr17	hiPSC_nor	9110000.0	9120000.0	110000.0	430000.0	55000.0	hiPSC_var	8990000.0	9000000.0	90000.0	560000.0	45000.0	-120000.0	Upstream	120000.0	45000.0
chr17	hiPSC_nor	9550000.0	9560000.0	430000.0	150000.0	75000.0	hiPSC_var	9560000.0	9570000.0	560000.0	140000.0	70000.0	10000.0	Downstream	10000.0	70000.0
chr17	hiPSC_nor	9710000.0	9720000.0	150000.0	180000.0	75000.0	hiPSC_var	9710000.0	9720000.0	140000.0	180000.0	70000.0	0.0	No_shift	0.0	70000.0
chr17	hiPSC_nor	9900000.0	9910000.0	180000.0	70000.0	35000.0	hiPSC_var	9900000.0	9910000.0	180000.0	80000.0	40000.0	0.0	No_shift	0.0	35000.0
chr17	hiPSC_nor	9980000.0	9990000.0	70000.0	290000.0	35000.0	hiPSC_var	9990000.0	10000000.0	80000.0	280000.0	40000.0	10000.0	Downstream	10000.0	35000.0
chr17	hiPSC_nor	10280000.0	10290000.0	290000.0	330000.0	145000.0	hiPSC_var	10280000.0	10290000.0	280000.0	330000.0	140000.0	0.0	No_shift	0.0	140000.0
chr17	hiPSC_nor	10620000.0	10630000.0	330000.0	100000.0	50000.0	hiPSC_var	10620000.0	10630000.0	330000.0	90000.0	45000.0	0.0	No_shift	0.0	45000.0
chr17	hiPSC_nor	10730000.0	10740000.0	100000.0	120000.0	50000.0	hiPSC_var	10720000.0	10730000.0	90000.0	140000.0	45000.0	-10000.0	Upstream	10000.0	45000.0
chr17	hiPSC_nor	10860000.0	10870000.0	120000.0	1120000.0	60000.0	hiPSC_var	10870000.0	10880000.0	140000.0	250000.0	70000.0	10000.0	Downstream	10000.0	60000.0
chr17	hiPSC_nor	11990000.0	12000000.0	1120000.0	170000.0	85000.0	hiPSC_var	11990000.0	12000000.0	320000.0	180000.0	90000.0	0.0	No_shift	0.0	85000.0
chr17	hiPSC_nor	12170000.0	12180000.0	170000.0	70000.0	35000.0	hiPSC_var	12180000.0	12190000.0	180000.0	350000.0	90000.0	10000.0	Downstream	10000.0	35000.0
chr17	hiPSC_nor	12250000.0	12260000.0	70000.0	270000.0	35000.0	hiPSC_var	12180000.0	12190000.0	180000.0	350000.0	90000.0	-70000.0	Upstream	70000.0	35000.0
chr17	hiPSC_nor	12530000.0	12540000.0	270000.0	120000.0	60000.0	hiPSC_var	12540000.0	12550000.0	350000.0	110000.0	55000.0	10000.0	Downstream	10000.0	55000.0
chr17	hiPSC_nor	12660000.0	12670000.0	120000.0	70000.0	35000.0	hiPSC_var	12660000.0	12670000.0	110000.0	70000.0	35000.0	0.0	No_shift	0.0	35000.0
chr17	hiPSC_nor	12740000.0	12750000.0	70000.0	270000.0	35000.0	hiPSC_var	12740000.0	12750000.0	70000.0	270000.0	35000.0	0.0	No_shift	0.0	35000.0
chr17	hiPSC_nor	13020000.0	13030000.0	270000.0	280000.0	135000.0	hiPSC_var	13020000.0	13030000.0	270000.0	80000.0	40000.0	0.0	No_shift	0.0	40000.0
chr17	hiPSC_nor	13310000.0	13320000.0	280000.0	270000.0	135000.0	hiPSC_var	13320000.0	13330000.0	200000.0	260000.0	100000.0	10000.0	Downstream	10000.0	100000.0
chr17	hiPSC_nor	13590000.0	13600000.0	270000.0	690000.0	135000.0	hiPSC_var	13590000.0	13600000.0	260000.0	690000.0	130000.0	0.0	No_shift	0.0	130000.0
chr17	hiPSC_nor	14290000.0	14300000.0	690000.0	510000.0	255000.0	hiPSC_var	14290000.0	14300000.0	690000.0	260000.0	130000.0	0.0	No_shift	0.0	130000.0
chr17	hiPSC_nor	14810000.0	14820000.0	510000.0	110000.0	55000.0	hiPSC_var	14810000.0	14820000.0	240000.0	110000.0	55000.0	0.0	No_shift	0.0	55000.0
chr17	hiPSC_nor	14930000.0	14940000.0	110000.0	300000.0	55000.0	hiPSC_var	14930000.0	14940000.0	110000.0	290000.0	55000.0	0.0	No_shift	0.0	55000.0
chr17	hiPSC_nor	15240000.0	15250000.0	300000.0	280000.0	140000.0	hiPSC_var	15230000.0	15240000.0	290000.0	300000.0	145000.0	-10000.0	Upstream	10000.0	140000.0
chr17	hiPSC_nor	15530000.0	15540000.0	280000.0	270000.0	135000.0	hiPSC_var	15540000.0	15550000.0	300000.0	260000.0	130000.0	10000.0	Downstream	10000.0	130000.0
chr17	hiPSC_nor	15810000.0	15820000.0	270000.0	180000.0	90000.0	hiPSC_var	15810000.0	15820000.0	260000.0	180000.0	90000.0	0.0	No_shift	0.0	90000.0
chr17	hiPSC_nor	16000000.0	16010000.0	180000.0	340000.0	90000.0	hiPSC_var	16000000.0	16010000.0	180000.0	340000.0	90000.0	0.0	No_shift	0.0	90000.0
chr17	hiPSC_nor	16350000.0	16360000.0	340000.0	80000.0	40000.0	hiPSC_var	16350000.0	16360000.0	340000.0	80000.0	40000.0	0.0	No_shift	0.0	40000.0
chr17	hiPSC_nor	16440000.0	16450000.0	80000.0	80000.0	40000.0	hiPSC_var	16440000.0	16450000.0	80000.0	80000.0	40000.0	0.0	No_shift	0.0	40000.0
chr17	hiPSC_nor	16530000.0	16540000.0	80000.0	150000.0	40000.0	hiPSC_var	16530000.0	16540000.0	80000.0	140000.0	40000.0	0.0	No_shift	0.0	40000.0
chr17	hiPSC_nor	16690000.0	16700000.0	150000.0	190000.0	75000.0	hiPSC_var	16680000.0	16690000.0	140000.0	310000.0	70000.0	-10000.0	Upstream	10000.0	70000.0
chr17	hiPSC_nor	16890000.0	16900000.0	190000.0	90000.0	45000.0	hiPSC_var	17000000.0	17010000.0	310000.0	150000.0	75000.0	110000.0	Downstream	110000.0	45000.0
chr17	hiPSC_nor	16990000.0	17000000.0	90000.0	340000.0	45000.0	hiPSC_var	17000000.0	17010000.0	310000.0	150000.0	75000.0	10000.0	Downstream	10000.0	45000.0
chr17	hiPSC_nor	17340000.0	17350000.0	340000.0	140000.0	70000.0	hiPSC_var	17340000.0	17350000.0	170000.0	140000.0	70000.0	0.0	No_shift	0.0	70000.0
chr17	hiPSC_nor	17490000.0	17500000.0	140000.0	80000.0	40000.0	hiPSC_var	17490000.0	17500000.0	140000.0	80000.0	40000.0	0.0	No_shift	0.0	40000.0
chr17	hiPSC_nor	17580000.0	17590000.0	80000.0	70000.0	35000.0	hiPSC_var	17580000.0	17590000.0	80000.0	70000.0	35000.0	0.0	No_shift	0.0	35000.0
chr17	hiPSC_nor	17660000.0	17670000.0	70000.0	120000.0	35000.0	hiPSC_var	17660000.0	17670000.0	70000.0	120000.0	35000.0	0.0	No_shift	0.0	35000.0
chr17	hiPSC_nor	17790000.0	17800000.0	120000.0	240000.0	60000.0	hiPSC_var	17790000.0	17800000.0	120000.0	240000.0	60000.0	0.0	No_shift	0.0	60000.0
chr17	hiPSC_nor	18040000.0	18050000.0	240000.0	440000.0	120000.0	hiPSC_var	18040000.0	18050000.0	240000.0	170000.0	85000.0	0.0	No_shift	0.0	85000.0
chr17	hiPSC_nor	18490000.0	18500000.0	440000.0	120000.0	60000.0	hiPSC_var	18690000.0	18700000.0	460000.0	90000.0	45000.0	200000.0	Downstream	200000.0	45000.0
chr17	hiPSC_nor	18620000.0	18630000.0	120000.0	60000.0	30000.0	hiPSC_var	18690000.0	18700000.0	460000.0	90000.0	45000.0	70000.0	Downstream	70000.0	30000.0
chr17	hiPSC_nor	18690000.0	18700000.0	60000.0	90000.0	30000.0	hiPSC_var	18690000.0	18700000.0	460000.0	90000.0	45000.0	0.0	No_shift	0.0	30000.0
chr17	hiPSC_nor	18790000.0	18800000.0	90000.0	560000.0	45000.0	hiPSC_var	18790000.0	18800000.0	90000.0	550000.0	45000.0	0.0	No_shift	0.0	45000.0
chr17	hiPSC_nor	19360000.0	19370000.0	560000.0	140000.0	70000.0	hiPSC_var	19350000.0	19360000.0	550000.0	150000.0	75000.0	-10000.0	Upstream	10000.0	70000.0
chr17	hiPSC_nor	19510000.0	19520000.0	140000.0	250000.0	70000.0	hiPSC_var	19510000.0	19520000.0	150000.0	60000.0	30000.0	0.0	No_shift	0.0	30000.0
chr17	hiPSC_nor	19770000.0	19780000.0	250000.0	200000.0	100000.0	hiPSC_var	19760000.0	19770000.0	170000.0	210000.0	85000.0	-10000.0	Upstream	10000.0	85000.0
chr17	hiPSC_nor	19980000.0	19990000.0	200000.0	120000.0	60000.0	hiPSC_var	19980000.0	19990000.0	210000.0	130000.0	65000.0	0.0	No_shift	0.0	60000.0
chr17	hiPSC_nor	20110000.0	20120000.0	120000.0	100000.0	50000.0	hiPSC_var	20120000.0	20130000.0	130000.0	90000.0	45000.0	10000.0	Downstream	10000.0	45000.0
chr17	hiPSC_nor	20220000.0	20230000.0	100000.0	100000.0	50000.0	hiPSC_var	20220000.0	20230000.0	90000.0	100000.0	45000.0	0.0	No_shift	0.0	45000.0
chr17	hiPSC_nor	20330000.0	20340000.0	100000.0	100000.0	50000.0	hiPSC_var	20330000.0	20340000.0	100000.0	450000.0	50000.0	0.0	No_shift	0.0	50000.0
chr17	hiPSC_nor	20440000.0	20450000.0	100000.0	340000.0	50000.0	hiPSC_var	20330000.0	20340000.0	100000.0	450000.0	50000.0	-110000.0	Upstream	110000.0	50000.0
chr17	hiPSC_nor	20790000.0	20800000.0	340000.0	60000.0	30000.0	hiPSC_var	20790000.0	20800000.0	450000.0	60000.0	30000.0	0.0	No_shift	0.0	30000.0
chr17	hiPSC_nor	20860000.0	20870000.0	60000.0	160000.0	30000.0	hiPSC_var	20860000.0	20870000.0	60000.0	130000.0	30000.0	0.0	No_shift	0.0	30000.0
chr17	hiPSC_nor	21030000.0	21040000.0	160000.0	70000.0	35000.0	hiPSC_var	21000000.0	21010000.0	130000.0	100000.0	50000.0	-30000.0	Upstream	30000.0	35000.0
chr17	hiPSC_nor	21110000.0	21120000.0	70000.0	170000.0	35000.0	hiPSC_var	21110000.0	21120000.0	100000.0	170000.0	50000.0	0.0	No_shift	0.0	35000.0
chr17	hiPSC_nor	21290000.0	21300000.0	170000.0	140000.0	70000.0	hiPSC_var	21290000.0	21300000.0	170000.0	140000.0	70000.0	0.0	No_shift	0.0	70000.0
chr17	hiPSC_nor	21440000.0	21450000.0	140000.0	70000.0	35000.0	hiPSC_var	21440000.0	21450000.0	140000.0	60000.0	30000.0	0.0	No_shift	0.0	30000.0
chr17	hiPSC_nor	21520000.0	21530000.0	70000.0	590000.0	35000.0	hiPSC_var	21510000.0	21520000.0	60000.0	640000.0	30000.0	-10000.0	Upstream	10000.0	30000.0
chr17	hiPSC_nor	22120000.0	22130000.0	590000.0	5110000.0	295000.0	hiPSC_var	22160000.0	22170000.0	640000.0	5070000.0	320000.0	40000.0	Downstream	40000.0	295000.0
chr17	hiPSC_nor	27240000.0	27250000.0	5110000.0	100000.0	50000.0	hiPSC_var	27240000.0	27250000.0	5070000.0	90000.0	45000.0	0.0	No_shift	0.0	45000.0
chr17	hiPSC_nor	27350000.0	27360000.0	100000.0	80000.0	40000.0	hiPSC_var	27340000.0	27350000.0	90000.0	90000.0	45000.0	-10000.0	Upstream	10000.0	40000.0
chr17	hiPSC_nor	27440000.0	27450000.0	80000.0	200000.0	40000.0	hiPSC_var	27440000.0	27450000.0	90000.0	200000.0	45000.0	0.0	No_shift	0.0	40000.0
chr17	hiPSC_nor	27650000.0	27660000.0	200000.0	90000.0	45000.0	hiPSC_var	27650000.0	27660000.0	200000.0	90000.0	45000.0	0.0	No_shift	0.0	45000.0
chr17	hiPSC_nor	27750000.0	27760000.0	90000.0	120000.0	45000.0	hiPSC_var	27750000.0	27760000.0	90000.0	130000.0	45000.0	0.0	No_shift	0.0	45000.0
chr17	hiPSC_nor	27880000.0	27890000.0	120000.0	340000.0	60000.0	hiPSC_var	27890000.0	27900000.0	130000.0	140000.0	65000.0	10000.0	Downstream	10000.0	60000.0
chr17	hiPSC_nor	28230000.0	28240000.0	340000.0	100000.0	50000.0	hiPSC_var	28240000.0	28250000.0	190000.0	70000.0	35000.0	10000.0	Downstream	10000.0	35000.0
chr17	hiPSC_nor	28340000.0	28350000.0	100000.0	200000.0	50000.0	hiPSC_var	28320000.0	28330000.0	70000.0	140000.0	35000.0	-20000.0	Upstream	20000.0	35000.0
chr17	hiPSC_nor	28550000.0	28560000.0	200000.0	150000.0	75000.0	hiPSC_var	28550000.0	28560000.0	70000.0	150000.0	35000.0	0.0	No_shift	0.0	35000.0
chr17	hiPSC_nor	28710000.0	28720000.0	150000.0	230000.0	75000.0	hiPSC_var	28710000.0	28720000.0	150000.0	230000.0	75000.0	0.0	No_shift	0.0	75000.0
chr17	hiPSC_nor	28950000.0	28960000.0	230000.0	160000.0	80000.0	hiPSC_var	28950000.0	28960000.0	230000.0	170000.0	85000.0	0.0	No_shift	0.0	80000.0
chr17	hiPSC_nor	29120000.0	29130000.0	160000.0	230000.0	80000.0	hiPSC_var	29130000.0	29140000.0	170000.0	220000.0	85000.0	10000.0	Downstream	10000.0	80000.0
chr17	hiPSC_nor	29360000.0	29370000.0	230000.0	190000.0	95000.0	hiPSC_var	29360000.0	29370000.0	220000.0	190000.0	95000.0	0.0	No_shift	0.0	95000.0
chr17	hiPSC_nor	29560000.0	29570000.0	190000.0	50000.0	25000.0	hiPSC_var	29560000.0	29570000.0	190000.0	50000.0	25000.0	0.0	No_shift	0.0	25000.0
chr17	hiPSC_nor	29620000.0	29630000.0	50000.0	160000.0	25000.0	hiPSC_var	29620000.0	29630000.0	50000.0	170000.0	25000.0	0.0	No_shift	0.0	25000.0
chr17	hiPSC_nor	29790000.0	29800000.0	160000.0	130000.0	65000.0	hiPSC_var	29800000.0	29810000.0	170000.0	120000.0	60000.0	10000.0	Downstream	10000.0	60000.0
chr17	hiPSC_nor	29930000.0	29940000.0	130000.0	80000.0	40000.0	hiPSC_var	29930000.0	29940000.0	120000.0	70000.0	35000.0	0.0	No_shift	0.0	35000.0
chr17	hiPSC_nor	30020000.0	30030000.0	80000.0	70000.0	35000.0	hiPSC_var	30010000.0	30020000.0	70000.0	80000.0	35000.0	-10000.0	Upstream	10000.0	35000.0
chr17	hiPSC_nor	30100000.0	30110000.0	70000.0	230000.0	35000.0	hiPSC_var	30100000.0	30110000.0	80000.0	230000.0	40000.0	0.0	No_shift	0.0	35000.0
chr17	hiPSC_nor	30340000.0	30350000.0	230000.0	370000.0	115000.0	hiPSC_var	30340000.0	30350000.0	230000.0	370000.0	115000.0	0.0	No_shift	0.0	115000.0
chr17	hiPSC_nor	30720000.0	30730000.0	370000.0	170000.0	85000.0	hiPSC_var	30720000.0	30730000.0	370000.0	90000.0	45000.0	0.0	No_shift	0.0	45000.0
chr17	hiPSC_nor	30900000.0	30910000.0	170000.0	310000.0	85000.0	hiPSC_var	30910000.0	30920000.0	80000.0	70000.0	35000.0	10000.0	Downstream	10000.0	35000.0
chr17	hiPSC_nor	31220000.0	31230000.0	310000.0	140000.0	70000.0	hiPSC_var	31210000.0	31220000.0	210000.0	150000.0	75000.0	-10000.0	Upstream	10000.0	70000.0
chr17	hiPSC_nor	31370000.0	31380000.0	140000.0	160000.0	70000.0	hiPSC_var	31370000.0	31380000.0	150000.0	160000.0	75000.0	0.0	No_shift	0.0	70000.0
chr17	hiPSC_nor	31540000.0	31550000.0	160000.0	290000.0	80000.0	hiPSC_var	31540000.0	31550000.0	160000.0	290000.0	80000.0	0.0	No_shift	0.0	80000.0
chr17	hiPSC_nor	31840000.0	31850000.0	290000.0	290000.0	145000.0	hiPSC_var	31840000.0	31850000.0	290000.0	200000.0	100000.0	0.0	No_shift	0.0	100000.0
chr17	hiPSC_nor	32140000.0	32150000.0	290000.0	190000.0	95000.0	hiPSC_var	32140000.0	32150000.0	80000.0	180000.0	40000.0	0.0	No_shift	0.0	40000.0
chr17	hiPSC_nor	32340000.0	32350000.0	190000.0	120000.0	60000.0	hiPSC_var	32330000.0	32340000.0	180000.0	130000.0	65000.0	-10000.0	Upstream	10000.0	60000.0
chr17	hiPSC_nor	32470000.0	32480000.0	120000.0	160000.0	60000.0	hiPSC_var	32470000.0	32480000.0	130000.0	180000.0	65000.0	0.0	No_shift	0.0	60000.0
chr17	hiPSC_nor	32640000.0	32650000.0	160000.0	120000.0	60000.0	hiPSC_var	32660000.0	32670000.0	180000.0	100000.0	50000.0	20000.0	Downstream	20000.0	50000.0
chr17	hiPSC_nor	32770000.0	32780000.0	120000.0	150000.0	60000.0	hiPSC_var	32770000.0	32780000.0	100000.0	150000.0	50000.0	0.0	No_shift	0.0	50000.0
chr17	hiPSC_nor	32930000.0	32940000.0	150000.0	80000.0	40000.0	hiPSC_var	32930000.0	32940000.0	150000.0	80000.0	40000.0	0.0	No_shift	0.0	40000.0
chr17	hiPSC_nor	33020000.0	33030000.0	80000.0	250000.0	40000.0	hiPSC_var	33020000.0	33030000.0	80000.0	250000.0	40000.0	0.0	No_shift	0.0	40000.0
chr17	hiPSC_nor	33280000.0	33290000.0	250000.0	220000.0	110000.0	hiPSC_var	33280000.0	33290000.0	250000.0	230000.0	115000.0	0.0	No_shift	0.0	110000.0
chr17	hiPSC_nor	33510000.0	33520000.0	220000.0	140000.0	70000.0	hiPSC_var	33520000.0	33530000.0	230000.0	130000.0	65000.0	10000.0	Downstream	10000.0	65000.0
chr17	hiPSC_nor	33660000.0	33670000.0	140000.0	100000.0	50000.0	hiPSC_var	33660000.0	33670000.0	130000.0	100000.0	50000.0	0.0	No_shift	0.0	50000.0
chr17	hiPSC_nor	33770000.0	33780000.0	100000.0	170000.0	50000.0	hiPSC_var	33770000.0	33780000.0	100000.0	170000.0	50000.0	0.0	No_shift	0.0	50000.0
chr17	hiPSC_nor	33950000.0	33960000.0	170000.0	220000.0	85000.0	hiPSC_var	33950000.0	33960000.0	170000.0	220000.0	85000.0	0.0	No_shift	0.0	85000.0
chr17	hiPSC_nor	34180000.0	34190000.0	220000.0	220000.0	110000.0	hiPSC_var	34180000.0	34190000.0	220000.0	180000.0	90000.0	0.0	No_shift	0.0	90000.0
chr17	hiPSC_nor	34410000.0	34420000.0	220000.0	110000.0	55000.0	hiPSC_var	34370000.0	34380000.0	180000.0	150000.0	75000.0	-40000.0	Upstream	40000.0	55000.0
chr17	hiPSC_nor	34530000.0	34540000.0	110000.0	100000.0	50000.0	hiPSC_var	34530000.0	34540000.0	150000.0	110000.0	55000.0	0.0	No_shift	0.0	50000.0
chr17	hiPSC_nor	34640000.0	34650000.0	100000.0	240000.0	50000.0	hiPSC_var	34650000.0	34660000.0	110000.0	230000.0	55000.0	10000.0	Downstream	10000.0	50000.0
chr17	hiPSC_nor	34890000.0	34900000.0	240000.0	70000.0	35000.0	hiPSC_var	34890000.0	34900000.0	230000.0	70000.0	35000.0	0.0	No_shift	0.0	35000.0
chr17	hiPSC_nor	34970000.0	34980000.0	70000.0	150000.0	35000.0	hiPSC_var	34970000.0	34980000.0	70000.0	150000.0	35000.0	0.0	No_shift	0.0	35000.0
chr17	hiPSC_nor	35130000.0	35140000.0	150000.0	400000.0	75000.0	hiPSC_var	35130000.0	35140000.0	150000.0	400000.0	75000.0	0.0	No_shift	0.0	75000.0
chr17	hiPSC_nor	35540000.0	35550000.0	400000.0	190000.0	95000.0	hiPSC_var	35540000.0	35550000.0	400000.0	200000.0	100000.0	0.0	No_shift	0.0	95000.0
chr17	hiPSC_nor	35740000.0	35750000.0	190000.0	60000.0	30000.0	hiPSC_var	35750000.0	35760000.0	200000.0	50000.0	25000.0	10000.0	Downstream	10000.0	25000.0
chr17	hiPSC_nor	35810000.0	35820000.0	60000.0	140000.0	30000.0	hiPSC_var	35810000.0	35820000.0	50000.0	140000.0	25000.0	0.0	No_shift	0.0	25000.0
chr17	hiPSC_nor	35960000.0	35970000.0	140000.0	190000.0	70000.0	hiPSC_var	35960000.0	35970000.0	140000.0	190000.0	70000.0	0.0	No_shift	0.0	70000.0
chr17	hiPSC_nor	36160000.0	36170000.0	190000.0	310000.0	95000.0	hiPSC_var	36160000.0	36170000.0	190000.0	430000.0	95000.0	0.0	No_shift	0.0	95000.0
chr17	hiPSC_nor	36480000.0	36490000.0	310000.0	110000.0	55000.0	hiPSC_var	36600000.0	36610000.0	430000.0	330000.0	165000.0	120000.0	Downstream	120000.0	55000.0
chr17	hiPSC_nor	36600000.0	36610000.0	110000.0	330000.0	55000.0	hiPSC_var	36600000.0	36610000.0	430000.0	330000.0	165000.0	0.0	No_shift	0.0	55000.0
chr17	hiPSC_nor	36940000.0	36950000.0	330000.0	100000.0	50000.0	hiPSC_var	36940000.0	36950000.0	330000.0	100000.0	50000.0	0.0	No_shift	0.0	50000.0
chr17	hiPSC_nor	37050000.0	37060000.0	100000.0	300000.0	50000.0	hiPSC_var	37050000.0	37060000.0	100000.0	340000.0	50000.0	0.0	No_shift	0.0	50000.0
chr17	hiPSC_nor	37360000.0	37370000.0	300000.0	270000.0	135000.0	hiPSC_var	37400000.0	37410000.0	340000.0	80000.0	40000.0	40000.0	Downstream	40000.0	40000.0
chr17	hiPSC_nor	37640000.0	37650000.0	270000.0	650000.0	135000.0	hiPSC_var	37640000.0	37650000.0	140000.0	650000.0	70000.0	0.0	No_shift	0.0	70000.0
chr17	hiPSC_nor	38300000.0	38310000.0	650000.0	100000.0	50000.0	hiPSC_var	38300000.0	38310000.0	650000.0	100000.0	50000.0	0.0	No_shift	0.0	50000.0
chr17	hiPSC_nor	38410000.0	38420000.0	100000.0	70000.0	35000.0	hiPSC_var	38410000.0	38420000.0	100000.0	170000.0	50000.0	0.0	No_shift	0.0	35000.0
chr17	hiPSC_nor	38490000.0	38500000.0	70000.0	170000.0	35000.0	hiPSC_var	38410000.0	38420000.0	100000.0	170000.0	50000.0	-80000.0	Upstream	80000.0	35000.0
chr17	hiPSC_nor	38670000.0	38680000.0	170000.0	60000.0	30000.0	hiPSC_var	38670000.0	38680000.0	70000.0	60000.0	30000.0	0.0	No_shift	0.0	30000.0
chr17	hiPSC_nor	38740000.0	38750000.0	60000.0	220000.0	30000.0	hiPSC_var	38740000.0	38750000.0	60000.0	110000.0	30000.0	0.0	No_shift	0.0	30000.0
chr17	hiPSC_nor	38970000.0	38980000.0	220000.0	180000.0	90000.0	hiPSC_var	38970000.0	38980000.0	100000.0	80000.0	40000.0	0.0	No_shift	0.0	40000.0
chr17	hiPSC_nor	39160000.0	39170000.0	180000.0	80000.0	40000.0	hiPSC_var	39160000.0	39170000.0	90000.0	80000.0	40000.0	0.0	No_shift	0.0	40000.0
chr17	hiPSC_nor	39250000.0	39260000.0	80000.0	140000.0	40000.0	hiPSC_var	39250000.0	39260000.0	80000.0	130000.0	40000.0	0.0	No_shift	0.0	40000.0
chr17	hiPSC_nor	39400000.0	39410000.0	140000.0	120000.0	60000.0	hiPSC_var	39390000.0	39400000.0	130000.0	130000.0	65000.0	-10000.0	Upstream	10000.0	60000.0
chr17	hiPSC_nor	39530000.0	39540000.0	120000.0	70000.0	35000.0	hiPSC_var	39530000.0	39540000.0	130000.0	70000.0	35000.0	0.0	No_shift	0.0	35000.0
chr17	hiPSC_nor	39610000.0	39620000.0	70000.0	50000.0	25000.0	hiPSC_var	39610000.0	39620000.0	70000.0	130000.0	35000.0	0.0	No_shift	0.0	25000.0
chr17	hiPSC_nor	39670000.0	39680000.0	50000.0	80000.0	25000.0	hiPSC_var	39610000.0	39620000.0	70000.0	130000.0	35000.0	-60000.0	Upstream	60000.0	25000.0
chr17	hiPSC_nor	39760000.0	39770000.0	80000.0	210000.0	40000.0	hiPSC_var	39750000.0	39760000.0	130000.0	210000.0	65000.0	-10000.0	Upstream	10000.0	40000.0
chr17	hiPSC_nor	39980000.0	39990000.0	210000.0	120000.0	60000.0	hiPSC_var	39970000.0	39980000.0	210000.0	120000.0	60000.0	-10000.0	Upstream	10000.0	60000.0
chr17	hiPSC_nor	40110000.0	40120000.0	120000.0	60000.0	30000.0	hiPSC_var	40100000.0	40110000.0	120000.0	70000.0	35000.0	-10000.0	Upstream	10000.0	30000.0
chr17	hiPSC_nor	40180000.0	40190000.0	60000.0	100000.0	30000.0	hiPSC_var	40180000.0	40190000.0	70000.0	100000.0	35000.0	0.0	No_shift	0.0	30000.0
chr17	hiPSC_nor	40290000.0	40300000.0	100000.0	50000.0	25000.0	hiPSC_var	40290000.0	40300000.0	100000.0	60000.0	30000.0	0.0	No_shift	0.0	25000.0
chr17	hiPSC_nor	40350000.0	40360000.0	50000.0	250000.0	25000.0	hiPSC_var	40360000.0	40370000.0	60000.0	240000.0	30000.0	10000.0	Downstream	10000.0	25000.0
chr17	hiPSC_nor	40610000.0	40620000.0	250000.0	170000.0	85000.0	hiPSC_var	40610000.0	40620000.0	240000.0	290000.0	120000.0	0.0	No_shift	0.0	85000.0
chr17	hiPSC_nor	40790000.0	40800000.0	170000.0	110000.0	55000.0	hiPSC_var	40910000.0	40920000.0	290000.0	400000.0	145000.0	120000.0	Downstream	120000.0	55000.0
chr17	hiPSC_nor	40910000.0	40920000.0	110000.0	70000.0	35000.0	hiPSC_var	40910000.0	40920000.0	290000.0	400000.0	145000.0	0.0	No_shift	0.0	35000.0
chr17	hiPSC_nor	40990000.0	41000000.0	70000.0	180000.0	35000.0	hiPSC_var	40910000.0	40920000.0	290000.0	400000.0	145000.0	-80000.0	Upstream	80000.0	35000.0
chr17	hiPSC_nor	41180000.0	41190000.0	180000.0	130000.0	65000.0	hiPSC_var	41320000.0	41330000.0	400000.0	210000.0	105000.0	140000.0	Downstream	140000.0	65000.0
chr17	hiPSC_nor	41320000.0	41330000.0	130000.0	210000.0	65000.0	hiPSC_var	41320000.0	41330000.0	400000.0	210000.0	105000.0	0.0	No_shift	0.0	65000.0
chr17	hiPSC_nor	41540000.0	41550000.0	210000.0	120000.0	60000.0	hiPSC_var	41540000.0	41550000.0	210000.0	120000.0	60000.0	0.0	No_shift	0.0	60000.0
chr17	hiPSC_nor	41670000.0	41680000.0	120000.0	330000.0	60000.0	hiPSC_var	41670000.0	41680000.0	120000.0	130000.0	60000.0	0.0	No_shift	0.0	60000.0
chr17	hiPSC_nor	42010000.0	42020000.0	330000.0	100000.0	50000.0	hiPSC_var	42010000.0	42020000.0	190000.0	90000.0	45000.0	0.0	No_shift	0.0	45000.0
chr17	hiPSC_nor	42120000.0	42130000.0	100000.0	170000.0	50000.0	hiPSC_var	42110000.0	42120000.0	90000.0	180000.0	45000.0	-10000.0	Upstream	10000.0	45000.0
chr17	hiPSC_nor	42300000.0	42310000.0	170000.0	100000.0	50000.0	hiPSC_var	42300000.0	42310000.0	180000.0	100000.0	50000.0	0.0	No_shift	0.0	50000.0
chr17	hiPSC_nor	42410000.0	42420000.0	100000.0	110000.0	50000.0	hiPSC_var	42410000.0	42420000.0	100000.0	110000.0	50000.0	0.0	No_shift	0.0	50000.0
chr17	hiPSC_nor	42530000.0	42540000.0	110000.0	140000.0	55000.0	hiPSC_var	42530000.0	42540000.0	110000.0	140000.0	55000.0	0.0	No_shift	0.0	55000.0
chr17	hiPSC_nor	42680000.0	42690000.0	140000.0	130000.0	65000.0	hiPSC_var	42680000.0	42690000.0	140000.0	140000.0	70000.0	0.0	No_shift	0.0	65000.0
chr17	hiPSC_nor	42820000.0	42830000.0	130000.0	160000.0	65000.0	hiPSC_var	42830000.0	42840000.0	140000.0	160000.0	70000.0	10000.0	Downstream	10000.0	65000.0
chr17	hiPSC_nor	42990000.0	43000000.0	160000.0	330000.0	80000.0	hiPSC_var	43000000.0	43010000.0	160000.0	320000.0	80000.0	10000.0	Downstream	10000.0	80000.0
chr17	hiPSC_nor	43330000.0	43340000.0	330000.0	140000.0	70000.0	hiPSC_var	43330000.0	43340000.0	320000.0	150000.0	75000.0	0.0	No_shift	0.0	70000.0
chr17	hiPSC_nor	43480000.0	43490000.0	140000.0	80000.0	40000.0	hiPSC_var	43490000.0	43500000.0	150000.0	70000.0	35000.0	10000.0	Downstream	10000.0	35000.0
chr17	hiPSC_nor	43570000.0	43580000.0	80000.0	100000.0	40000.0	hiPSC_var	43570000.0	43580000.0	70000.0	100000.0	35000.0	0.0	No_shift	0.0	35000.0
chr17	hiPSC_nor	43680000.0	43690000.0	100000.0	80000.0	40000.0	hiPSC_var	43680000.0	43690000.0	100000.0	80000.0	40000.0	0.0	No_shift	0.0	40000.0
chr17	hiPSC_nor	43770000.0	43780000.0	80000.0	100000.0	40000.0	hiPSC_var	43770000.0	43780000.0	80000.0	150000.0	40000.0	0.0	No_shift	0.0	40000.0
chr17	hiPSC_nor	43880000.0	43890000.0	100000.0	110000.0	50000.0	hiPSC_var	43930000.0	43940000.0	150000.0	60000.0	30000.0	50000.0	Downstream	50000.0	30000.0
chr17	hiPSC_nor	44000000.0	44010000.0	110000.0	190000.0	55000.0	hiPSC_var	44000000.0	44010000.0	60000.0	180000.0	30000.0	0.0	No_shift	0.0	30000.0
chr17	hiPSC_nor	44200000.0	44210000.0	190000.0	140000.0	70000.0	hiPSC_var	44190000.0	44200000.0	180000.0	150000.0	75000.0	-10000.0	Upstream	10000.0	70000.0
chr17	hiPSC_nor	44350000.0	44360000.0	140000.0	160000.0	70000.0	hiPSC_var	44350000.0	44360000.0	150000.0	160000.0	75000.0	0.0	No_shift	0.0	70000.0
chr17	hiPSC_nor	44520000.0	44530000.0	160000.0	160000.0	80000.0	hiPSC_var	44520000.0	44530000.0	160000.0	230000.0	80000.0	0.0	No_shift	0.0	80000.0
chr17	hiPSC_nor	44690000.0	44700000.0	160000.0	200000.0	80000.0	hiPSC_var	44760000.0	44770000.0	230000.0	130000.0	65000.0	70000.0	Downstream	70000.0	65000.0
chr17	hiPSC_nor	44900000.0	44910000.0	200000.0	110000.0	55000.0	hiPSC_var	44900000.0	44910000.0	130000.0	120000.0	60000.0	0.0	No_shift	0.0	55000.0
chr17	hiPSC_nor	45020000.0	45030000.0	110000.0	100000.0	50000.0	hiPSC_var	45030000.0	45040000.0	120000.0	90000.0	45000.0	10000.0	Downstream	10000.0	45000.0
chr17	hiPSC_nor	45130000.0	45140000.0	100000.0	70000.0	35000.0	hiPSC_var	45130000.0	45140000.0	90000.0	70000.0	35000.0	0.0	No_shift	0.0	35000.0
chr17	hiPSC_nor	45210000.0	45220000.0	70000.0	170000.0	35000.0	hiPSC_var	45210000.0	45220000.0	70000.0	160000.0	35000.0	0.0	No_shift	0.0	35000.0
chr17	hiPSC_nor	45390000.0	45400000.0	170000.0	230000.0	85000.0	hiPSC_var	45380000.0	45390000.0	160000.0	240000.0	80000.0	-10000.0	Upstream	10000.0	80000.0
chr17	hiPSC_nor	45630000.0	45640000.0	230000.0	200000.0	100000.0	hiPSC_var	45630000.0	45640000.0	240000.0	250000.0	120000.0	0.0	No_shift	0.0	100000.0
chr17	hiPSC_nor	45840000.0	45850000.0	200000.0	140000.0	70000.0	hiPSC_var	45890000.0	45900000.0	250000.0	90000.0	45000.0	50000.0	Downstream	50000.0	45000.0
chr17	hiPSC_nor	45990000.0	46000000.0	140000.0	190000.0	70000.0	hiPSC_var	45990000.0	46000000.0	90000.0	190000.0	45000.0	0.0	No_shift	0.0	45000.0
chr17	hiPSC_nor	46190000.0	46200000.0	190000.0	630000.0	95000.0	hiPSC_var	46190000.0	46200000.0	190000.0	630000.0	95000.0	0.0	No_shift	0.0	95000.0
chr17	hiPSC_nor	46830000.0	46840000.0	630000.0	90000.0	45000.0	hiPSC_var	46830000.0	46840000.0	630000.0	90000.0	45000.0	0.0	No_shift	0.0	45000.0
chr17	hiPSC_nor	46930000.0	46940000.0	90000.0	100000.0	45000.0	hiPSC_var	46930000.0	46940000.0	90000.0	100000.0	45000.0	0.0	No_shift	0.0	45000.0
chr17	hiPSC_nor	47040000.0	47050000.0	100000.0	140000.0	50000.0	hiPSC_var	47040000.0	47050000.0	100000.0	130000.0	50000.0	0.0	No_shift	0.0	50000.0
chr17	hiPSC_nor	47190000.0	47200000.0	140000.0	120000.0	60000.0	hiPSC_var	47180000.0	47190000.0	130000.0	130000.0	65000.0	-10000.0	Upstream	10000.0	60000.0
chr17	hiPSC_nor	47320000.0	47330000.0	120000.0	150000.0	60000.0	hiPSC_var	47320000.0	47330000.0	130000.0	150000.0	65000.0	0.0	No_shift	0.0	60000.0
chr17	hiPSC_nor	47480000.0	47490000.0	150000.0	150000.0	75000.0	hiPSC_var	47480000.0	47490000.0	150000.0	150000.0	75000.0	0.0	No_shift	0.0	75000.0
chr17	hiPSC_nor	47640000.0	47650000.0	150000.0	180000.0	75000.0	hiPSC_var	47640000.0	47650000.0	150000.0	180000.0	75000.0	0.0	No_shift	0.0	75000.0
chr17	hiPSC_nor	47830000.0	47840000.0	180000.0	60000.0	30000.0	hiPSC_var	47830000.0	47840000.0	180000.0	50000.0	25000.0	0.0	No_shift	0.0	25000.0
chr17	hiPSC_nor	47900000.0	47910000.0	60000.0	110000.0	30000.0	hiPSC_var	47890000.0	47900000.0	50000.0	120000.0	25000.0	-10000.0	Upstream	10000.0	25000.0
chr17	hiPSC_nor	48020000.0	48030000.0	110000.0	110000.0	55000.0	hiPSC_var	48020000.0	48030000.0	120000.0	110000.0	55000.0	0.0	No_shift	0.0	55000.0
chr17	hiPSC_nor	48140000.0	48150000.0	110000.0	500000.0	55000.0	hiPSC_var	48140000.0	48150000.0	110000.0	500000.0	55000.0	0.0	No_shift	0.0	55000.0
chr17	hiPSC_nor	48650000.0	48660000.0	500000.0	140000.0	70000.0	hiPSC_var	48650000.0	48660000.0	500000.0	130000.0	65000.0	0.0	No_shift	0.0	65000.0
chr17	hiPSC_nor	48800000.0	48810000.0	140000.0	80000.0	40000.0	hiPSC_var	48790000.0	48800000.0	130000.0	90000.0	45000.0	-10000.0	Upstream	10000.0	40000.0
chr17	hiPSC_nor	48890000.0	48900000.0	80000.0	140000.0	40000.0	hiPSC_var	48890000.0	48900000.0	90000.0	140000.0	45000.0	0.0	No_shift	0.0	40000.0
chr17	hiPSC_nor	49040000.0	49050000.0	140000.0	250000.0	70000.0	hiPSC_var	49040000.0	49050000.0	140000.0	250000.0	70000.0	0.0	No_shift	0.0	70000.0
chr17	hiPSC_nor	49300000.0	49310000.0	250000.0	90000.0	45000.0	hiPSC_var	49300000.0	49310000.0	250000.0	90000.0	45000.0	0.0	No_shift	0.0	45000.0
chr17	hiPSC_nor	49400000.0	49410000.0	90000.0	150000.0	45000.0	hiPSC_var	49400000.0	49410000.0	90000.0	150000.0	45000.0	0.0	No_shift	0.0	45000.0
chr17	hiPSC_nor	49560000.0	49570000.0	150000.0	120000.0	60000.0	hiPSC_var	49560000.0	49570000.0	150000.0	120000.0	60000.0	0.0	No_shift	0.0	60000.0
chr17	hiPSC_nor	49690000.0	49700000.0	120000.0	150000.0	60000.0	hiPSC_var	49690000.0	49700000.0	120000.0	150000.0	60000.0	0.0	No_shift	0.0	60000.0
chr17	hiPSC_nor	49850000.0	49860000.0	150000.0	140000.0	70000.0	hiPSC_var	49850000.0	49860000.0	150000.0	140000.0	70000.0	0.0	No_shift	0.0	70000.0
chr17	hiPSC_nor	50000000.0	50010000.0	140000.0	80000.0	40000.0	hiPSC_var	50000000.0	50010000.0	140000.0	80000.0	40000.0	0.0	No_shift	0.0	40000.0
chr17	hiPSC_nor	50090000.0	50100000.0	80000.0	90000.0	40000.0	hiPSC_var	50090000.0	50100000.0	80000.0	90000.0	40000.0	0.0	No_shift	0.0	40000.0
chr17	hiPSC_nor	50190000.0	50200000.0	90000.0	150000.0	45000.0	hiPSC_var	50190000.0	50200000.0	90000.0	150000.0	45000.0	0.0	No_shift	0.0	45000.0
chr17	hiPSC_nor	50350000.0	50360000.0	150000.0	110000.0	55000.0	hiPSC_var	50350000.0	50360000.0	150000.0	110000.0	55000.0	0.0	No_shift	0.0	55000.0
chr17	hiPSC_nor	50470000.0	50480000.0	110000.0	60000.0	30000.0	hiPSC_var	50470000.0	50480000.0	110000.0	60000.0	30000.0	0.0	No_shift	0.0	30000.0
chr17	hiPSC_nor	50540000.0	50550000.0	60000.0	70000.0	30000.0	hiPSC_var	50540000.0	50550000.0	60000.0	70000.0	30000.0	0.0	No_shift	0.0	30000.0
chr17	hiPSC_nor	50620000.0	50630000.0	70000.0	140000.0	35000.0	hiPSC_var	50620000.0	50630000.0	70000.0	130000.0	35000.0	0.0	No_shift	0.0	35000.0
chr17	hiPSC_nor	50770000.0	50780000.0	140000.0	70000.0	35000.0	hiPSC_var	50760000.0	50770000.0	130000.0	80000.0	40000.0	-10000.0	Upstream	10000.0	35000.0
chr17	hiPSC_nor	50850000.0	50860000.0	70000.0	100000.0	35000.0	hiPSC_var	50850000.0	50860000.0	80000.0	100000.0	40000.0	0.0	No_shift	0.0	35000.0
chr17	hiPSC_nor	50960000.0	50970000.0	100000.0	190000.0	50000.0	hiPSC_var	50960000.0	50970000.0	100000.0	190000.0	50000.0	0.0	No_shift	0.0	50000.0
chr17	hiPSC_nor	51160000.0	51170000.0	190000.0	110000.0	55000.0	hiPSC_var	51160000.0	51170000.0	190000.0	120000.0	60000.0	0.0	No_shift	0.0	55000.0
chr17	hiPSC_nor	51280000.0	51290000.0	110000.0	250000.0	55000.0	hiPSC_var	51290000.0	51300000.0	120000.0	70000.0	35000.0	10000.0	Downstream	10000.0	35000.0
chr17	hiPSC_nor	51540000.0	51550000.0	250000.0	200000.0	100000.0	hiPSC_var	51550000.0	51560000.0	170000.0	190000.0	85000.0	10000.0	Downstream	10000.0	85000.0
chr17	hiPSC_nor	51750000.0	51760000.0	200000.0	90000.0	45000.0	hiPSC_var	51750000.0	51760000.0	190000.0	100000.0	50000.0	0.0	No_shift	0.0	45000.0
chr17	hiPSC_nor	51850000.0	51860000.0	90000.0	290000.0	45000.0	hiPSC_var	51860000.0	51870000.0	100000.0	290000.0	50000.0	10000.0	Downstream	10000.0	45000.0
chr17	hiPSC_nor	52150000.0	52160000.0	290000.0	220000.0	110000.0	hiPSC_var	52160000.0	52170000.0	290000.0	200000.0	100000.0	10000.0	Downstream	10000.0	100000.0
chr17	hiPSC_nor	52380000.0	52390000.0	220000.0	200000.0	100000.0	hiPSC_var	52370000.0	52380000.0	200000.0	210000.0	100000.0	-10000.0	Upstream	10000.0	100000.0
chr17	hiPSC_nor	52590000.0	52600000.0	200000.0	420000.0	100000.0	hiPSC_var	52590000.0	52600000.0	210000.0	420000.0	105000.0	0.0	No_shift	0.0	100000.0
chr17	hiPSC_nor	53020000.0	53030000.0	420000.0	260000.0	130000.0	hiPSC_var	53020000.0	53030000.0	420000.0	600000.0	210000.0	0.0	No_shift	0.0	130000.0
chr17	hiPSC_nor	53290000.0	53300000.0	260000.0	210000.0	105000.0	hiPSC_var	53020000.0	53030000.0	420000.0	600000.0	210000.0	-270000.0	Upstream	270000.0	105000.0
chr17	hiPSC_nor	53510000.0	53520000.0	210000.0	430000.0	105000.0	hiPSC_var	53630000.0	53640000.0	600000.0	530000.0	265000.0	120000.0	Downstream	120000.0	105000.0
chr17	hiPSC_nor	53950000.0	53960000.0	430000.0	200000.0	100000.0	hiPSC_var	54170000.0	54180000.0	530000.0	250000.0	125000.0	220000.0	Downstream	220000.0	100000.0
chr17	hiPSC_nor	54160000.0	54170000.0	200000.0	260000.0	100000.0	hiPSC_var	54170000.0	54180000.0	530000.0	250000.0	125000.0	10000.0	Downstream	10000.0	100000.0
chr17	hiPSC_nor	54430000.0	54440000.0	260000.0	450000.0	130000.0	hiPSC_var	54430000.0	54440000.0	250000.0	450000.0	125000.0	0.0	No_shift	0.0	125000.0
chr17	hiPSC_nor	54890000.0	54900000.0	450000.0	70000.0	35000.0	hiPSC_var	54890000.0	54900000.0	450000.0	70000.0	35000.0	0.0	No_shift	0.0	35000.0
chr17	hiPSC_nor	54970000.0	54980000.0	70000.0	380000.0	35000.0	hiPSC_var	54970000.0	54980000.0	70000.0	380000.0	35000.0	0.0	No_shift	0.0	35000.0
chr17	hiPSC_nor	55360000.0	55370000.0	380000.0	140000.0	70000.0	hiPSC_var	55360000.0	55370000.0	380000.0	150000.0	75000.0	0.0	No_shift	0.0	70000.0
chr17	hiPSC_nor	55510000.0	55520000.0	140000.0	80000.0	40000.0	hiPSC_var	55520000.0	55530000.0	150000.0	90000.0	45000.0	10000.0	Downstream	10000.0	40000.0
chr17	hiPSC_nor	55600000.0	55610000.0	80000.0	220000.0	40000.0	hiPSC_var	55620000.0	55630000.0	90000.0	200000.0	45000.0	20000.0	Downstream	20000.0	40000.0
chr17	hiPSC_nor	55830000.0	55840000.0	220000.0	280000.0	110000.0	hiPSC_var	55830000.0	55840000.0	200000.0	270000.0	100000.0	0.0	No_shift	0.0	100000.0
chr17	hiPSC_nor	56120000.0	56130000.0	280000.0	190000.0	95000.0	hiPSC_var	56110000.0	56120000.0	270000.0	200000.0	100000.0	-10000.0	Upstream	10000.0	95000.0
chr17	hiPSC_nor	56320000.0	56330000.0	190000.0	150000.0	75000.0	hiPSC_var	56320000.0	56330000.0	200000.0	150000.0	75000.0	0.0	No_shift	0.0	75000.0
chr17	hiPSC_nor	56480000.0	56490000.0	150000.0	90000.0	45000.0	hiPSC_var	56480000.0	56490000.0	150000.0	90000.0	45000.0	0.0	No_shift	0.0	45000.0
chr17	hiPSC_nor	56580000.0	56590000.0	90000.0	210000.0	45000.0	hiPSC_var	56580000.0	56590000.0	90000.0	210000.0	45000.0	0.0	No_shift	0.0	45000.0
chr17	hiPSC_nor	56800000.0	56810000.0	210000.0	150000.0	75000.0	hiPSC_var	56800000.0	56810000.0	210000.0	150000.0	75000.0	0.0	No_shift	0.0	75000.0
chr17	hiPSC_nor	56960000.0	56970000.0	150000.0	150000.0	75000.0	hiPSC_var	56960000.0	56970000.0	150000.0	150000.0	75000.0	0.0	No_shift	0.0	75000.0
chr17	hiPSC_nor	57120000.0	57130000.0	150000.0	110000.0	55000.0	hiPSC_var	57120000.0	57130000.0	150000.0	110000.0	55000.0	0.0	No_shift	0.0	55000.0
chr17	hiPSC_nor	57240000.0	57250000.0	110000.0	160000.0	55000.0	hiPSC_var	57240000.0	57250000.0	110000.0	170000.0	55000.0	0.0	No_shift	0.0	55000.0
chr17	hiPSC_nor	57410000.0	57420000.0	160000.0	170000.0	80000.0	hiPSC_var	57420000.0	57430000.0	170000.0	240000.0	85000.0	10000.0	Downstream	10000.0	80000.0
chr17	hiPSC_nor	57590000.0	57600000.0	170000.0	240000.0	85000.0	hiPSC_var	57670000.0	57680000.0	240000.0	160000.0	80000.0	80000.0	Downstream	80000.0	80000.0
chr17	hiPSC_nor	57840000.0	57850000.0	240000.0	140000.0	70000.0	hiPSC_var	57840000.0	57850000.0	160000.0	140000.0	70000.0	0.0	No_shift	0.0	70000.0
chr17	hiPSC_nor	57990000.0	58000000.0	140000.0	110000.0	55000.0	hiPSC_var	57990000.0	58000000.0	140000.0	110000.0	55000.0	0.0	No_shift	0.0	55000.0
chr17	hiPSC_nor	58110000.0	58120000.0	110000.0	60000.0	30000.0	hiPSC_var	58110000.0	58120000.0	110000.0	70000.0	35000.0	0.0	No_shift	0.0	30000.0
chr17	hiPSC_nor	58180000.0	58190000.0	60000.0	320000.0	30000.0	hiPSC_var	58190000.0	58200000.0	70000.0	310000.0	35000.0	10000.0	Downstream	10000.0	30000.0
chr17	hiPSC_nor	58510000.0	58520000.0	320000.0	180000.0	90000.0	hiPSC_var	58510000.0	58520000.0	310000.0	180000.0	90000.0	0.0	No_shift	0.0	90000.0
chr17	hiPSC_nor	58700000.0	58710000.0	180000.0	300000.0	90000.0	hiPSC_var	58700000.0	58710000.0	180000.0	290000.0	90000.0	0.0	No_shift	0.0	90000.0
chr17	hiPSC_nor	59010000.0	59020000.0	300000.0	290000.0	145000.0	hiPSC_var	59000000.0	59010000.0	290000.0	200000.0	100000.0	-10000.0	Upstream	10000.0	100000.0
chr17	hiPSC_nor	59310000.0	59320000.0	290000.0	120000.0	60000.0	hiPSC_var	59310000.0	59320000.0	90000.0	120000.0	45000.0	0.0	No_shift	0.0	45000.0
chr17	hiPSC_nor	59440000.0	59450000.0	120000.0	120000.0	60000.0	hiPSC_var	59440000.0	59450000.0	120000.0	120000.0	60000.0	0.0	No_shift	0.0	60000.0
chr17	hiPSC_nor	59570000.0	59580000.0	120000.0	130000.0	60000.0	hiPSC_var	59570000.0	59580000.0	120000.0	130000.0	60000.0	0.0	No_shift	0.0	60000.0
chr17	hiPSC_nor	59710000.0	59720000.0	130000.0	160000.0	65000.0	hiPSC_var	59710000.0	59720000.0	130000.0	160000.0	65000.0	0.0	No_shift	0.0	65000.0
chr17	hiPSC_nor	59880000.0	59890000.0	160000.0	150000.0	75000.0	hiPSC_var	59880000.0	59890000.0	160000.0	130000.0	65000.0	0.0	No_shift	0.0	65000.0
chr17	hiPSC_nor	60040000.0	60050000.0	150000.0	130000.0	65000.0	hiPSC_var	60020000.0	60030000.0	130000.0	400000.0	65000.0	-20000.0	Upstream	20000.0	65000.0
chr17	hiPSC_nor	60180000.0	60190000.0	130000.0	240000.0	65000.0	hiPSC_var	60020000.0	60030000.0	130000.0	400000.0	65000.0	-160000.0	Upstream	160000.0	65000.0
chr17	hiPSC_nor	60430000.0	60440000.0	240000.0	250000.0	120000.0	hiPSC_var	60430000.0	60440000.0	400000.0	240000.0	120000.0	0.0	No_shift	0.0	120000.0
chr17	hiPSC_nor	60690000.0	60700000.0	250000.0	260000.0	125000.0	hiPSC_var	60680000.0	60690000.0	240000.0	280000.0	120000.0	-10000.0	Upstream	10000.0	120000.0
chr17	hiPSC_nor	60960000.0	60970000.0	260000.0	420000.0	130000.0	hiPSC_var	60970000.0	60980000.0	280000.0	410000.0	140000.0	10000.0	Downstream	10000.0	130000.0
chr17	hiPSC_nor	61390000.0	61400000.0	420000.0	230000.0	115000.0	hiPSC_var	61390000.0	61400000.0	410000.0	230000.0	115000.0	0.0	No_shift	0.0	115000.0
chr17	hiPSC_nor	61630000.0	61640000.0	230000.0	210000.0	105000.0	hiPSC_var	61630000.0	61640000.0	230000.0	200000.0	100000.0	0.0	No_shift	0.0	100000.0
chr17	hiPSC_nor	61850000.0	61860000.0	210000.0	260000.0	105000.0	hiPSC_var	61840000.0	61850000.0	200000.0	260000.0	100000.0	-10000.0	Upstream	10000.0	100000.0
chr17	hiPSC_nor	62120000.0	62130000.0	260000.0	100000.0	50000.0	hiPSC_var	62110000.0	62120000.0	260000.0	110000.0	55000.0	-10000.0	Upstream	10000.0	50000.0
chr17	hiPSC_nor	62230000.0	62240000.0	100000.0	170000.0	50000.0	hiPSC_var	62230000.0	62240000.0	110000.0	170000.0	55000.0	0.0	No_shift	0.0	50000.0
chr17	hiPSC_nor	62410000.0	62420000.0	170000.0	270000.0	85000.0	hiPSC_var	62410000.0	62420000.0	170000.0	270000.0	85000.0	0.0	No_shift	0.0	85000.0
chr17	hiPSC_nor	62690000.0	62700000.0	270000.0	280000.0	135000.0	hiPSC_var	62690000.0	62700000.0	270000.0	270000.0	135000.0	0.0	No_shift	0.0	135000.0
chr17	hiPSC_nor	62980000.0	62990000.0	280000.0	90000.0	45000.0	hiPSC_var	62970000.0	62980000.0	270000.0	110000.0	55000.0	-10000.0	Upstream	10000.0	45000.0
chr17	hiPSC_nor	63080000.0	63090000.0	90000.0	320000.0	45000.0	hiPSC_var	63090000.0	63100000.0	110000.0	310000.0	55000.0	10000.0	Downstream	10000.0	45000.0
chr17	hiPSC_nor	63410000.0	63420000.0	320000.0	190000.0	95000.0	hiPSC_var	63410000.0	63420000.0	310000.0	190000.0	95000.0	0.0	No_shift	0.0	95000.0
chr17	hiPSC_nor	63610000.0	63620000.0	190000.0	80000.0	40000.0	hiPSC_var	63610000.0	63620000.0	190000.0	80000.0	40000.0	0.0	No_shift	0.0	40000.0
chr17	hiPSC_nor	63700000.0	63710000.0	80000.0	130000.0	40000.0	hiPSC_var	63700000.0	63710000.0	80000.0	130000.0	40000.0	0.0	No_shift	0.0	40000.0
chr17	hiPSC_nor	63840000.0	63850000.0	130000.0	180000.0	65000.0	hiPSC_var	63840000.0	63850000.0	130000.0	170000.0	65000.0	0.0	No_shift	0.0	65000.0
chr17	hiPSC_nor	64030000.0	64040000.0	180000.0	100000.0	50000.0	hiPSC_var	64020000.0	64030000.0	170000.0	110000.0	55000.0	-10000.0	Upstream	10000.0	50000.0
chr17	hiPSC_nor	64140000.0	64150000.0	100000.0	140000.0	50000.0	hiPSC_var	64140000.0	64150000.0	110000.0	140000.0	55000.0	0.0	No_shift	0.0	50000.0
chr17	hiPSC_nor	64290000.0	64300000.0	140000.0	110000.0	55000.0	hiPSC_var	64290000.0	64300000.0	140000.0	110000.0	55000.0	0.0	No_shift	0.0	55000.0
chr17	hiPSC_nor	64410000.0	64420000.0	110000.0	70000.0	35000.0	hiPSC_var	64410000.0	64420000.0	110000.0	70000.0	35000.0	0.0	No_shift	0.0	35000.0
chr17	hiPSC_nor	64490000.0	64500000.0	70000.0	150000.0	35000.0	hiPSC_var	64490000.0	64500000.0	70000.0	150000.0	35000.0	0.0	No_shift	0.0	35000.0
chr17	hiPSC_nor	64650000.0	64660000.0	150000.0	110000.0	55000.0	hiPSC_var	64650000.0	64660000.0	150000.0	110000.0	55000.0	0.0	No_shift	0.0	55000.0
chr17	hiPSC_nor	64770000.0	64780000.0	110000.0	190000.0	55000.0	hiPSC_var	64770000.0	64780000.0	110000.0	190000.0	55000.0	0.0	No_shift	0.0	55000.0
chr17	hiPSC_nor	64970000.0	64980000.0	190000.0	240000.0	95000.0	hiPSC_var	64970000.0	64980000.0	190000.0	240000.0	95000.0	0.0	No_shift	0.0	95000.0
chr17	hiPSC_nor	65220000.0	65230000.0	240000.0	210000.0	105000.0	hiPSC_var	65220000.0	65230000.0	240000.0	210000.0	105000.0	0.0	No_shift	0.0	105000.0
chr17	hiPSC_nor	65440000.0	65450000.0	210000.0	110000.0	55000.0	hiPSC_var	65440000.0	65450000.0	210000.0	110000.0	55000.0	0.0	No_shift	0.0	55000.0
chr17	hiPSC_nor	65560000.0	65570000.0	110000.0	230000.0	55000.0	hiPSC_var	65560000.0	65570000.0	110000.0	220000.0	55000.0	0.0	No_shift	0.0	55000.0
chr17	hiPSC_nor	65800000.0	65810000.0	230000.0	170000.0	85000.0	hiPSC_var	65790000.0	65800000.0	220000.0	180000.0	90000.0	-10000.0	Upstream	10000.0	85000.0
chr17	hiPSC_nor	65980000.0	65990000.0	170000.0	190000.0	85000.0	hiPSC_var	65980000.0	65990000.0	180000.0	190000.0	90000.0	0.0	No_shift	0.0	85000.0
chr17	hiPSC_nor	66180000.0	66190000.0	190000.0	510000.0	95000.0	hiPSC_var	66180000.0	66190000.0	190000.0	520000.0	95000.0	0.0	No_shift	0.0	95000.0
chr17	hiPSC_nor	66700000.0	66710000.0	510000.0	190000.0	95000.0	hiPSC_var	66710000.0	66720000.0	520000.0	180000.0	90000.0	10000.0	Downstream	10000.0	90000.0
chr17	hiPSC_nor	66900000.0	66910000.0	190000.0	70000.0	35000.0	hiPSC_var	66900000.0	66910000.0	180000.0	70000.0	35000.0	0.0	No_shift	0.0	35000.0
chr17	hiPSC_nor	66980000.0	66990000.0	70000.0	380000.0	35000.0	hiPSC_var	66980000.0	66990000.0	70000.0	380000.0	35000.0	0.0	No_shift	0.0	35000.0
chr17	hiPSC_nor	67370000.0	67380000.0	380000.0	320000.0	160000.0	hiPSC_var	67370000.0	67380000.0	380000.0	320000.0	160000.0	0.0	No_shift	0.0	160000.0
chr17	hiPSC_nor	67700000.0	67710000.0	320000.0	80000.0	40000.0	hiPSC_var	67700000.0	67710000.0	320000.0	80000.0	40000.0	0.0	No_shift	0.0	40000.0
chr17	hiPSC_nor	67790000.0	67800000.0	80000.0	150000.0	40000.0	hiPSC_var	67790000.0	67800000.0	80000.0	250000.0	40000.0	0.0	No_shift	0.0	40000.0
chr17	hiPSC_nor	67950000.0	67960000.0	150000.0	100000.0	50000.0	hiPSC_var	68050000.0	68060000.0	250000.0	190000.0	95000.0	100000.0	Downstream	100000.0	50000.0
chr17	hiPSC_nor	68060000.0	68070000.0	100000.0	180000.0	50000.0	hiPSC_var	68050000.0	68060000.0	250000.0	190000.0	95000.0	-10000.0	Upstream	10000.0	50000.0
chr17	hiPSC_nor	68250000.0	68260000.0	180000.0	200000.0	90000.0	hiPSC_var	68250000.0	68260000.0	190000.0	190000.0	95000.0	0.0	No_shift	0.0	90000.0
chr17	hiPSC_nor	68460000.0	68470000.0	200000.0	140000.0	70000.0	hiPSC_var	68450000.0	68460000.0	190000.0	150000.0	75000.0	-10000.0	Upstream	10000.0	70000.0
chr17	hiPSC_nor	68610000.0	68620000.0	140000.0	140000.0	70000.0	hiPSC_var	68610000.0	68620000.0	150000.0	140000.0	70000.0	0.0	No_shift	0.0	70000.0
chr17	hiPSC_nor	68760000.0	68770000.0	140000.0	200000.0	70000.0	hiPSC_var	68760000.0	68770000.0	140000.0	190000.0	70000.0	0.0	No_shift	0.0	70000.0
chr17	hiPSC_nor	68970000.0	68980000.0	200000.0	270000.0	100000.0	hiPSC_var	68960000.0	68970000.0	190000.0	270000.0	95000.0	-10000.0	Upstream	10000.0	95000.0
chr17	hiPSC_nor	69250000.0	69260000.0	270000.0	60000.0	30000.0	hiPSC_var	69240000.0	69250000.0	270000.0	70000.0	35000.0	-10000.0	Upstream	10000.0	30000.0
chr17	hiPSC_nor	69320000.0	69330000.0	60000.0	220000.0	30000.0	hiPSC_var	69320000.0	69330000.0	70000.0	190000.0	35000.0	0.0	No_shift	0.0	30000.0
chr17	hiPSC_nor	69550000.0	69560000.0	220000.0	600000.0	110000.0	hiPSC_var	69520000.0	69530000.0	190000.0	620000.0	95000.0	-30000.0	Upstream	30000.0	95000.0
chr17	hiPSC_nor	70160000.0	70170000.0	600000.0	460000.0	230000.0	hiPSC_var	70150000.0	70160000.0	620000.0	460000.0	230000.0	-10000.0	Upstream	10000.0	230000.0
chr17	hiPSC_nor	70630000.0	70640000.0	460000.0	120000.0	60000.0	hiPSC_var	70620000.0	70630000.0	460000.0	130000.0	65000.0	-10000.0	Upstream	10000.0	60000.0
chr17	hiPSC_nor	70760000.0	70770000.0	120000.0	170000.0	60000.0	hiPSC_var	70760000.0	70770000.0	130000.0	310000.0	65000.0	0.0	No_shift	0.0	60000.0
chr17	hiPSC_nor	70940000.0	70950000.0	170000.0	130000.0	65000.0	hiPSC_var	71080000.0	71090000.0	310000.0	370000.0	155000.0	140000.0	Downstream	140000.0	65000.0
chr17	hiPSC_nor	71080000.0	71090000.0	130000.0	380000.0	65000.0	hiPSC_var	71080000.0	71090000.0	310000.0	370000.0	155000.0	0.0	No_shift	0.0	65000.0
chr17	hiPSC_nor	71470000.0	71480000.0	380000.0	280000.0	140000.0	hiPSC_var	71460000.0	71470000.0	370000.0	290000.0	145000.0	-10000.0	Upstream	10000.0	140000.0
chr17	hiPSC_nor	71760000.0	71770000.0	280000.0	340000.0	140000.0	hiPSC_var	71760000.0	71770000.0	290000.0	340000.0	145000.0	0.0	No_shift	0.0	140000.0
chr17	hiPSC_nor	72110000.0	72120000.0	340000.0	430000.0	170000.0	hiPSC_var	72110000.0	72120000.0	340000.0	420000.0	170000.0	0.0	No_shift	0.0	170000.0
chr17	hiPSC_nor	72550000.0	72560000.0	430000.0	160000.0	80000.0	hiPSC_var	72540000.0	72550000.0	420000.0	170000.0	85000.0	-10000.0	Upstream	10000.0	80000.0
chr17	hiPSC_nor	72720000.0	72730000.0	160000.0	240000.0	80000.0	hiPSC_var	72720000.0	72730000.0	170000.0	260000.0	85000.0	0.0	No_shift	0.0	80000.0
chr17	hiPSC_nor	72970000.0	72980000.0	240000.0	200000.0	100000.0	hiPSC_var	72990000.0	73000000.0	260000.0	180000.0	90000.0	20000.0	Downstream	20000.0	90000.0
chr17	hiPSC_nor	73180000.0	73190000.0	200000.0	190000.0	95000.0	hiPSC_var	73180000.0	73190000.0	180000.0	180000.0	90000.0	0.0	No_shift	0.0	90000.0
chr17	hiPSC_nor	73380000.0	73390000.0	190000.0	250000.0	95000.0	hiPSC_var	73370000.0	73380000.0	180000.0	260000.0	90000.0	-10000.0	Upstream	10000.0	90000.0
chr17	hiPSC_nor	73640000.0	73650000.0	250000.0	60000.0	30000.0	hiPSC_var	73640000.0	73650000.0	260000.0	60000.0	30000.0	0.0	No_shift	0.0	30000.0
chr17	hiPSC_nor	73710000.0	73720000.0	60000.0	120000.0	30000.0	hiPSC_var	73710000.0	73720000.0	60000.0	120000.0	30000.0	0.0	No_shift	0.0	30000.0
chr17	hiPSC_nor	73840000.0	73850000.0	120000.0	350000.0	60000.0	hiPSC_var	73840000.0	73850000.0	120000.0	140000.0	60000.0	0.0	No_shift	0.0	60000.0
chr17	hiPSC_nor	74200000.0	74210000.0	350000.0	80000.0	40000.0	hiPSC_var	74200000.0	74210000.0	200000.0	80000.0	40000.0	0.0	No_shift	0.0	40000.0
chr17	hiPSC_nor	74290000.0	74300000.0	80000.0	60000.0	30000.0	hiPSC_var	74290000.0	74300000.0	80000.0	70000.0	35000.0	0.0	No_shift	0.0	30000.0
chr17	hiPSC_nor	74360000.0	74370000.0	60000.0	160000.0	30000.0	hiPSC_var	74370000.0	74380000.0	70000.0	140000.0	35000.0	10000.0	Downstream	10000.0	30000.0
chr17	hiPSC_nor	74530000.0	74540000.0	160000.0	110000.0	55000.0	hiPSC_var	74520000.0	74530000.0	140000.0	200000.0	70000.0	-10000.0	Upstream	10000.0	55000.0
chr17	hiPSC_nor	74650000.0	74660000.0	110000.0	70000.0	35000.0	hiPSC_var	74730000.0	74740000.0	200000.0	120000.0	60000.0	80000.0	Downstream	80000.0	35000.0
chr17	hiPSC_nor	74730000.0	74740000.0	70000.0	120000.0	35000.0	hiPSC_var	74730000.0	74740000.0	200000.0	120000.0	60000.0	0.0	No_shift	0.0	35000.0
chr17	hiPSC_nor	74860000.0	74870000.0	120000.0	170000.0	60000.0	hiPSC_var	74860000.0	74870000.0	120000.0	170000.0	60000.0	0.0	No_shift	0.0	60000.0
chr17	hiPSC_nor	75040000.0	75050000.0	170000.0	60000.0	30000.0	hiPSC_var	75040000.0	75050000.0	170000.0	70000.0	35000.0	0.0	No_shift	0.0	30000.0
chr17	hiPSC_nor	75110000.0	75120000.0	60000.0	150000.0	30000.0	hiPSC_var	75120000.0	75130000.0	70000.0	150000.0	35000.0	10000.0	Downstream	10000.0	30000.0
chr17	hiPSC_nor	75270000.0	75280000.0	150000.0	130000.0	65000.0	hiPSC_var	75280000.0	75290000.0	150000.0	120000.0	60000.0	10000.0	Downstream	10000.0	60000.0
chr17	hiPSC_nor	75410000.0	75420000.0	130000.0	80000.0	40000.0	hiPSC_var	75410000.0	75420000.0	120000.0	90000.0	45000.0	0.0	No_shift	0.0	40000.0
chr17	hiPSC_nor	75500000.0	75510000.0	80000.0	80000.0	40000.0	hiPSC_var	75510000.0	75520000.0	90000.0	80000.0	40000.0	10000.0	Downstream	10000.0	40000.0
chr17	hiPSC_nor	75590000.0	75600000.0	80000.0	160000.0	40000.0	hiPSC_var	75600000.0	75610000.0	80000.0	150000.0	40000.0	10000.0	Downstream	10000.0	40000.0
chr17	hiPSC_nor	75760000.0	75770000.0	160000.0	60000.0	30000.0	hiPSC_var	75760000.0	75770000.0	150000.0	70000.0	35000.0	0.0	No_shift	0.0	30000.0
chr17	hiPSC_nor	75830000.0	75840000.0	60000.0	160000.0	30000.0	hiPSC_var	75840000.0	75850000.0	70000.0	150000.0	35000.0	10000.0	Downstream	10000.0	30000.0
chr17	hiPSC_nor	76000000.0	76010000.0	160000.0	90000.0	45000.0	hiPSC_var	76000000.0	76010000.0	150000.0	90000.0	45000.0	0.0	No_shift	0.0	45000.0
chr17	hiPSC_nor	76100000.0	76110000.0	90000.0	160000.0	45000.0	hiPSC_var	76100000.0	76110000.0	90000.0	180000.0	45000.0	0.0	No_shift	0.0	45000.0
chr17	hiPSC_nor	76270000.0	76280000.0	160000.0	120000.0	60000.0	hiPSC_var	76290000.0	76300000.0	180000.0	100000.0	50000.0	20000.0	Downstream	20000.0	50000.0
chr17	hiPSC_nor	76400000.0	76410000.0	120000.0	100000.0	50000.0	hiPSC_var	76400000.0	76410000.0	100000.0	140000.0	50000.0	0.0	No_shift	0.0	50000.0
chr17	hiPSC_nor	76510000.0	76520000.0	100000.0	200000.0	50000.0	hiPSC_var	76550000.0	76560000.0	140000.0	160000.0	70000.0	40000.0	Downstream	40000.0	50000.0
chr17	hiPSC_nor	76720000.0	76730000.0	200000.0	210000.0	100000.0	hiPSC_var	76720000.0	76730000.0	160000.0	220000.0	80000.0	0.0	No_shift	0.0	80000.0
chr17	hiPSC_nor	76940000.0	76950000.0	210000.0	130000.0	65000.0	hiPSC_var	76950000.0	76960000.0	220000.0	120000.0	60000.0	10000.0	Downstream	10000.0	60000.0
chr17	hiPSC_nor	77080000.0	77090000.0	130000.0	160000.0	65000.0	hiPSC_var	77080000.0	77090000.0	120000.0	170000.0	60000.0	0.0	No_shift	0.0	60000.0
chr17	hiPSC_nor	77250000.0	77260000.0	160000.0	240000.0	80000.0	hiPSC_var	77260000.0	77270000.0	170000.0	230000.0	85000.0	10000.0	Downstream	10000.0	80000.0
chr17	hiPSC_nor	77500000.0	77510000.0	240000.0	250000.0	120000.0	hiPSC_var	77500000.0	77510000.0	230000.0	240000.0	115000.0	0.0	No_shift	0.0	115000.0
chr17	hiPSC_nor	77760000.0	77770000.0	250000.0	120000.0	60000.0	hiPSC_var	77750000.0	77760000.0	240000.0	140000.0	70000.0	-10000.0	Upstream	10000.0	60000.0
chr17	hiPSC_nor	77890000.0	77900000.0	120000.0	110000.0	55000.0	hiPSC_var	77900000.0	77910000.0	140000.0	100000.0	50000.0	10000.0	Downstream	10000.0	50000.0
chr17	hiPSC_nor	78010000.0	78020000.0	110000.0	80000.0	40000.0	hiPSC_var	78010000.0	78020000.0	100000.0	80000.0	40000.0	0.0	No_shift	0.0	40000.0
chr17	hiPSC_nor	78100000.0	78110000.0	80000.0	140000.0	40000.0	hiPSC_var	78100000.0	78110000.0	80000.0	130000.0	40000.0	0.0	No_shift	0.0	40000.0
chr17	hiPSC_nor	78250000.0	78260000.0	140000.0	230000.0	70000.0	hiPSC_var	78240000.0	78250000.0	130000.0	240000.0	65000.0	-10000.0	Upstream	10000.0	65000.0
chr17	hiPSC_nor	78490000.0	78500000.0	230000.0	340000.0	115000.0	hiPSC_var	78490000.0	78500000.0	240000.0	220000.0	110000.0	0.0	No_shift	0.0	110000.0
chr17	hiPSC_nor	78840000.0	78850000.0	340000.0	130000.0	65000.0	hiPSC_var	78840000.0	78850000.0	110000.0	130000.0	55000.0	0.0	No_shift	0.0	55000.0
chr17	hiPSC_nor	78980000.0	78990000.0	130000.0	180000.0	65000.0	hiPSC_var	78980000.0	78990000.0	130000.0	180000.0	65000.0	0.0	No_shift	0.0	65000.0
chr17	hiPSC_nor	79170000.0	79180000.0	180000.0	210000.0	90000.0	hiPSC_var	79170000.0	79180000.0	180000.0	210000.0	90000.0	0.0	No_shift	0.0	90000.0
chr17	hiPSC_nor	79390000.0	79400000.0	210000.0	200000.0	100000.0	hiPSC_var	79390000.0	79400000.0	210000.0	210000.0	105000.0	0.0	No_shift	0.0	100000.0
chr17	hiPSC_nor	79600000.0	79610000.0	200000.0	100000.0	50000.0	hiPSC_var	79610000.0	79620000.0	210000.0	90000.0	45000.0	10000.0	Downstream	10000.0	45000.0
chr17	hiPSC_nor	79710000.0	79720000.0	100000.0	120000.0	50000.0	hiPSC_var	79710000.0	79720000.0	90000.0	70000.0	35000.0	0.0	No_shift	0.0	35000.0
chr17	hiPSC_nor	79840000.0	79850000.0	120000.0	70000.0	35000.0	hiPSC_var	79840000.0	79850000.0	40000.0	70000.0	20000.0	0.0	No_shift	0.0	20000.0
chr17	hiPSC_nor	79920000.0	79930000.0	70000.0	70000.0	35000.0	hiPSC_var	79920000.0	79930000.0	70000.0	60000.0	30000.0	0.0	No_shift	0.0	30000.0
chr17	hiPSC_nor	80000000.0	80010000.0	70000.0	180000.0	35000.0	hiPSC_var	79990000.0	80000000.0	60000.0	190000.0	30000.0	-10000.0	Upstream	10000.0	30000.0
chr17	hiPSC_nor	80190000.0	80200000.0	180000.0	210000.0	90000.0	hiPSC_var	80190000.0	80200000.0	190000.0	220000.0	95000.0	0.0	No_shift	0.0	90000.0
chr17	hiPSC_nor	80410000.0	80420000.0	210000.0	150000.0	75000.0	hiPSC_var	80420000.0	80430000.0	220000.0	310000.0	110000.0	10000.0	Downstream	10000.0	75000.0
chr17	hiPSC_nor	80570000.0	80580000.0	150000.0	400000.0	75000.0	hiPSC_var	80420000.0	80430000.0	220000.0	310000.0	110000.0	-150000.0	Upstream	150000.0	75000.0
chr17	hiPSC_nor	80980000.0	80990000.0	400000.0	120000.0	60000.0	hiPSC_var	80980000.0	80990000.0	230000.0	140000.0	70000.0	0.0	No_shift	0.0	60000.0
chr17	hiPSC_nor	81110000.0	81120000.0	120000.0	130000.0	60000.0	hiPSC_var	81130000.0	81140000.0	140000.0	100000.0	50000.0	20000.0	Downstream	20000.0	50000.0
chr17	hiPSC_nor	81250000.0	81260000.0	130000.0	280000.0	65000.0	hiPSC_var	81240000.0	81250000.0	100000.0	290000.0	50000.0	-10000.0	Upstream	10000.0	50000.0
chr17	hiPSC_nor	81540000.0	81550000.0	280000.0	120000.0	60000.0	hiPSC_var	81540000.0	81550000.0	290000.0	90000.0	45000.0	0.0	No_shift	0.0	45000.0
chr17	hiPSC_nor	81670000.0	81680000.0	120000.0	230000.0	60000.0	hiPSC_var	81640000.0	81650000.0	90000.0	360000.0	45000.0	-30000.0	Upstream	30000.0	45000.0
chr17	hiPSC_nor	81910000.0	81920000.0	230000.0	90000.0	45000.0	hiPSC_var	82010000.0	82020000.0	360000.0	200000.0	100000.0	100000.0	Downstream	100000.0	45000.0
chr17	hiPSC_nor	82010000.0	82020000.0	90000.0	210000.0	45000.0	hiPSC_var	82010000.0	82020000.0	360000.0	200000.0	100000.0	0.0	No_shift	0.0	45000.0
chr17	hiPSC_nor	82230000.0	82240000.0	210000.0	70000.0	35000.0	hiPSC_var	82220000.0	82230000.0	200000.0	220000.0	100000.0	-10000.0	Upstream	10000.0	35000.0
chr17	hiPSC_nor	82310000.0	82320000.0	70000.0	140000.0	35000.0	hiPSC_var	82220000.0	82230000.0	200000.0	220000.0	100000.0	-90000.0	Upstream	90000.0	35000.0
chr17	hiPSC_nor	82460000.0	82470000.0	140000.0	180000.0	70000.0	hiPSC_var	82450000.0	82460000.0	220000.0	190000.0	95000.0	-10000.0	Upstream	10000.0	70000.0
chr17	hiPSC_nor	82650000.0	82660000.0	180000.0	110000.0	55000.0	hiPSC_var	82650000.0	82660000.0	190000.0	120000.0	60000.0	0.0	No_shift	0.0	55000.0
chr17	hiPSC_nor	82770000.0	82780000.0	110000.0	120000.0	55000.0	hiPSC_var	82780000.0	82790000.0	120000.0	180000.0	60000.0	10000.0	Downstream	10000.0	55000.0
chr17	hiPSC_nor	82900000.0	82910000.0	120000.0	140000.0	60000.0	hiPSC_var	82970000.0	82980000.0	180000.0	80000.0	40000.0	70000.0	Downstream	70000.0	40000.0
chr17	hiPSC_nor	83050000.0	83060000.0	140000.0	inf	inf	hiPSC_var	83060000.0	83070000.0	80000.0	inf	inf	10000.0	Downstream	10000.0	inf
