chrom	start	end	weight	E1	E2	E3
chr17	0	100000				
chr17	100000	200000	0.010051316364626204	0.13672932129253418	0.27627629848453034	0.1392676040189739
chr17	200000	300000	0.011741709082450792	0.5270746646553564	0.15013879196358004	0.5231659148673232
chr17	300000	400000	0.010292672554038679	0.286911431142182	0.14708509405335868	0.3421221862970185
chr17	400000	500000	0.012227704427595885	0.1872033865256604	0.07715073284932697	0.2746402291282209
chr17	500000	600000	0.008485719209532405	0.31231322973189507	0.08376571975026133	0.35914712946723126
chr17	600000	700000	0.007198349719858527	0.18435032126781853	0.09765562786683525	0.33435814062484237
chr17	700000	800000	0.005582748052322555	0.23923594151347163	0.012717326685767234	0.4030394082959759
chr17	800000	900000	0.009435426410672484	0.7457860026337082	-0.11245188965216486	0.7009474393717507
chr17	900000	1000000	0.00812865641338443	0.6688128855854508	-0.16954795198821235	0.669610069472834
chr17	1000000	1100000	0.008604513673888977	0.33694395479151523	0.05960268231607922	0.2993873710760538
chr17	1100000	1200000	0.007760741239879923	0.6602599227827058	-0.06873320897091136	0.48863411318334904
chr17	1200000	1300000	0.007343438569178221	0.5915023324578054	-0.07692620660152832	0.3703088620743077
chr17	1300000	1400000	0.008440268341254917	1.0035708601817899	-0.19720589997436008	0.7247305230897538
chr17	1400000	1500000	0.007877780407320482	1.020107268391187	-0.051183805586022195	0.7067321664517631
chr17	1500000	1600000	0.006986013096744652	0.7993131537056998	-0.02765236843915219	0.46582492978207474
chr17	1600000	1700000	0.007067117412127498	0.8835619483359526	-0.05286598639220303	0.540409273366941
chr17	1700000	1800000	0.007924947266269517	1.0415297384503086	-0.07584787042755534	0.6013668766136595
chr17	1800000	1900000	0.007020258811880532	0.6637911728856318	-0.08852659832183955	0.4490721260143351
chr17	1900000	2000000	0.007511626024507479	0.8717465198726655	-0.15452629541175836	0.5355963517650904
chr17	2000000	2100000	0.007048992154899462	0.5203973098115823	-0.10248198739377963	0.34646918295433
chr17	2100000	2200000	0.00731055935363906	0.8437833119604576	-0.2360107811169505	0.654079861733408
chr17	2200000	2300000	0.005968936417652685	0.526255723674398	-0.0935058897101488	0.3553081432653847
chr17	2300000	2400000	0.0064497702817139495	0.6610761767348657	-0.10983649303584292	0.3771434643990862
chr17	2400000	2500000	0.006867896952813323	0.5972402944674544	-0.0535847006755672	0.3309721902429859
chr17	2500000	2600000	0.0074987396919928275	0.8848530731998399	-0.190340448646118	0.6080575290567932
chr17	2600000	2700000	0.007957597631980583	0.6604642924781332	-0.10760557262527266	0.44402494122259123
chr17	2700000	2800000	0.005619837317902214	0.4272557224199124	-0.05612944674730969	0.36908339595343226
chr17	2800000	2900000	0.006921468146040322	0.5482947745123014	-0.08101241069039423	0.4094353950177248
chr17	2900000	3000000	0.007427213368950368	0.4157465654621913	-0.09003473035450246	0.3088008996773329
chr17	3000000	3100000	0.006761635713202601	0.028732418978760024	-0.06358737787242683	0.1540110145477841
chr17	3100000	3200000	0.007355748323274543	0.32863031770649553	-0.1358642628848205	0.30372488390885377
chr17	3200000	3300000	0.0091005456563326	0.35054565728036885	-0.11719174704907172	0.3208428178570622
chr17	3300000	3400000	0.007759872641397198	0.2293175806408853	-0.07086492268933066	0.21506009223552514
chr17	3400000	3500000	0.006269534525200148	0.3152800517409425	-0.11612028378774125	0.33346654456043745
chr17	3500000	3600000	0.006691750546588286	0.3210251312715892	-0.15377300428502008	0.15616440427725287
chr17	3600000	3700000	0.006094983762041367	0.4629035552169619	-0.05554888470139932	0.1387136545593217
chr17	3700000	3800000	0.006446732768708223	0.8044668532630029	-0.09746345498108235	0.3155004656354775
chr17	3800000	3900000	0.007406178661968238	0.7141174677756547	-0.06404523137159102	0.23800224778841741
chr17	3900000	4000000	0.007548981208680476	0.7822418192637912	-0.09314238509247473	0.2989262410751818
chr17	4000000	4100000	0.0069470871225105445	0.5370777360405686	-0.05489795494313294	0.08157397770416269
chr17	4100000	4200000	0.0061612785371623	0.5606337103372572	-0.12285253698632607	0.21071701142429902
chr17	4200000	4300000	0.007902811511338937	0.8797183850427739	-0.11941864310689547	0.26292174750262143
chr17	4300000	4400000	0.0075329483612617135	1.2374415765846543	-0.1893268667853485	0.37559204108730243
chr17	4400000	4500000	0.005983242099953108	0.4755663006633737	-0.017789160576889083	0.018341693588610642
chr17	4500000	4600000	0.007965501337032638	0.7048414203189242	0.053817376207688845	0.05957971461443265
chr17	4600000	4700000	0.006504819292911828	0.729914027776147	-0.0014316295527759583	0.10812560724288678
chr17	4700000	4800000	0.006967777028839883	1.0045916390780096	-0.0017572166753359352	0.2555305193413272
chr17	4800000	4900000	0.008555013461492782	1.133026335067524	-0.03760449143192749	0.23441824962183588
chr17	4900000	5000000	0.0066059559821459645	1.138147332428491	-0.0462912256866873	0.17791319400564792
chr17	5000000	5100000	0.007662533316686737	1.1192343134223506	-0.11828871254017286	0.28559764084384875
chr17	5100000	5200000	0.007595498867551237	0.9918609277991128	0.0017323669710764796	0.3200739912032482
chr17	5200000	5300000	0.006982280890578414	1.0334938457980323	-0.04330306960947322	0.38726894756193314
chr17	5300000	5400000	0.008503806232538292	1.1859691030438921	0.051791085436199334	0.35978253943648164
chr17	5400000	5500000	0.007090647248526421	0.9659941867380022	0.006118360745080189	0.35976723661072396
chr17	5500000	5600000	0.005001368740063472	0.2971417223565333	0.04110714062093538	0.1675682278020375
chr17	5600000	5700000	0.006376548415036986	0.3123366885163458	-0.0016344175338834962	0.10332949626073998
chr17	5700000	5800000	0.0059158166125301915	0.16844882086325455	-0.042746745128321696	0.04915744641981473
chr17	5800000	5900000	0.006250038361489912	0.3993430915669941	-0.07633408565221203	0.09753412258091272
chr17	5900000	6000000	0.006795972785986311	0.4768166049687435	-0.06674674198974	0.2298887772980479
chr17	6000000	6100000	0.005904586916122453	0.22936393493826546	-0.055252054045566094	-0.020309901713284985
chr17	6100000	6200000	0.006363240772146114	0.3222121275495058	-0.01701858637439232	0.05573388835570721
chr17	6200000	6300000	0.005598696924687423	0.15159410693390726	0.015299872182770588	0.059503264908564654
chr17	6300000	6400000	0.005516017496578548	0.36073857393486397	-0.06044036774367361	-0.0444426580100656
chr17	6400000	6500000	0.0056204521038153215	0.34836841196586404	0.021033787008939316	-0.024745915662901536
chr17	6500000	6600000	0.007557904956372271	0.790848332419366	0.05881968183724861	0.10169526238098844
chr17	6600000	6700000	0.006171064469724512	0.6463376117406948	0.09696179369498634	-0.017805185404991618
chr17	6700000	6800000	0.006821530085442185	0.8258979585478572	-0.05731617438643419	0.03668021475770461
chr17	6800000	6900000	0.006570689342201844	0.7167638122243694	0.06751731833902996	0.05588270995493407
chr17	6900000	7000000	0.006897935957151276	0.8021782589348218	0.1357286972294401	0.0169628856204395
chr17	7000000	7100000	0.006294888834107562	0.8761227841214354	0.13731366013686527	0.013472626551455773
chr17	7100000	7200000	0.007396634197752924	1.0805928652226773	0.08256793519506057	-0.13732144153583878
chr17	7200000	7300000	0.007641313955943753	1.4147992303767543	0.13829780129339986	-0.26571656609482297
chr17	7300000	7400000	0.00793182168869371	1.3895355273576189	0.10129906271140618	-0.09757241949639017
chr17	7400000	7500000	0.008898201613522186	1.708573161321104	0.08874760971342385	-0.2659869219061049
chr17	7500000	7600000	0.007479597276521676	1.383783532669696	0.024923296225443994	-0.23777516607398094
chr17	7600000	7700000	0.006391799700368567	1.4523475086884423	0.12350836973196157	-0.0651297011357965
chr17	7700000	7800000	0.0061048608030895785	1.1775606993733356	0.1266246646112915	-0.10149983856003894
chr17	7800000	7900000	0.007030940508534025	1.2889931655434759	0.11910231332827148	-0.09555017069284273
chr17	7900000	8000000	0.007458258175827168	1.3382242520939678	0.14231281787613653	-0.20890022078464188
chr17	8000000	8100000	0.005721188180015986	0.991140584106449	0.0801614390549729	-0.04381127420013336
chr17	8100000	8200000	0.006168685052047147	1.6637594822308537	0.15738624095280465	-0.045750483219015786
chr17	8200000	8300000	0.007097900054996061	1.7909965477495877	0.26781046402869935	-0.011041769466781422
chr17	8300000	8400000	0.006166214832562285	1.45400314862779	0.2531947202308505	-0.07174757506075859
chr17	8400000	8500000	0.0064542289655317425	1.0632058896963417	0.29629908990955245	0.02305776313014792
chr17	8500000	8600000	0.0072149121932774205	0.9009169033137429	0.2519577191791944	0.11203773238643712
chr17	8600000	8700000	0.007182176299500607	1.0820006317804838	0.3318525472683068	0.045442004256637324
chr17	8700000	8800000	0.005507169014281736	0.5678256668791793	0.25963381783152634	-0.05729361766089475
chr17	8800000	8900000	0.006593947090855985	0.6670210032740889	0.4495324166109608	0.042641200196405674
chr17	8900000	9000000	0.00633933587271924	0.4295197599479359	0.3346671478265084	0.0215813820853902
chr17	9000000	9100000	0.006642895691095714	0.511282729108857	0.3918045360442195	-0.0951492540773533
chr17	9100000	9200000	0.007065004435749358	0.4333440112937639	0.39077622786028665	-0.011186911309272737
chr17	9200000	9300000	0.006599414125361637	0.36309624103737065	0.3941294579968538	-0.08327407473208999
chr17	9300000	9400000	0.005808345382092646	0.4380682201178135	0.3749894451075436	-0.02775195589040854
chr17	9400000	9500000	0.006071886225111185	0.3889967613499221	0.4012652545402366	2.3911685769492284e-05
chr17	9500000	9600000	0.005877370910468912	0.20206672455670885	0.36547771377921384	-0.06305287864809919
chr17	9600000	9700000	0.0072041262480780415	0.23908713692955422	0.6817245173349945	0.21894945015597964
chr17	9700000	9800000	0.006235747791139131	0.11178151632121307	0.6184067385868391	-0.022011837508655527
chr17	9800000	9900000	0.00672791585792962	-0.008727294239148142	0.7148586850687086	0.06327900715537037
chr17	9900000	10000000	0.005637707558151625	-0.13957934283393106	0.6263151983243567	-0.06251083533067245
chr17	10000000	10100000	0.006656412528393405	-0.04396112258614278	0.713046450782579	0.001566884181496032
chr17	10100000	10200000	0.006681865628018467	0.06717373939303245	0.7752648692709411	-0.0007404447953046231
chr17	10200000	10300000	0.0049521267506467195	-0.2151762501813915	0.5904317255228257	-0.08296477941457564
chr17	10300000	10400000	0.005373763173898373	-0.35714495236111726	0.6818477223000762	-0.029491923563320387
chr17	10400000	10500000	0.007811234716671863	-0.29300180045293384	0.815705313092366	-0.03560172524070132
chr17	10500000	10600000	0.006383880621290225	-0.31218457267571065	0.8363717681969892	0.021896027692536922
chr17	10600000	10700000	0.005434387833719639	-0.3431253456555663	0.752626465336176	-0.08252707860858333
chr17	10700000	10800000	0.00585984507051002	-0.3426941181867398	1.1155860927578378	0.0016575083200629365
chr17	10800000	10900000	0.0053495599655745	-0.5513945571920014	0.9384505558225799	-0.01655774728855247
chr17	10900000	11000000	0.006824424528207656	-0.7599725965225439	0.9543104717180383	-0.08009574035619894
chr17	11000000	11100000	0.008185757951982096	-0.7176112902514545	0.8816840341440098	-0.15013895213468703
chr17	11100000	11200000	0.007866818250095551	-0.7058497911710792	0.826645441461206	-0.1334433742823348
chr17	11200000	11300000	0.008060191067560554	-0.7041383268663223	0.8330085645214809	-0.11084065235743405
chr17	11300000	11400000	0.00848256017239089	-0.6963235975599588	0.8122178372717015	-0.11625480763749414
chr17	11400000	11500000	0.00824572762089703	-0.6681435377118656	0.8462051738878758	-0.17121414706513438
chr17	11500000	11600000	0.008673839255042051	-0.7018517854552369	0.8904732959287179	-0.14116373889326336
chr17	11600000	11700000	0.0073397038179802395	-0.6785424445385125	0.8487464582979902	-0.15215367138685632
chr17	11700000	11800000	0.0070167298676070845	-0.7059542556455947	0.8751159549402817	-0.11313051267662427
chr17	11800000	11900000	0.006459206503030248	-0.7110093268411255	0.9225034701535103	-0.0697184201173424
chr17	11900000	12000000	0.005093098528430662	-0.5475563787114673	0.8780661012451912	-0.11859603134803513
chr17	12000000	12100000	0.006190172121775404	-0.23614266158182695	0.9095574828996573	-0.03425301963154944
chr17	12100000	12200000	0.0052581198738606075	-0.36017424483382204	0.6098004714963414	-0.08685911251267507
chr17	12200000	12300000	0.005506476732032599	-0.4823803429138937	0.5455785064123718	-0.06969116815236663
chr17	12300000	12400000	0.005880862315380631	-0.4338109046677712	0.5209641099776566	-0.07739626640011715
chr17	12400000	12500000	0.007062054165590456	-0.39492229967370135	0.5213029311578248	-0.10738512600995227
chr17	12500000	12600000	0.006217003585229435	-0.35392373451284903	0.5398323742629763	-0.08450404742479735
chr17	12600000	12700000	0.005550276061313854	-0.3691463249793318	0.4946998170487457	-0.10997489154126361
chr17	12700000	12800000	0.005404580579967319	-0.31507176846753354	0.5349865766475602	-0.10528095927277059
chr17	12800000	12900000	0.006813281892378778	-0.1767328662007064	0.5314810371204918	-0.10436880681880865
chr17	12900000	13000000	0.006696907927868146	-0.18340468637651713	0.47901914787933053	-0.11907954424730623
chr17	13000000	13100000	0.004990255325131717	-0.38713477304944555	0.4314018015812966	-0.11015554568377929
chr17	13100000	13200000	0.0058389887074310545	-0.46047289747905645	0.3788738738862919	-0.08721515579309988
chr17	13200000	13300000	0.0060430390053319355	-0.436914615402957	0.39042071325681943	-0.10113172589985066
chr17	13300000	13400000	0.006074005376446505	-0.4548470467164663	0.35857767009577357	-0.0501555171381849
chr17	13400000	13500000	0.006186994584414085	-0.39217383965150737	0.41593569947972364	-0.10321888878827319
chr17	13500000	13600000	0.005040453650294914	-0.3816228647934293	0.3236465254547748	-0.13767555426110398
chr17	13600000	13700000	0.0056270093947283235	-0.42647097601432893	0.304708153830798	-0.11652597119624773
chr17	13700000	13800000	0.0059388064659008566	-0.4173437778758186	0.24904475765285478	-0.09680769094671945
chr17	13800000	13900000	0.005774281651341628	-0.401995300002454	0.2604488474449489	-0.10746201124257083
chr17	13900000	14000000	0.0052593461911325514	-0.37044761914627217	0.2967886071701736	-0.16056719862638058
chr17	14000000	14100000	0.005700852595706902	-0.33461187760078565	0.2901961271351548	-0.13609256215958454
chr17	14100000	14200000	0.0065687674390444645	-0.2503603266126	0.3193664655511351	-0.11124485394668818
chr17	14200000	14300000	0.0052346263033206065	-0.3922212549248546	0.25461288119707454	-0.17265590265572908
chr17	14300000	14400000	0.005500387901436382	-0.29738661630688856	0.3060169825380914	-0.08964344535006
chr17	14400000	14500000	0.005524041198185639	-0.30302118238382375	0.27446251063687543	-0.1197499627899209
chr17	14500000	14600000	0.0050018749027909174	-0.3228408416371783	0.30976688808784597	-0.12767598734708144
chr17	14600000	14700000	0.005982045230688434	-0.3943001383291162	0.2726338114052292	-0.08066006161317717
chr17	14700000	14800000	0.0055586179881461865	-0.42514556940470394	0.3178468204274682	-0.0925135194290912
chr17	14800000	14900000	0.0054542033895962775	-0.43519473959897764	0.2806749562169193	-0.15415535734500305
chr17	14900000	15000000	0.00537875834162038	-0.43434299757728206	0.3396643900547313	-0.11687277757903214
chr17	15000000	15100000	0.005820192068623606	-0.35477352815112034	0.36812083452251454	-0.12620138027374178
chr17	15100000	15200000	0.005625148804632048	-0.3429333158305871	0.298312095528973	-0.13752970364211678
chr17	15200000	15300000	0.00540699020359527	-0.2810955274170116	0.27487250124168444	-0.13207854014111028
chr17	15300000	15400000	0.006580726401101004	-0.03159023830204884	0.34598557355909704	-0.07477754441430734
chr17	15400000	15500000	0.006562466451085597	-0.11260466013490973	0.3158526675519393	-0.137657439652341
chr17	15500000	15600000	0.00635321115807017	-0.03756908934959059	0.31767004054330206	-0.10104420172670989
chr17	15600000	15700000	0.007435230282880568	0.12835502316708208	0.2833498863490148	-0.10231180710844585
chr17	15700000	15800000	0.008346070771206257	0.18326921207012076	0.26653379331787624	-0.08007836210424409
chr17	15800000	15900000	0.0080235364117339	0.14755757411320425	0.25316305320914695	-0.09252474797339927
chr17	15900000	16000000	0.006617374599326975	0.36984455383189874	0.1717476675273178	-0.08637898290951053
chr17	16000000	16100000	0.00709081195108393	0.42653256260535516	0.14353184218090037	-0.050232950211242376
chr17	16100000	16200000	0.007947696333404362	0.7318180282462731	0.2101407800871121	-0.003747634547124635
chr17	16200000	16300000	0.006190370594666089	0.6845820010163469	0.16870009920656637	-0.061489533716008425
chr17	16300000	16400000	0.00595130135837742	0.6844177371994544	0.17180976226458977	-0.016393127924366188
chr17	16400000	16500000	0.007229820160908047	0.7777360086621565	0.19611878345278252	-0.07912600518163013
chr17	16500000	16600000	0.0067380543109825655	0.5719615925681849	0.24202231853840364	-0.11097915544062513
chr17	16600000	16700000	0.00796501293269255	0.6429985225271927	0.30539378406477424	-0.08156653476435716
chr17	16700000	16800000	0.01021781723447644	0.45846356138066174	0.3238615819628503	-0.11396334219534329
chr17	16800000	16900000	0.010281096308238048	0.40633015452380383	0.22369315904994305	-0.19947952520182488
chr17	16900000	17000000	0.006361261865910307	0.4301400924181999	0.2626357511128547	-0.21536674201672515
chr17	17000000	17100000	0.007610708911059143	0.660736942434892	0.2737341377269485	-0.0900151438923632
chr17	17100000	17200000	0.008161828377827288	0.6572102551374592	0.25358329769136767	-0.22250317756368826
chr17	17200000	17300000	0.006834173604764328	0.832434423255794	0.24331257029607278	-0.11061436445303002
chr17	17300000	17400000	0.006329074670369714	0.5789046949880471	0.22406584653209372	-0.22217926454036288
chr17	17400000	17500000	0.006921885333573086	0.8477124341167832	0.19713801199777808	-0.33727256533087085
chr17	17500000	17600000	0.0077680259704828855	0.6459193645898673	0.21425056259757932	-0.17525426412121184
chr17	17600000	17700000	0.005616929206371236	0.7556130072022431	0.22394106972573474	-0.3499907345344829
chr17	17700000	17800000	0.008968931966463966	1.0144245548039188	0.1602263249771522	-0.0961191249006269
chr17	17800000	17900000	0.008110413973069167	1.034983644082774	0.28189925597938004	-0.1365511851256709
chr17	17900000	18000000	0.007643179167580093	1.0873783635500727	0.2094206991727058	-0.18023349273817518
chr17	18000000	18100000	0.006251537003390875	1.008598251276341	0.24259679134072643	-0.06593814561257483
chr17	18100000	18200000	0.006683689704767238	1.2881019386814123	0.34234465317811036	-0.14530080851323868
chr17	18200000	18300000	0.00800574642900361	1.3953827934186318	0.27528421288240257	0.0391159814685796
chr17	18300000	18400000	0.007656459881962615	1.1279824380455228	0.3585353463757304	-0.007374109230068209
chr17	18400000	18500000	0.011429429564309925	0.644854981116331	0.3441754023114549	0.03652955478055715
chr17	18500000	18600000	0.008583933979693878	0.6941294154854716	0.28228393627228254	-0.044060398620098556
chr17	18600000	18700000	0.009717072287573595	0.7371877878952038	0.25697096657328206	0.023116534716416455
chr17	18700000	18800000	0.007816854108164017	0.7820972302839584	0.24106911234772496	0.09221787100268163
chr17	18800000	18900000	0.008593273211456328	0.99959155369689	0.2310682419156762	0.07455481876321798
chr17	18900000	19000000	0.008599523832064146	1.0641311955952075	0.23234196104504415	0.09507413028624027
chr17	19000000	19100000	0.018532173264556043	1.0268014145679962	0.18759891034070456	-0.07135599049666207
chr17	19100000	19200000				
chr17	19200000	19300000	0.01016768879116889	0.8875766087201133	0.2512899093209998	0.0067515958597355345
chr17	19300000	19400000	0.008214131396986601	0.8173896599946083	0.2196851330271293	-0.051530052590907725
chr17	19400000	19500000	0.006291637793360897	0.658418264267412	0.26705811390304923	0.04148883639300139
chr17	19500000	19600000	0.0058920471674506775	0.48595042556470597	0.276419653633043	0.035510340545242644
chr17	19600000	19700000	0.007293833365585317	0.531600262594851	0.3211350940953554	0.028491259014610148
chr17	19700000	19800000	0.0059709020221566655	0.25530202676749153	0.23805622552840733	-0.0017136370491732617
chr17	19800000	19900000	0.006236636585901796	0.44487117987617114	0.31336026409890766	0.009588681822038439
chr17	19900000	20000000	0.005712097114427718	0.3967049095758772	0.4357966673458747	0.05188258789679788
chr17	20000000	20100000	0.006517484114154362	0.31766474683217477	0.44574252548035953	-0.027757371753758454
chr17	20100000	20200000	0.006215932691212455	0.3329674310214026	0.3558120058675352	-0.03829433775993863
chr17	20200000	20300000	0.00654900982010937	0.3154573010691875	0.4241351287043481	0.0009979232851326965
chr17	20300000	20400000	0.008250020459698536	0.06396850404807007	0.42643752306512367	-0.05369915560097163
chr17	20400000	20500000	0.009811294214913174	0.041946180791132145	0.5887437375496333	-0.04478070975969706
chr17	20500000	20600000	0.010478671900733275	0.09011887056464696	0.630665235407443	0.013583251253380814
chr17	20600000	20700000	0.00792130171187617	-0.0483911576543421	0.64112089460074	-0.04661042449747509
chr17	20700000	20800000	0.00643879422215968	-0.0811192314792906	0.6205214567823237	-0.0648542732117027
chr17	20800000	20900000	0.006882567789249234	-0.06315188157578834	0.6363456422496253	-0.01542579953393452
chr17	20900000	21000000	0.007247247941003851	0.008233088713585477	0.7643976803351973	-0.004092954605621994
chr17	21000000	21100000	0.006627325267937423	0.08740995007608474	0.8947928385281526	-0.030122773871494538
chr17	21100000	21200000	0.006568390732682166	-0.059155261425281734	1.0016268557298023	-0.01583208327856257
chr17	21200000	21300000	0.006288170706223085	-0.11287680176243325	1.0729481602773459	0.023238513987153753
chr17	21300000	21400000	0.00805699635322448	-0.26643240736906504	1.126534110436508	-0.10207350020328732
chr17	21400000	21500000	0.006189512567419545	-0.4191659606126062	1.1053429426745018	-0.04514230035998531
chr17	21500000	21600000	0.00875214501704844	-0.5618833848428898	1.2014831538758237	-0.09786145754701646
chr17	21600000	21700000	0.01024455896712661	-0.7467831846929516	1.2283229398213549	-0.07201053533095889
chr17	21700000	21800000	0.011197865500824992	-0.7203304334962553	1.1446882454684528	-0.0980485324157335
chr17	21800000	21900000				
chr17	21900000	22000000				
chr17	22000000	22100000	0.01438036159842613	-0.5127677914660445	0.9209519825986392	-0.16330489970022383
chr17	22100000	22200000	0.009114319544469758	-0.43086186710694635	1.1953650415206736	-0.0706370058331647
chr17	22200000	22300000	0.0105580075153562	-0.6611199032306595	1.0117638316585653	-0.1357097362039363
chr17	22300000	22400000	0.014429339287682572	-0.6995041712684603	1.0184577912912351	-0.09532413023668555
chr17	22400000	22500000	0.01556010855539983	-0.679899199593388	1.1260394880511075	-0.11893384221780104
chr17	22500000	22600000	0.0141092098723437	-0.6944411239923463	1.137254978809549	-0.14981471905907834
chr17	22600000	22700000				
chr17	22700000	22800000				
chr17	22800000	22900000				
chr17	22900000	23000000				
chr17	23000000	23100000				
chr17	23100000	23200000				
chr17	23200000	23300000				
chr17	23300000	23400000				
chr17	23400000	23500000				
chr17	23500000	23600000				
chr17	23600000	23700000				
chr17	23700000	23800000				
chr17	23800000	23900000				
chr17	23900000	24000000				
chr17	24000000	24100000				
chr17	24100000	24200000				
chr17	24200000	24300000				
chr17	24300000	24400000				
chr17	24400000	24500000				
chr17	24500000	24600000				
chr17	24600000	24700000				
chr17	24700000	24800000				
chr17	24800000	24900000				
chr17	24900000	25000000				
chr17	25000000	25100000				
chr17	25100000	25200000				
chr17	25200000	25300000				
chr17	25300000	25400000				
chr17	25400000	25500000				
chr17	25500000	25600000				
chr17	25600000	25700000				
chr17	25700000	25800000				
chr17	25800000	25900000				
chr17	25900000	26000000				
chr17	26000000	26100000				
chr17	26100000	26200000				
chr17	26200000	26300000				
chr17	26300000	26400000				
chr17	26400000	26500000				
chr17	26500000	26600000				
chr17	26600000	26700000	0.017436542704909856	-0.7677117892294135	1.0881390802365234	-0.13531374873690913
chr17	26700000	26800000				
chr17	26800000	26900000	0.013469669075294118	-0.7794367220628451	1.1546485746058333	-0.15091280714312486
chr17	26900000	27000000				
chr17	27000000	27100000	0.01644287701339291	-0.724040163867772	1.3827323195542964	-0.12803043717666546
chr17	27100000	27200000	0.019913877081490457	-0.7045727924685016	1.4545568536954363	-0.1576250807445801
chr17	27200000	27300000	0.007164323982838278	-0.43203942934700795	1.4288824938758944	-0.1496507480198101
chr17	27300000	27400000	0.006110227505829559	-0.26228476016206215	1.3031573620974626	-0.20717332079551742
chr17	27400000	27500000	0.0068108134743782205	-0.20487707719638676	1.246899265911124	-0.13603306720773664
chr17	27500000	27600000	0.007215646727076307	-0.07747473443559777	1.2775039527660312	-0.222090044999297
chr17	27600000	27700000	0.006089647130403817	-0.3180097114021478	1.0389788159965438	-0.1851425176525497
chr17	27700000	27800000	0.00687373493464552	-0.23704003342691685	1.090906751750499	-0.23814838438877894
chr17	27800000	27900000	0.006348663080646031	-0.04117766396347423	1.0061783522377814	-0.25623622315615063
chr17	27900000	28000000	0.005552297990376903	0.04573730708826833	0.9543549209045024	-0.1837540564706636
chr17	28000000	28100000	0.006968087033766739	0.337743761448499	0.9278826003596707	-0.31730804862910245
chr17	28100000	28200000	0.007316543189695438	0.41224131781972023	0.9029614556073668	-0.318545051409884
chr17	28200000	28300000	0.005602259000330543	0.35106326023946494	0.9168206381621041	-0.262413268563728
chr17	28300000	28400000	0.006819277738460585	0.8907076637932536	0.8558515084355844	-0.32420162306303113
chr17	28400000	28500000	0.007890269485440932	1.3406075244185136	0.8273417637708429	-0.4794845041824578
chr17	28500000	28600000	0.0072627321167418575	1.7645200510949466	0.8237365276245276	-0.7162287684359482
chr17	28600000	28700000	0.0074636380888109454	1.8725658788008765	0.6970654149480027	-0.712701016288938
chr17	28700000	28800000	0.007785027157274013	1.8209442603832349	0.5053558927632175	-0.7830367924553937
chr17	28800000	28900000	0.007875091256437709	1.9524381317276114	0.502097425141454	-0.7892339343747379
chr17	28900000	29000000	0.005931522551819857	1.2617559868752763	0.4078729833513509	-0.5934513467206817
chr17	29000000	29100000	0.007325421329487403	1.5699344297777467	0.44026033385657304	-0.728657167859599
chr17	29100000	29200000	0.007519867360744063	1.1351564019231686	0.3990261395905426	-0.561603178156312
chr17	29200000	29300000	0.006701039987646032	0.9920867548185563	0.3331247991546105	-0.5096141138424062
chr17	29300000	29400000	0.005738702136388963	0.8488828894957069	0.333129743872962	-0.40361146849077956
chr17	29400000	29500000	0.007679711392044625	1.1455411877436377	0.38272954818708366	-0.5453170824898123
chr17	29500000	29600000	0.006484006076311638	0.6582091856458329	0.2696451397975742	-0.32353365613418267
chr17	29600000	29700000	0.005528104682632544	0.4932443193838462	0.18770192958093931	-0.3566019777624618
chr17	29700000	29800000	0.006753222521218499	0.5323136189798812	0.18374902621943778	-0.34709552801873905
chr17	29800000	29900000	0.006423802822786215	0.4932760933880335	0.26491113283997736	-0.35021361113638044
chr17	29900000	30000000	0.006546834430453246	0.4479419527612172	0.2560210850994606	-0.3561464079842488
chr17	30000000	30100000	0.005755864819794186	0.35131733194268805	0.2696292644149054	-0.3255944448912212
chr17	30100000	30200000	0.0063141757550963734	0.45278898548892077	0.24197562452412158	-0.30764939071301195
chr17	30200000	30300000	0.006392070264880735	0.4298916630225852	0.23577090412309187	-0.28604355310209134
chr17	30300000	30400000	0.005282494005066466	0.300489600447982	0.22781868326114704	-0.2762793666867071
chr17	30400000	30500000	0.00630889280220885	0.40291864366630126	0.22937231105187036	-0.298217794209172
chr17	30500000	30600000	0.006105629046378699	0.4074292697374073	0.22055846860562225	-0.350313347945359
chr17	30600000	30700000	0.008471705875853632	0.8793651709702176	0.272665720070327	-0.45142571728570235
chr17	30700000	30800000	0.007193758245250405	0.7418048916318785	0.22276970234035914	-0.4325662185809765
chr17	30800000	30900000	0.005681954207216396	0.4124280952722843	0.19601733100326657	-0.3736896899982626
chr17	30900000	31000000	0.005496360563362402	0.33396182382407946	0.18891607167912702	-0.2815518366778697
chr17	31000000	31100000	0.006406913443436254	0.3782597604062851	0.18201007100314234	-0.23633167917458606
chr17	31100000	31200000	0.006974623661219852	0.5030707640902727	0.19956156482356047	-0.24459087204873067
chr17	31200000	31300000	0.007003417405910764	0.2573188683342923	0.18961765132342207	-0.23606630869148734
chr17	31300000	31400000	0.005888134921880733	0.2609333104517759	0.2516254402300023	-0.28013973188827473
chr17	31400000	31500000	0.006811380132160183	0.4036440966634709	0.25382214579769624	-0.29227835930985824
chr17	31500000	31600000	0.006286739601436956	0.2786469134386919	0.2622997521157029	-0.2730757667832399
chr17	31600000	31700000	0.0071530782311332785	0.3909130830815318	0.3009486533208621	-0.256573165306547
chr17	31700000	31800000	0.007143181058541414	0.3315167812844682	0.26211117633011755	-0.18964919269208846
chr17	31800000	31900000	0.005263197527338749	0.15758328919242912	0.2424231842706285	-0.2021183324775816
chr17	31900000	32000000	0.006526409428090887	0.5623307793843657	0.29104347700033567	-0.2001084557387036
chr17	32000000	32100000	0.008053393104062024	0.7406616399158363	0.322742154804341	-0.20568173224709524
chr17	32100000	32200000	0.006126731215393071	0.5787429209161847	0.30980058004114236	-0.19460819672855378
chr17	32200000	32300000	0.006411059542916543	0.6316413280774495	0.2852352730896036	-0.21988098545925894
chr17	32300000	32400000	0.007247099878109851	0.7003711655862801	0.396284416778036	-0.20932636064249088
chr17	32400000	32500000	0.00548345487144971	0.2991122240749097	0.3636739360448705	-0.11787777362663962
chr17	32500000	32600000	0.006785585832921984	0.13396407361902476	0.3890001785632756	-0.14892577784405503
chr17	32600000	32700000	0.006898802654697076	0.052158997276079117	0.4013518307910339	-0.0993540931977391
chr17	32700000	32800000	0.006802876314598643	-0.0044162580667930175	0.3702608367231628	-0.17993359685996205
chr17	32800000	32900000	0.007631964750881826	0.09186854215059889	0.39130408740711603	-0.1201081582916898
chr17	32900000	33000000	0.0059617302437386995	-0.14741221923279105	0.4011357412366445	-0.1195818087070135
chr17	33000000	33100000	0.005483412552692532	-0.2756410886221949	0.39233218441702256	-0.13776772367598972
chr17	33100000	33200000	0.006093723527937126	-0.24301657657864403	0.44345242686784947	-0.09839923159285362
chr17	33200000	33300000	0.005593334502445568	-0.26850606957200607	0.40306507511089396	-0.12969236387730654
chr17	33300000	33400000	0.005745657975604398	-0.23939776242822122	0.40870767236991523	-0.14789563253556215
chr17	33400000	33500000	0.006519541526676069	-0.22857557493468014	0.40979857989813945	-0.1194852895565713
chr17	33500000	33600000	0.0056562017060087936	-0.3218930900231628	0.36374626325554044	-0.1325213318969635
chr17	33600000	33700000	0.006200951606782534	-0.27596971888713306	0.38150136198675394	-0.10860453643047001
chr17	33700000	33800000	0.0050381740845608595	-0.33841037494410237	0.33670685812383844	-0.1427166905762062
chr17	33800000	33900000	0.0067491505217457505	-0.24846464674904328	0.4571365698592066	-0.11427673304526403
chr17	33900000	34000000	0.005728460612470281	-0.2889515850233956	0.3905787873150039	-0.10766330313159468
chr17	34000000	34100000	0.0071566075391568335	-0.27643779972395516	0.4542320618492015	-0.07135739388512828
chr17	34100000	34200000	0.005645188506223906	-0.277416488254553	0.38663741863056283	-0.1134686353839798
chr17	34200000	34300000	0.007664591924717203	-0.1921098008798136	0.44282717027515117	-0.09713008696639709
chr17	34300000	34400000	0.00595489676118145	-0.2812620942183014	0.374845214269005	-0.10762453742116411
chr17	34400000	34500000	0.0057275736136438195	-0.2435560358228009	0.3728556984093659	-0.12922643717811014
chr17	34500000	34600000	0.006854034509243149	-0.21421942700139698	0.364278322547766	-0.11683212068010938
chr17	34600000	34700000	0.006377082117611003	-0.20802239447338863	0.3827381721902903	-0.08848617787787329
chr17	34700000	34800000	0.006447609097116472	-0.16490238599066817	0.46752889722582364	-0.08398415424359426
chr17	34800000	34900000	0.0056335101364018295	-0.2163574872889849	0.3533058124652786	-0.07126475479155264
chr17	34900000	35000000	0.005359414609605611	-0.11696827009532039	0.3668615413527381	-0.13817510770763308
chr17	35000000	35100000	0.0062485061665470375	0.18756397429516544	0.4191350995012571	-0.0976641880835065
chr17	35100000	35200000	0.005279571969068006	-0.13759819321105723	0.33792252706650816	-0.10683638194533775
chr17	35200000	35300000	0.006418618659798273	-0.11831293698518533	0.40207110984449557	-0.08565879470512464
chr17	35300000	35400000	0.007340714239218809	-0.06148306750110974	0.4241431180134929	-0.07903452153474501
chr17	35400000	35500000	0.007004022137236568	0.0260871195632336	0.4009805158377558	-0.04320521598632377
chr17	35500000	35600000	0.004968021380401538	-0.13047707707139675	0.30511610708828174	-0.1295504764201258
chr17	35600000	35700000	0.007534770565731498	0.26916109881630984	0.40641699498125683	-0.03811960738847095
chr17	35700000	35800000	0.006887680367603224	0.24828900331029385	0.37345781412153517	-0.10318303546884201
chr17	35800000	35900000	0.006311296229748725	0.12519453397503594	0.35909581219717296	-0.05802183876849655
chr17	35900000	36000000	0.006152044421789656	-0.019243510447932054	0.35434581208317467	-0.1559663540726386
chr17	36000000	36100000	0.008839235436019263	0.14260968726511528	0.48488254616892046	-0.036671410713207356
chr17	36100000	36200000	0.007296669218516772	0.03620035964726108	0.33937855547029744	-0.11268746806181303
chr17	36200000	36300000	0.010472034021034053	0.047671317380310635	0.4562504691714996	-0.011315277358168872
chr17	36300000	36400000				
chr17	36400000	36500000	0.01101417944686555	0.12845509596640103	0.3762774045842809	-0.1353132537248008
chr17	36500000	36600000	0.0064899980192475795	0.4292090254943237	0.3298359798875588	-0.10955628090112228
chr17	36600000	36700000	0.00599022588241229	0.12874964043949252	0.24952965029053162	-0.13864911393169685
chr17	36700000	36800000	0.0072014152822740835	0.32582653520151245	0.26622083310644207	-0.15858153475682496
chr17	36800000	36900000	0.006686877614211049	0.25727213338934446	0.3219583249008972	-0.13667508954866425
chr17	36900000	37000000	0.006834711107190603	0.1691696970534426	0.27249125563851295	-0.12210095740343987
chr17	37000000	37100000	0.005829291970966149	0.1425209295029049	0.22086727560261893	-0.13718978087958753
chr17	37100000	37200000	0.00585536337978976	0.23891014892110368	0.2440751004731853	-0.13994588755156387
chr17	37200000	37300000	0.006278609274199976	0.29998291001438876	0.25456818882938537	-0.16756780315454395
chr17	37300000	37400000	0.005693945761649928	0.45824251008183253	0.27645147895064154	-0.1581515394752873
chr17	37400000	37500000	0.006150715987682244	0.39583933810580413	0.2954466202465591	-0.12097909649335374
chr17	37500000	37600000	0.006700027429287935	0.3866286168185657	0.27476290061124653	-0.1080668698335299
chr17	37600000	37700000	0.006545911135145416	0.3288951947135744	0.3074645342999652	-0.13148537350239825
chr17	37700000	37800000	0.00799026863394341	0.4358007198601893	0.3781166330709374	-0.1041778370254058
chr17	37800000	37900000	0.0069692424927390115	0.22474507860631768	0.3255695135774447	-0.06797642452114809
chr17	37900000	38000000				
chr17	38000000	38100000				
chr17	38100000	38200000				
chr17	38200000	38300000	0.015533687433062281	0.644875536508205	0.252227654647387	-0.05287198942098049
chr17	38300000	38400000	0.007772872544381012	0.8936051384866862	0.38560547570031317	-0.2217896467242002
chr17	38400000	38500000	0.008744801729866714	0.8471092381241766	0.3216196276310175	-0.32751407180561354
chr17	38500000	38600000	0.009633375933845141	1.0167426809839257	0.4162576605212589	-0.4555550615818717
chr17	38600000	38700000	0.006587739843332943	0.9341875453665275	0.3022256245192397	-0.34018339298129435
chr17	38700000	38800000	0.00658667850500983	0.8152681650428882	0.30165240696136075	-0.46643339163593395
chr17	38800000	38900000	0.006900043345450007	0.9317358036463724	0.2767135739850495	-0.4111279814824917
chr17	38900000	39000000	0.007064871205385386	0.6735221960938033	0.2879697288595547	-0.3684021388696238
chr17	39000000	39100000	0.00750404729388359	0.949457183587457	0.2665882896211759	-0.4510151278193516
chr17	39100000	39200000	0.00614607097952425	0.6144467184616523	0.26448582278304694	-0.3647726675869627
chr17	39200000	39300000	0.0063429514221413595	0.5930279543601399	0.22682426954710608	-0.3117678602322094
chr17	39300000	39400000	0.00727205248200297	0.8389921818041484	0.2811040172158399	-0.330492095972362
chr17	39400000	39500000	0.006581215253597419	0.7939843765951549	0.25316125016859187	-0.37957957937469783
chr17	39500000	39600000	0.0069794862541602744	0.7515944971247093	0.2810324498131733	-0.3777978882248445
chr17	39600000	39700000	0.007331559819738179	0.8697820367566279	0.30997169798480245	-0.4454091825766337
chr17	39700000	39800000	0.006913665996398956	0.8199377008660089	0.26139451813537506	-0.45361584950739375
chr17	39800000	39900000	0.007160574088118771	0.7946522184787251	0.2752132463899836	-0.4303905977357198
chr17	39900000	40000000	0.006147488688902593	0.7273683181347638	0.289422437347389	-0.4021871897027683
chr17	40000000	40100000	0.007366058027785137	0.874190757681176	0.35780024598886423	-0.47446738907463115
chr17	40100000	40200000	0.006967180073246326	0.9477025496767193	0.32577112189144436	-0.47365843899802634
chr17	40200000	40300000	0.006892250208078877	0.7326232925645302	0.33942236988730895	-0.37364938003732695
chr17	40300000	40400000	0.006838001616620179	0.43812086976502645	0.29096642756732494	-0.3542946824829766
chr17	40400000	40500000	0.006778618385440692	0.6154348701554991	0.30406383216828514	-0.33242578759844743
chr17	40500000	40600000	0.006499066989790044	0.2549483989368675	0.290536515458992	-0.2843718873772434
chr17	40600000	40700000	0.006086547529572158	0.1434948986527234	0.3398493994334899	-0.15933690203656975
chr17	40700000	40800000	0.006487405538832742	0.108644668800996	0.3307631150088479	-0.2044048043374195
chr17	40800000	40900000	0.0053203950940996746	-0.1126745827388456	0.2693235055720046	-0.20552371506536957
chr17	40900000	41000000	0.005800199431389223	-0.08499435479439134	0.3007853972401043	-0.15506273045495914
chr17	41000000	41100000	0.008881263263745852	0.05215570847274348	0.3690516735633869	-0.24608078680619164
chr17	41100000	41200000	0.007846077005744134	0.02625614396286386	0.31350308025597373	-0.22058368842273707
chr17	41200000	41300000	0.007406852668591579	-0.02918759950966279	0.2944258227982445	-0.21594294267557257
chr17	41300000	41400000	0.00520975729235826	-0.10288254806587507	0.3254066054272617	-0.20002146954806554
chr17	41400000	41500000	0.005882035490452573	0.015259312923224697	0.3448059524245446	-0.19641038656221302
chr17	41500000	41600000	0.00600045307147153	0.20788370261662503	0.3816711931667317	-0.29939137918632336
chr17	41600000	41700000	0.00583720257869592	0.19163906230707425	0.3511164017707826	-0.24408493043769847
chr17	41700000	41800000	0.007060331224342423	0.6964755032751287	0.3745144768169231	-0.379771134684844
chr17	41800000	41900000	0.007403507138620311	0.9003089285915647	0.4335432570753922	-0.40928969057310616
chr17	41900000	42000000	0.00670329725862114	0.6783723813014496	0.3416954982675659	-0.4157596796915733
chr17	42000000	42100000	0.007306866940371044	0.8831600715583917	0.39770534353839415	-0.4616318615490883
chr17	42100000	42200000	0.00680023796729189	0.7053204826323138	0.3645085382330258	-0.4526990818576483
chr17	42200000	42300000	0.0076793499316417276	0.8577752761991946	0.3694448743317392	-0.49658680988814574
chr17	42300000	42400000	0.007388299643594507	1.064697143380419	0.33773144480252154	-0.5737523367858299
chr17	42400000	42500000	0.004145366475436977	1.1292096891611165	0.03265315471551298	-1.373903188051423
chr17	42500000	42600000	0.004122024153022463	1.1820162454949157	-0.00421501555232641	-1.3697415216242363
chr17	42600000	42700000	0.005283870389391437	1.5609209307846608	0.0036316722296415005	-1.435232426683505
chr17	42700000	42800000	0.005072876090554601	1.4636963698841745	-0.02626074794837041	-1.4428807518799318
chr17	42800000	42900000	0.005463143186938702	1.441691010078974	-0.07369918510483905	-1.4218170943648603
chr17	42900000	43000000	0.004784400974815476	1.2592625784101983	-0.04325630102347519	-1.3477694175293342
chr17	43000000	43100000	0.004480367158595781	1.3275201195338595	-0.086994383611776	-1.3285946146959495
chr17	43100000	43200000	0.00591224236101679	1.3955346735048815	-0.11052555358245365	-1.3391716210350555
chr17	43200000	43300000	0.01630191268840637	1.2639209062383783	-0.14547896935727894	-1.2553178156559204
chr17	43300000	43400000	0.005910284657476891	1.046053015897718	-0.2860873441006169	-1.0780599498690089
chr17	43400000	43500000	0.006305554325577708	1.0776727922771383	-0.25407723429689333	-1.0365794009083962
chr17	43500000	43600000	0.005169565388594223	1.0346471125876127	-0.1706477918162007	-1.067234560879502
chr17	43600000	43700000	0.006101459650879396	1.1030766501956266	-0.1637926295440479	-1.070463507162442
chr17	43700000	43800000	0.004932426005241332	1.0005103225471277	-0.10978457987474172	-1.0741358390401845
chr17	43800000	43900000	0.0050759844932500055	1.12768007227408	-0.10950461048215897	-1.1276168524359287
chr17	43900000	44000000	0.005711264379022797	1.2881269070267907	-0.08492319958386652	-1.2481377505628708
chr17	44000000	44100000	0.005876567499098125	1.4079284752312575	-0.05058263011252731	-1.2982872900007427
chr17	44100000	44200000	0.005285242076534411	1.2390156187530288	-0.02154365690948475	-1.262168298654807
chr17	44200000	44300000	0.006328359777620787	1.538792411446042	-0.02598419533846277	-1.485244750369283
chr17	44300000	44400000	0.005152919384266137	1.049593769699699	-0.03138529006853251	-1.1201996021431917
chr17	44400000	44500000	0.005554585352769179	1.2031794386804495	-0.10989190881896241	-1.1240600744175255
chr17	44500000	44600000	0.005137993153562123	1.1903736289687072	-0.13323620258604635	-1.1427920285242548
chr17	44600000	44700000	0.004867226820830515	1.0017033332408665	-0.10995474997557841	-1.0313566929010927
chr17	44700000	44800000	0.0051487381318654915	1.0551051216071596	-0.10514285495155531	-1.0522961939409075
chr17	44800000	44900000	0.005275001865698772	1.2645996038966663	-0.1222855805667613	-1.301029113753205
chr17	44900000	45000000	0.006280665965664384	1.3566279248379938	-0.1279893544379106	-1.3488935252888108
chr17	45000000	45100000	0.005306858485323493	1.3576585387723732	-0.14688219507195427	-1.3214730170989262
chr17	45100000	45200000	0.005623368271346173	1.0751863423683568	-0.2037374523981531	-1.1056433482101078
chr17	45200000	45300000	0.00555472312525732	0.8905784850407409	-0.2364357648676361	-0.9999981486170005
chr17	45300000	45400000	0.0057472477802998235	1.085941782819785	-0.2504892383763502	-1.0781802045515758
chr17	45400000	45500000	0.006791737273528274	0.7441064562190564	-0.3161368590020139	-0.9400346082314972
chr17	45500000	45600000	0.010366640066103588	0.776322003247833	-0.4510535734325453	-0.9014108289953232
chr17	45600000	45700000	0.005613186351704845	0.5004782744613173	-0.22598248755267766	-0.7176517267289154
chr17	45700000	45800000	0.006305791588245201	0.7362751914708969	-0.33672705655756463	-0.9592222194331008
chr17	45800000	45900000	0.005307968822700941	0.45428498763326236	-0.26858427431455095	-0.7132626483989901
chr17	45900000	46000000	0.0050690548300135075	0.5649083047190915	-0.28351257040039485	-0.8082005579785362
chr17	46000000	46100000	0.006898909073203428	0.7809266913035132	-0.37947198442875696	-0.8585530389593442
chr17	46100000	46200000	0.007732712309070547	1.2799447735910363	-0.5173221162024615	-1.1820423003430918
chr17	46200000	46300000	0.006484032569991418	0.5484802013444547	-0.31704642292228097	-0.7283276727229696
chr17	46300000	46400000				
chr17	46400000	46500000	0.017626030213231392	0.4615336003352448	-0.406475815207403	-0.7151623048420306
chr17	46500000	46600000				
chr17	46600000	46700000				
chr17	46700000	46800000	0.0067492440325559976	0.5746504438884514	-0.37138269337173374	-0.716397565615869
chr17	46800000	46900000	0.007264270483310734	0.7975086837183442	-0.47908307873283984	-0.9445045852553013
chr17	46900000	47000000	0.005765491577308103	0.6556023393828405	-0.4129622547495648	-0.7595786654373347
chr17	47000000	47100000	0.006998570781427799	0.5903659307290263	-0.3686134475286825	-0.7241755864710255
chr17	47100000	47200000	0.004780110166655233	0.5747004976040863	-0.35816669248709226	-0.7460569842395584
chr17	47200000	47300000	0.005173853565132128	0.5741288699977547	-0.3259500802113012	-0.6710946718462356
chr17	47300000	47400000	0.0059478761510005865	0.44997976175795623	-0.34072226578258136	-0.6525119557402889
chr17	47400000	47500000	0.005850559967435463	0.6236045462040709	-0.26131641330050986	-0.7104396685509192
chr17	47500000	47600000	0.0071917051662510716	0.9104146502450334	-0.2516362417400472	-0.7464755901088533
chr17	47600000	47700000	0.0051846913643998765	0.9408872376246855	-0.3210165849711145	-0.9130046635993614
chr17	47700000	47800000	0.005899670756911393	0.9557832962429581	-0.3448386333111269	-0.9629014990332869
chr17	47800000	47900000	0.005496192095316475	1.1151836699672981	-0.3855045522923414	-1.0481003150093553
chr17	47900000	48000000	0.005339870005221204	0.9446316819857149	-0.38941653924749786	-0.9044055022808936
chr17	48000000	48100000	0.0053090154179441865	0.7436355153698281	-0.33956331782396654	-0.8623270660340125
chr17	48100000	48200000	0.004848924971942672	0.40827052259875496	-0.28659304557974663	-0.632274013866295
chr17	48200000	48300000	0.005164308554709309	0.4530794634620829	-0.3198120284225032	-0.668840907296688
chr17	48300000	48400000	0.005480296951374149	0.30819649008035577	-0.26418988606133154	-0.5664963878506242
chr17	48400000	48500000	0.004946764406321211	0.5078487039612276	-0.3386762655151255	-0.6769286584501792
chr17	48500000	48600000	0.005329117839273985	0.45547864902471735	-0.25744796128551156	-0.6791492774770412
chr17	48600000	48700000	0.005108060737608796	0.34968669878432773	-0.2517491875862279	-0.6599300786695937
chr17	48700000	48800000	0.005616067438438025	0.6739574474707479	-0.39602690339497787	-0.7868024443024267
chr17	48800000	48900000	0.004952446884836082	0.6098585113269629	-0.3130252199128848	-0.76814717591182
chr17	48900000	49000000	0.00511467325049992	0.8939160863233444	-0.46246188285182566	-0.9800731174954507
chr17	49000000	49100000	0.005790116833739629	0.9461850605950965	-0.48427764721752137	-1.0068688669609425
chr17	49100000	49200000	0.005089575399750879	0.777775864577465	-0.48740577529125967	-0.9471479096963196
chr17	49200000	49300000	0.004627588251005866	0.7112121698966367	-0.4476121205881681	-0.8914660784787614
chr17	49300000	49400000	0.00511543480093128	0.7746466178625308	-0.5130554693846274	-0.9460057832574437
chr17	49400000	49500000	0.0055902710647871825	0.8903672928879008	-0.5510166943387725	-1.0811595434164551
chr17	49500000	49600000	0.004919129381379569	0.672474821498107	-0.4828868440316549	-0.923279367371586
chr17	49600000	49700000	0.005046614708094353	0.907479264815889	-0.5899331172972295	-1.0634235182341898
chr17	49700000	49800000	0.004555069970791282	0.876384478991717	-0.62684618042124	-1.0830948584787672
chr17	49800000	49900000	0.005506941867708184	0.8961519989972877	-0.6320243715108944	-1.0717803824985883
chr17	49900000	50000000	0.00641698856164726	1.0692420426209641	-0.825430622160292	-1.3054216970798154
chr17	50000000	50100000	0.005112661405723059	0.9726569019207	-0.6705618689953019	-1.1868808272552327
chr17	50100000	50200000	0.0067320648254850625	1.1036764347200818	-0.8416140863834897	-1.3346048184526378
chr17	50200000	50300000	0.00613802101045638	1.2688868147838006	-1.071837898200252	-1.4702770325003705
chr17	50300000	50400000	0.005642874246834836	1.0987791813317809	-0.9740246856297111	-1.3403486336579566
chr17	50400000	50500000	0.004959367789928055	1.106868578438	-1.111962110341351	-1.36684904069098
chr17	50500000	50600000	0.005786849978972734	1.0473776100770866	-1.1852561056321471	-1.3885152595412633
chr17	50600000	50700000	0.006239315200578335	0.9526369980152406	-1.2497322339193195	-1.3323998347877608
chr17	50700000	50800000	0.005013431545484939	0.6088207506450269	-1.1754067780531468	-0.9571801939439636
chr17	50800000	50900000	0.005841623712782152	0.6374675937794206	-1.4012140290842203	-0.9962314837381979
chr17	50900000	51000000	0.005420626476966615	0.4734106096655464	-1.3283625048877217	-0.8555847630026405
chr17	51000000	51100000	0.006236516019287894	0.5118256116204369	-1.5582966035239119	-0.8650255900404764
chr17	51100000	51200000	0.0050172183879408	0.32406938213903214	-1.5273715222535205	-0.72560404354349
chr17	51200000	51300000	0.005097567251450049	-0.1297876367842946	-1.5762546031786848	-0.5759949782484396
chr17	51300000	51400000	0.004519206594667967	-0.7031248663311974	-0.9765707553199179	-0.31668429830871625
chr17	51400000	51500000	0.0054642284978576	-0.7834066829419348	-1.171302785168452	-0.316146903388055
chr17	51500000	51600000	0.0049604034061322706	-0.7593406335788396	-0.892159302905783	-0.2663651657174734
chr17	51600000	51700000	0.004993303987650339	-0.8002100874901517	-0.9133532869321436	-0.26039998002605796
chr17	51700000	51800000	0.004294069084276884	-0.7873288792979756	-0.7041124878048797	-0.23843567708332009
chr17	51800000	51900000	0.004835089701843517	-0.8017002084695972	-0.692016351873739	-0.2406054069813459
chr17	51900000	52000000	0.006649733628638121	-0.8809273790819645	-0.8466429899342334	-0.22438020666650585
chr17	52000000	52100000	0.005977415315830199	-0.8533740903891465	-0.7304055017722	-0.18957487956186758
chr17	52100000	52200000	0.004443524635480349	-0.7898287257111192	-0.523227551254224	-0.19488557147775665
chr17	52200000	52300000	0.00526063853257877	-0.8483674799065527	-0.6676030426523579	-0.19052089781345588
chr17	52300000	52400000	0.005611957640417403	-0.7947153790353038	-0.5166300601959015	-0.18074794496329652
chr17	52400000	52500000	0.005809007328491737	-0.8222870116645877	-0.6045872674720013	-0.1906338314072877
chr17	52500000	52600000	0.005014945962392845	-0.8087973025311906	-0.5322955981908879	-0.17426444184435733
chr17	52600000	52700000	0.005992055466975813	-0.7995201213434555	-0.5160010158099745	-0.19717033148738544
chr17	52700000	52800000	0.006038564437567526	-0.8242800836982136	-0.6257660109298597	-0.17815629111726905
chr17	52800000	52900000	0.005792290146454141	-0.840093299755056	-0.5693141537934779	-0.19116650088518686
chr17	52900000	53000000	0.004732410441134069	-0.801083047485484	-0.5049519714799402	-0.17802867518030158
chr17	53000000	53100000	0.004487850801076435	-0.7393943999471726	-0.43807233954113906	-0.18756941039458463
chr17	53100000	53200000	0.004720393533627989	-0.7301505468851999	-0.48986871430710105	-0.17508143814972957
chr17	53200000	53300000	0.005233970845324631	-0.732076259706298	-0.4837248213097168	-0.19340316517315556
chr17	53300000	53400000	0.005413010186206544	-0.7051532196733871	-0.5469282200587016	-0.20805828995763606
chr17	53400000	53500000	0.0048233427459874155	-0.6754502615281632	-0.5441945565402644	-0.19641362407334856
chr17	53500000	53600000	0.005195032553361408	-0.6788803016934825	-0.4638289865205991	-0.18771661031222764
chr17	53600000	53700000	0.004827426684694218	-0.670786383154348	-0.47029828957078706	-0.18555030829914854
chr17	53700000	53800000	0.0055584277683035106	-0.6965126840145767	-0.4718709929195095	-0.15411942741163642
chr17	53800000	53900000	0.005023084592748707	-0.6855541706961801	-0.44747280507998594	-0.17590285132152514
chr17	53900000	54000000	0.0050593974086584155	-0.6961409327606982	-0.408842970159433	-0.15803839605060338
chr17	54000000	54100000	0.004755738813205626	-0.7051374298067538	-0.45073686308247113	-0.1588306509830141
chr17	54100000	54200000	0.004104600981305248	-0.6984549516155832	-0.3912977994936419	-0.1544203430509512
chr17	54200000	54300000	0.005084531897400771	-0.6773169624910368	-0.5354692259045737	-0.14409415686227
chr17	54300000	54400000	0.005507791447918077	-0.6435975040472064	-0.6142911277418258	-0.1686920446966146
chr17	54400000	54500000	0.004636310835527802	-0.695399921421257	-0.4219691957643958	-0.16055780532173833
chr17	54500000	54600000	0.005003557773942079	-0.7472688969632789	-0.5065652750641616	-0.11148700890846541
chr17	54600000	54700000	0.005492333476059734	-0.782908161876537	-0.5697079162554647	-0.11657874272302512
chr17	54700000	54800000	0.004691800251051221	-0.7661952659990588	-0.5427909434449912	-0.10503871269428651
chr17	54800000	54900000	0.0042107173014658385	-0.7683285983692291	-0.5848547886670016	-0.08451697407989565
chr17	54900000	55000000	0.004358959819511509	-0.6175258979839279	-0.8386644605546978	-0.06749983251757723
chr17	55000000	55100000	0.00605873267204506	-0.6911999915723044	-0.7461747534857457	-0.09789005432070502
chr17	55100000	55200000	0.0056836379067226024	-0.7009347208316198	-0.8545700536721824	-0.08627539339466088
chr17	55200000	55300000	0.004859046409658132	-0.6938361644904157	-0.8372921587800694	-0.09090715838802053
chr17	55300000	55400000	0.004347519429159821	-0.6619516079755312	-0.693876236750512	-0.08024910844589873
chr17	55400000	55500000	0.004348237614004156	-0.5576622680726314	-0.8615836007427874	-0.09092607698696203
chr17	55500000	55600000	0.004910690705540611	-0.6345652301506644	-0.5574733842503039	-0.15017913331331262
chr17	55600000	55700000	0.00540492664379426	-0.6800600504076524	-0.74559890161682	-0.08945609339847042
chr17	55700000	55800000	0.004522199115630057	-0.6418790265882631	-0.595837395197995	-0.10980101470150092
chr17	55800000	55900000	0.004281671885513204	-0.653494533250911	-0.4328717301372976	-0.15270972063450447
chr17	55900000	56000000	0.00585306583910702	-0.7210410198789408	-0.5946349638425623	-0.08693488529611831
chr17	56000000	56100000	0.005588661607535238	-0.7045773155872568	-0.5188176175464406	-0.12057333189185847
chr17	56100000	56200000	0.0047302282947410835	-0.7065086199913354	-0.45572589546190245	-0.11354224150405953
chr17	56200000	56300000	0.0055600804679262475	-0.7168596158655282	-0.5901410471386448	-0.07231121800059588
chr17	56300000	56400000	0.005696976096410745	-0.7240671520361683	-0.5118668668827702	-0.08067893762199381
chr17	56400000	56500000	0.004822794499116591	-0.6864054082382345	-0.5165669596260037	-0.11160093182886137
chr17	56500000	56600000	0.004572895610358229	-0.5988276862288054	-0.5838685662667428	-0.09242678401602489
chr17	56600000	56700000	0.004713586583219503	-0.5307680601563055	-0.7815467481559457	-0.05486228333552129
chr17	56700000	56800000	0.004860438973950133	-0.5119585005308563	-0.7103541469560539	-0.0772665576028492
chr17	56800000	56900000	0.005100451569533162	-0.18031507101250852	-0.9662602731516627	-0.03887854132692268
chr17	56900000	57000000	0.004924288616606965	-0.01898736501684203	-1.0029155555735236	-0.003479616645157478
chr17	57000000	57100000	0.004467735050253557	0.15336642964227803	-1.0140142328012942	-0.02980459399144673
chr17	57100000	57200000	0.004022299445512349	0.0027392293743067615	-0.6163005004354714	-0.13914920387131252
chr17	57200000	57300000	0.004471987947897261	0.1297816816776109	-0.6842568246658973	-0.12212999489660951
chr17	57300000	57400000	0.005042091404478746	0.22563878737628837	-0.7907683687031646	-0.05231456286865027
chr17	57400000	57500000	0.00509843686033508	0.12357703449842569	-0.6997971510582818	-0.10626425956611855
chr17	57500000	57600000	0.004898568716501297	0.1299104884091583	-0.6807400672884868	-0.09577937027593103
chr17	57600000	57700000	0.005169704999200214	0.14528729636698315	-0.7260559538237721	-0.06825323272753342
chr17	57700000	57800000	0.00404598076354483	0.02992967000755758	-0.5790541274360134	-0.07540008845664599
chr17	57800000	57900000	0.004405259363106101	0.3253242914639667	-0.6462255685421949	-0.014327532964849054
chr17	57900000	58000000	0.005473645323099309	0.7391376477399437	-0.8137671365639322	0.02641701853775826
chr17	58000000	58100000	0.005172277000427311	0.6110068082436437	-0.8037610755154709	-0.005720829680336362
chr17	58100000	58200000	0.004915109634499312	0.29560952679086916	-0.5780904543638387	-0.03400035537178303
chr17	58200000	58300000	0.004905448169112488	0.4937691814849257	-0.7314344203101801	0.029844621253180312
chr17	58300000	58400000	0.006236729326113071	0.8814412192391277	-0.8744628124814876	0.13910754804316208
chr17	58400000	58500000	0.004621012133332121	0.5123907324011318	-0.6223911022996927	0.04243396766067519
chr17	58500000	58600000	0.004112666583772069	0.44329006020492245	-0.5296198430694853	0.045811808476878754
chr17	58600000	58700000	0.004471256165050412	0.5248523234588688	-0.5567871489850026	0.05012365255268626
chr17	58700000	58800000	0.004662289068154146	0.35917087287002625	-0.4562318902187993	0.049453343298707764
chr17	58800000	58900000	0.005108900436123445	0.5049900005236164	-0.5094093812335795	0.10367496715234004
chr17	58900000	59000000	0.005249541468129087	0.41032487767477416	-0.4569498056094688	0.08369779352675756
chr17	59000000	59100000	0.004842873453873041	0.3412335895334138	-0.43522399968769704	0.02034325357754764
chr17	59100000	59200000	0.004967357884746463	0.585579194201557	-0.5295891724731298	0.10582793479256028
chr17	59200000	59300000	0.004808466709781129	0.3559145303319405	-0.4871097958585436	0.08896284640103627
chr17	59300000	59400000	0.005155440272128722	0.5023781030185839	-0.5527091884598545	0.06567312727661118
chr17	59400000	59500000	0.004864716147932636	0.5172785930797952	-0.5425034329643633	0.044676799039100386
chr17	59500000	59600000	0.005643842199065627	0.38206571475827383	-0.43953983500016364	0.11091798847702566
chr17	59600000	59700000	0.004942093744120454	0.48571936862504816	-0.5243985419888825	0.05031965587852419
chr17	59700000	59800000	0.004561281260569262	0.5643410328819088	-0.504006011556019	0.02246422561457783
chr17	59800000	59900000	0.00472203056395607	0.6854667269988323	-0.5103760573978915	0.10621754132052628
chr17	59900000	60000000	0.005699205210923817	0.40903406756210525	-0.40308232898968993	0.009403360865540125
chr17	60000000	60100000	0.005642520336334535	0.20303626583374115	-0.42910714822155166	-0.003481870620880847
chr17	60100000	60200000	0.006041906093261001	0.3103045624980198	-0.4339391212179259	-9.722573810409094e-05
chr17	60200000	60300000	0.005451234545136101	0.34761608747878797	-0.4423000992225471	0.01365381782815575
chr17	60300000	60400000	0.0061085900586545306	0.5278000341894755	-0.5131593812960484	0.03521452981012603
chr17	60400000	60500000	0.004466794463079531	0.14999261384137455	-0.31856917610792745	-0.04575897816545417
chr17	60500000	60600000	0.004478654544019356	0.23412707921263387	-0.4676650444489537	0.05794992474993907
chr17	60600000	60700000	0.004333075169984112	0.05082844500305723	-0.3973475688578957	-0.018396290385254123
chr17	60700000	60800000	0.0045029319954722185	-0.08585421371686269	-0.32649538362691344	-0.04236629202934828
chr17	60800000	60900000	0.005997269744111509	-0.015008473637527832	-0.4158734765439332	0.021985250266412824
chr17	60900000	61000000	0.005045870541030563	-0.133549617487973	-0.2683533486957817	-0.04011467163626509
chr17	61000000	61100000	0.004820378019941823	-0.14610987968546846	-0.29084596717453803	-0.011249220623794774
chr17	61100000	61200000	0.005796085340771639	-0.043533398175298645	-0.3630502546710291	0.01879163984228359
chr17	61200000	61300000	0.0047490563406182755	-0.010715650560723704	-0.3712029597924142	-0.026459686524897153
chr17	61300000	61400000	0.0043631165897254865	-0.13068563090889607	-0.2942293771015152	-0.04156477637308559
chr17	61400000	61500000	0.005803478715312484	0.011291516944490466	-0.3228516111734568	0.028136603835108135
chr17	61500000	61600000	0.004576425127698752	-0.05200791054093588	-0.2699101622567112	0.01483522157216598
chr17	61600000	61700000	0.004602860576893791	-0.07775036390707422	-0.24022623316691366	-0.01806183045095064
chr17	61700000	61800000	0.0059550361545042665	0.10603886466416225	-0.34060546982189865	0.04187290611850906
chr17	61800000	61900000	0.004756808408774819	0.05983440467226133	-0.27426493687365716	-0.03177221319737061
chr17	61900000	62000000	0.00522312483530388	0.25254770284508776	-0.3547768774025339	0.018236573619388113
chr17	62000000	62100000	0.00515149759289027	0.17548507771548477	-0.3460391286932965	0.004340048457189401
chr17	62100000	62200000	0.004278614463239693	0.05922826389060949	-0.31999746081178004	0.010574743307507545
chr17	62200000	62300000	0.00567868891534368	0.03972662192278386	-0.26887436203678866	0.039913035686780965
chr17	62300000	62400000	0.005444967709560665	0.1192055894380646	-0.3850611899521834	0.03616572782389819
chr17	62400000	62500000	0.004650007673362923	0.2431049208627785	-0.43970754057131495	0.06569203949277957
chr17	62500000	62600000	0.005774766181384123	0.4696523037701065	-0.44438655828788515	0.06709678294692542
chr17	62600000	62700000	0.004497860723251656	0.332788439117445	-0.3904514515729915	0.02035641994476551
chr17	62700000	62800000	0.004319395903691905	0.1773381038605211	-0.36724604729071275	0.06304576176579023
chr17	62800000	62900000	0.005203696725108978	0.3078776938987251	-0.41252479099386485	0.03142105738030832
chr17	62900000	63000000	0.004878251623253232	0.14962616784407867	-0.36609368067425135	0.023981959139261853
chr17	63000000	63100000	0.0050382861447754975	0.12661573131191659	-0.3328999950564293	0.03138196710137716
chr17	63100000	63200000	0.005612773453626344	0.18185272190153495	-0.3657923891541489	0.018336980242764193
chr17	63200000	63300000	0.005524049469240701	0.19999459830382113	-0.4016928917697167	0.11313623385906212
chr17	63300000	63400000	0.004539759866784913	0.09744228243228421	-0.3065199235206452	0.03278543401877863
chr17	63400000	63500000	0.004803948609965232	0.2860793162838067	-0.3532215524606627	0.0004385412787453096
chr17	63500000	63600000	0.004997530697762297	0.7365548367439765	-0.5526465231688202	0.11687753011947642
chr17	63600000	63700000	0.0050709636236446224	0.753299523835501	-0.5420278371564735	0.08679636358371555
chr17	63700000	63800000	0.005975497460625043	1.1943821399016248	-0.649971828021028	0.16859498007284915
chr17	63800000	63900000	0.0055071409216394624	1.1935186845937442	-0.6489359295832958	0.1587333826548094
chr17	63900000	64000000	0.006260907512208571	1.0921986204235414	-0.6787383565416558	0.07315833509035731
chr17	64000000	64100000	0.005620187569608414	0.7694321165827119	-0.676938532944578	0.08658852823397817
chr17	64100000	64200000	0.005144331511189095	0.6686957872546433	-0.5777914588869203	0.03930907723677443
chr17	64200000	64300000	0.005059032583438277	0.5913855803933192	-0.5857616214721066	0.07120712317342469
chr17	64300000	64400000	0.005071783813818373	0.5063040540429061	-0.5146238163770699	0.07632737790424231
chr17	64400000	64500000	0.005089224853431306	0.43563383062543864	-0.5334583470877667	0.10576498104592323
chr17	64500000	64600000	0.0059617328623368295	0.6481657099290996	-0.6511321107042175	0.0849052026349381
chr17	64600000	64700000	0.00528438450813798	0.5660254132663957	-0.695423570283175	0.08401522568086867
chr17	64700000	64800000	0.00523732115386716	0.3133585348388599	-0.5669154921000845	0.01348195554623685
chr17	64800000	64900000	0.008443668595888187	0.3733184570488653	-0.7221040598277296	0.3299046798842314
chr17	64900000	65000000	0.005630622823552427	0.20127189469542775	-0.6483086548109096	0.16575272542293779
chr17	65000000	65100000	0.00512127690035181	0.2802293971711755	-0.7280285087465215	0.08965300054379867
chr17	65100000	65200000	0.004395975890621073	0.062026569740877786	-0.5833769629095525	0.022744271055848635
chr17	65200000	65300000	0.0036875894438657443	-0.26773716619335935	-0.3352366453692925	-0.05752860286589729
chr17	65300000	65400000	0.005076465463270405	-0.16634513550108002	-0.4622741107479554	-0.018566929613677844
chr17	65400000	65500000	0.004634540801789987	-0.13353289623870535	-0.4798330588311972	-0.017627413716220015
chr17	65500000	65600000	0.0042487707045947495	-0.07345697035005562	-0.44746581129621293	-0.046702590479428305
chr17	65600000	65700000	0.0046488693438776684	-0.07463088017514921	-0.49060316453552333	0.010026735841735794
chr17	65700000	65800000	0.0045271576987142535	-0.10841928093289807	-0.42593084193876735	0.006006659652395279
chr17	65800000	65900000	0.005926496235331439	-0.16071843550885936	-0.4882663062615019	-0.0047233392058757115
chr17	65900000	66000000	0.005325756518141937	-0.22247244061744478	-0.3872749371927317	-0.03494108144186082
chr17	66000000	66100000	0.005272654590375717	-0.19938210780365132	-0.4590646248255077	-0.028795678234501233
chr17	66100000	66200000	0.004394088767455288	-0.23080493691397266	-0.40832583711542475	-0.09180669291247512
chr17	66200000	66300000	0.0035370229027056246	-0.1390721850554295	-0.4019453066894442	-0.061119623209563934
chr17	66300000	66400000	0.00477679904689445	0.09606673771308856	-0.6003909278198529	-0.0037655618155175334
chr17	66400000	66500000	0.005190645909645876	0.15527067641877573	-0.6160018670000725	0.0022520669218617927
chr17	66500000	66600000	0.004672691972807687	0.07801412311368443	-0.5918866605650895	0.009488863694788255
chr17	66600000	66700000	0.004104558529111641	-0.11174472476100429	-0.4432520973535231	-0.054468368159524196
chr17	66700000	66800000	0.004516780517438914	0.047517055813212666	-0.5485967539074206	-0.08078347630715142
chr17	66800000	66900000	0.005851802029247529	0.13519828692119606	-0.6513576844932579	-0.04816023642524633
chr17	66900000	67000000	0.00457372848146473	0.08379430869538274	-0.5906097427740947	-0.08481553089456029
chr17	67000000	67100000	0.004926121650861473	0.17688509075954695	-0.6684515017895943	-0.052516846297567345
chr17	67100000	67200000	0.005320638127373719	0.3431247468626661	-0.7427818879056969	0.057136303315200664
chr17	67200000	67300000	0.004532330649410964	0.38953574523314655	-0.7792412327901644	0.011163545120218641
chr17	67300000	67400000	0.004099110881376103	0.3155792188599826	-0.6910241987685889	0.04909297153907793
chr17	67400000	67500000	0.005003193131319924	0.5197606567518431	-0.8475677446811778	0.09351396836760764
chr17	67500000	67600000	0.005183017746574094	0.5134634999619403	-0.9172882759228431	0.1208524218801955
chr17	67600000	67700000	0.004493257757889813	0.32617229687344484	-0.7732975131183961	0.03947209704876806
chr17	67700000	67800000	0.004370397454224715	0.3851355481196714	-0.8567652712856038	0.06489602411942544
chr17	67800000	67900000	0.005458154112394026	0.5308811769147631	-1.0606124045454308	0.20562661164954496
chr17	67900000	68000000	0.005744009730825736	0.5227467526146387	-1.0660770487047844	0.1627234114536202
chr17	68000000	68100000	0.004965040780872369	0.2414200523472541	-1.0670382895462445	0.0744119293792241
chr17	68100000	68200000	0.0049389895444759595	0.05701399160398508	-1.005865694879844	0.028969235657997847
chr17	68200000	68300000	0.005027948119885372	-0.10596905779042115	-0.924795499700347	-0.005794544006359815
chr17	68300000	68400000	0.005455576923170015	0.014536830140597076	-1.0692521946403748	0.04397745604017869
chr17	68400000	68500000	0.004386069218523417	-0.26869299334756275	-0.6621068315159241	-0.024103949058193453
chr17	68500000	68600000	0.004699766687313095	-0.4411283564476823	-0.8011110181804587	0.02062169824334489
chr17	68600000	68700000	0.005848979019868185	-0.5171981648256542	-0.83922765479828	0.08527145771627123
chr17	68700000	68800000	0.004057640820017708	-0.5982882392613856	-0.5990069581385501	-0.018613705359874753
chr17	68800000	68900000	0.005388602789935073	-0.7554857158041752	-0.6663522524507455	0.050880486999852696
chr17	68900000	69000000	0.005683409214489794	-0.7236986519254339	-0.5586812478033851	0.02103092302568993
chr17	69000000	69100000	0.006045565746851764	-0.6909919537866779	-0.6549612788855194	0.022797259101229216
chr17	69100000	69200000	0.006862945960599866	-0.754270023294653	-0.6736731311564548	0.06717899768910768
chr17	69200000	69300000	0.004591136433527361	-0.6496404061111092	-0.4389322222049318	-0.06120089093213386
chr17	69300000	69400000	0.004375549625126595	-0.5590319502522019	-0.664741860134793	-0.004545730494847989
chr17	69400000	69500000	0.005215470998557678	-0.4476186920795804	-0.9016627102291935	0.022429482678455518
chr17	69500000	69600000	0.0040167363768016905	-0.6451431451993115	-0.4559593631723657	-0.07251025513565212
chr17	69600000	69700000	0.004954408080941704	-0.7117969038356322	-0.4645802818789008	-0.049661344290756866
chr17	69700000	69800000	0.005015706373844148	-0.7250135105471225	-0.47744113276703837	-0.03453163983414512
chr17	69800000	69900000	0.005533163785139629	-0.7157885111680785	-0.4810110484731828	-0.0007501675384150657
chr17	69900000	70000000	0.005212553344595676	-0.7160870246512478	-0.46365814797776167	-0.00728112516132835
chr17	70000000	70100000	0.004910353474778387	-0.6844845144155671	-0.4618514273093217	-0.009025056632511082
chr17	70100000	70200000	0.004652819976955451	-0.6426191108998143	-0.37591232433976546	-0.06567365326901717
chr17	70200000	70300000	0.005304913088946093	-0.6629842238121021	-0.4863485893863343	0.0018837680617742323
chr17	70300000	70400000	0.005543682221897341	-0.6762439633452588	-0.5576250977763823	0.05022686323594683
chr17	70400000	70500000	0.006171724074589577	-0.7164154725362641	-0.5937167883855491	0.03938997914656981
chr17	70500000	70600000	0.005240568445417805	-0.6422251207612883	-0.41914534615562216	-0.008146935610284132
chr17	70600000	70700000	0.004344490022660281	-0.6700361721993768	-0.39775448323542234	-0.08412550901683653
chr17	70700000	70800000	0.005443218320066364	-0.6898472908518091	-0.4333652936914159	-0.09151304449108677
chr17	70800000	70900000	0.005578473933531606	-0.6511623868095768	-0.6005657547702681	0.006059320961361588
chr17	70900000	71000000	0.005109551484289404	-0.7003306574258019	-0.5184312427749892	-0.002030842225351415
chr17	71000000	71100000	0.005007430473520977	-0.6586916682550632	-0.5176138616730787	-0.04736508812395961
chr17	71100000	71200000	0.005010213961932627	-0.691358016213329	-0.37878506746586266	-0.04535235759907254
chr17	71200000	71300000	0.005784827207690315	-0.7343852453901688	-0.5146252214898612	0.020233549280882702
chr17	71300000	71400000	0.005682004019116525	-0.745864019955672	-0.5653552331916603	0.05386530772001444
chr17	71400000	71500000	0.004541929861500662	-0.7097821171359365	-0.4098269162578593	-0.05223915268560399
chr17	71500000	71600000	0.005434938214707576	-0.7209745333077167	-0.5425166563632108	0.07260817641222264
chr17	71600000	71700000	0.005657831804943939	-0.736056680467036	-0.5218929132810219	0.09731352744884822
chr17	71700000	71800000	0.004934215746033423	-0.6921852783974192	-0.4224355450624664	0.013093161040840401
chr17	71800000	71900000	0.004880812700615944	-0.6904571473955942	-0.5434939769998374	0.09305438043435829
chr17	71900000	72000000	0.0045746084009272905	-0.6911841439688038	-0.5354344119664666	0.07312138957792537
chr17	72000000	72100000	0.004516192369645438	-0.6146721250033158	-0.5609185107275048	0.0749494265872098
chr17	72100000	72200000	0.004175767507155948	-0.5033268035769223	-0.6406274427027823	0.12581044542152026
chr17	72200000	72300000	0.004906444580518542	-0.5136247883996101	-0.7762991354652188	0.19316961515113965
chr17	72300000	72400000	0.004919864044456614	-0.5346102278303021	-0.7340531520799378	0.1837993469069277
chr17	72400000	72500000	0.004226398808001792	-0.507781217596377	-0.6957904428518816	0.1759777334545468
chr17	72500000	72600000	0.003964839623860914	-0.5163937706359697	-0.6816421760276585	0.09535661630211811
chr17	72600000	72700000	0.004195590348413825	-0.34669773925837716	-0.9017450238826261	0.20828701319985893
chr17	72700000	72800000	0.004161635021141065	-0.30050044253444796	-0.6812729589732357	0.20030977293716037
chr17	72800000	72900000	0.005233841826811286	-0.2682312634227372	-0.9391540702566987	0.40844633405617214
chr17	72900000	73000000	0.005124377628266018	-0.28181292025576754	-0.9578104002957973	0.3691202861169208
chr17	73000000	73100000	0.00486369824388001	-0.1910966672060155	-1.070574600519192	0.48907155164965754
chr17	73100000	73200000	0.004320482845116333	-0.2710124369454463	-0.9238155892084996	0.3966561006671666
chr17	73200000	73300000	0.004364194540200213	0.11962702843024733	-1.0205566795707008	0.5702119043972959
chr17	73300000	73400000	0.005463678423762192	0.291960915127346	-1.1565476025376091	0.7152889632939472
chr17	73400000	73500000	0.005052627589856284	0.2585808926535005	-0.9699521887995355	0.6492287568751637
chr17	73500000	73600000	0.005904532436862456	0.38576825632308454	-1.0533308724811157	0.7857434488148687
chr17	73600000	73700000	0.004914102062440251	0.31592084696631534	-0.9045219755353205	0.6955429315844318
chr17	73700000	73800000	0.004818881185031502	0.242786076441812	-0.9015845505890674	0.6662850456771316
chr17	73800000	73900000	0.004970691350185562	0.2530125308556872	-0.911900698736571	0.7530578443935191
chr17	73900000	74000000	0.00518741870900698	0.2610261163922324	-0.9446482292486609	0.7643860429073777
chr17	74000000	74100000	0.005006917200989454	0.4834152260876197	-0.9654038269086289	0.9104397782448418
chr17	74100000	74200000	0.005212303649562611	0.6250652271350169	-1.0879278465170388	1.0772348551191635
chr17	74200000	74300000	0.00523787636597222	0.9270993494213443	-1.0398334791787458	1.3181038457875172
chr17	74300000	74400000	0.00576349225526134	1.0426029936441916	-0.90583307294505	1.4191598969513834
chr17	74400000	74500000	0.005880877799880258	1.2933271691158104	-0.9806598154262901	1.6698156907387205
chr17	74500000	74600000	0.005507659618139916	0.9228282336201475	-0.8441216971134894	1.3624262468375168
chr17	74600000	74700000	0.005303186218629022	1.2093323043980504	-0.7772878853569226	1.5992944959465205
chr17	74700000	74800000	0.0057714488752890454	1.5152708549054403	-0.7895981882331511	1.8442067127194883
chr17	74800000	74900000	0.00644773242127527	1.7149312926919622	-0.7722654733383045	1.9541432906701222
chr17	74900000	75000000	0.0059823443750519345	1.825573251059209	-0.6560343121220857	2.0553749417673473
chr17	75000000	75100000	0.0056307780968595554	2.0374714848799385	-0.5342373881853696	2.2328786852339366
chr17	75100000	75200000	0.005725251367192141	2.1783901995840336	-0.4644506885922539	2.415760611051186
chr17	75200000	75300000	0.005088558011681781	1.5242430636305857	-0.2884955900288931	1.6836457016301298
chr17	75300000	75400000	0.005929710004861903	2.252553504052655	-0.4483969816967651	2.5125298933493934
chr17	75400000	75500000	0.00539728668002101	1.6674233492398418	-0.23744305973234442	1.8682718048583724
chr17	75500000	75600000	0.005982187959715436	1.832619945478834	-0.1554100518874295	1.911791475744396
chr17	75600000	75700000	0.007298223272065644	2.0507617507080935	-0.10085831258754452	2.152282778783551
chr17	75700000	75800000	0.006168523912774037	2.1205516077666147	-0.0809377489486342	2.1925182836794512
chr17	75800000	75900000	0.0058527510250542805	2.0907500520324485	-0.08642017278833102	2.147444852756015
chr17	75900000	76000000	0.005353922962904568	2.0485702996281496	0.05983628594541116	2.2076146725611085
chr17	76000000	76100000	0.005969871035477504	1.6624684628340978	0.12323349484313595	1.8837569170030994
chr17	76100000	76200000	0.005327370916703523	1.8572993400668747	0.04439955526148789	2.021195159516124
chr17	76200000	76300000	0.005315950321485418	0.8234662632317932	0.3224138165380373	0.5331768194228899
chr17	76300000	76400000	0.005595551811607373	0.8582771385552965	0.3173393801336595	0.5132291771069218
chr17	76400000	76500000	0.0060378491767162975	0.9859481558568516	0.28916096257646967	0.661354337208862
chr17	76500000	76600000	0.0063032157272065415	1.035899214742846	0.32727319668479554	0.7075892690729528
chr17	76600000	76700000	0.006332809836243364	0.9403964344951455	0.25419642427967903	0.7144127815460264
chr17	76700000	76800000	0.0051590935889365575	0.7284028535617388	0.24477902258783002	0.5730233642445002
chr17	76800000	76900000	0.005080176378099535	0.5358523118842506	0.2548175146637534	0.4476738215171848
chr17	76900000	77000000	0.006137557899336559	0.6501251638821905	0.26446721861195915	0.5340102294496423
chr17	77000000	77100000	0.005090547094816557	0.48118032270997	0.2533474017536227	0.41605745451317483
chr17	77100000	77200000	0.005991286030640812	0.8123086801969372	0.2206739129358056	0.7444630737149627
chr17	77200000	77300000	0.005356339561774929	0.4511736124410299	0.214788150170606	0.3868632669197191
chr17	77300000	77400000	0.006290700633064272	0.43641134478450433	0.24798777928012672	0.40302534675989554
chr17	77400000	77500000	0.007548639242468076	0.49044570102015506	0.2587681163570008	0.44119394560063346
chr17	77500000	77600000	0.004642436199145366	0.24644810126439864	0.22492149059052136	0.28878082139826805
chr17	77600000	77700000	0.0056346437235509994	0.35824547255101613	0.22048350971915284	0.3657057501572649
chr17	77700000	77800000	0.005369119870099422	0.374337867241988	0.22421418962939554	0.41454947532129754
chr17	77800000	77900000	0.0055863790991046115	0.3483174867303816	0.3100956941927437	0.386081960892168
chr17	77900000	78000000	0.005690975254109478	0.5531306850011234	0.22228832005732016	0.535451800435473
chr17	78000000	78100000	0.005390723542673732	0.5403351758530355	0.21357729988803656	0.41308769780033394
chr17	78100000	78200000	0.006917006665595109	0.8839345786175163	0.3718287642911935	0.6487930542374388
chr17	78200000	78300000	0.00629367016065391	0.8057811211369958	0.2752308777564512	0.6360214721282421
chr17	78300000	78400000	0.0066897921415664885	1.0191729378962986	0.29234207054869815	0.8055028379048793
chr17	78400000	78500000	0.005683500695690735	0.4470988618635722	0.27433180419817227	0.4109862510151689
chr17	78500000	78600000	0.006385563083527209	0.6638308527780659	0.3486545167675341	0.530191269009328
chr17	78600000	78700000	0.00721024715977556	0.607416416398377	0.26614599717923004	0.4437712680909686
chr17	78700000	78800000	0.0053038057117705244	0.5883579708460794	0.3154276447641737	0.31519386551971135
chr17	78800000	78900000	0.005277995171222933	0.7011644726949909	0.3769500416238877	0.3223635031616855
chr17	78900000	79000000	0.0055598718604521	0.7816508856149476	0.3991626900307706	0.37027114949065043
chr17	79000000	79100000	0.005906716912494674	0.47737821614677983	0.3182959528883051	0.28076485968265935
chr17	79100000	79200000	0.006400335493522389	0.27471100995745584	0.31373628564739026	0.18295974142784321
chr17	79200000	79300000	0.007344150157579237	0.519017147698127	0.3585000327106301	0.3243357734592693
chr17	79300000	79400000	0.005503708514172488	0.22441652083872826	0.2972153610068984	0.1410030366983822
chr17	79400000	79500000	0.006568748424600301	0.2848938473511708	0.27207409966382745	0.17086392689365712
chr17	79500000	79600000	0.006538531467736115	0.47462167431654156	0.38575820686694406	0.295380944219161
chr17	79600000	79700000	0.005483252119016126	0.4467917360720714	0.3308978667844305	0.30289997689615766
chr17	79700000	79800000	0.005245624742772166	0.5307314619456657	0.35210675849262346	0.30843086354744637
chr17	79800000	79900000	0.00675689517419014	0.9128960009850063	0.39995472564651774	0.6110289656778358
chr17	79900000	80000000	0.006951295550901114	0.6940649297585642	0.33239181366298415	0.43630113718070934
chr17	80000000	80100000	0.005265905177476427	0.6034596805405262	0.38292049385013105	0.3549722295818299
chr17	80100000	80200000	0.00620624583421095	0.6593787453020084	0.39119703558841046	0.34521128595856443
chr17	80200000	80300000	0.006642538749418862	0.7072043006004342	0.37418657114730325	0.37911849718471796
chr17	80300000	80400000	0.0051446892475935195	0.41190758532845556	0.36910059655794236	0.24119698158504543
chr17	80400000	80500000	0.005316192824713449	0.3719219385422009	0.34292405871328363	0.2577404190510117
chr17	80500000	80600000	0.0054932468112193706	0.5992799710761972	0.4030786976559586	0.3882066520419584
chr17	80600000	80700000	0.006005188613805427	0.5508869656389473	0.38574926578477264	0.33354420146370406
chr17	80700000	80800000	0.005756744560078061	0.6041556627365444	0.35440258573024586	0.37090620803220165
chr17	80800000	80900000	0.006002188711928057	0.40686902000290276	0.35559508601643536	0.2111952096123179
chr17	80900000	81000000	0.005795348360677593	0.228931961218546	0.3422452665475604	0.1044412575786222
chr17	81000000	81100000	0.006608374509228619	0.37315544200850087	0.3470128157245316	0.1453415881129217
chr17	81100000	81200000	0.008858346067044573	0.3637005132610843	0.40028648124264843	0.14641821879067263
chr17	81200000	81300000	0.007273702440778973	0.3743221060065665	0.35699403437064187	0.1636402067643082
chr17	81300000	81400000	0.007429304606026348	0.8538766993245338	0.46162927238928586	0.349956650635113
chr17	81400000	81500000	0.008858952018981334	0.36711057068685005	0.3187100317408826	0.1186702230583824
chr17	81500000	81600000	0.0065222325817981906	0.7141901402262452	0.4552533139835719	0.3774713456859742
chr17	81600000	81700000	0.006350615204135808	1.0667221608241053	0.5682019491771313	0.49625209632863737
chr17	81700000	81800000	0.015172862033548049	0.8712265114102357	0.5959426375246468	0.428064227282891
chr17	81800000	81900000	0.00674517852810833	1.0041771683855854	0.5319571991213901	0.4959878124178966
chr17	81900000	82000000	0.007123935579691271	0.8816996822881177	0.4874279927057185	0.43301443285411295
chr17	82000000	82100000	0.011294667103575991	0.796891061915824	0.4710340617462282	0.38077471166694504
chr17	82100000	82200000	0.00687110877025449	0.8482365559065228	0.4918687682027409	0.38564759922994557
chr17	82200000	82300000	0.007185646199777811	0.8022572592728138	0.3897544712624679	0.28180126353218476
chr17	82300000	82400000	0.008498751212227882	0.805416211926593	0.46728523869455457	0.36209373719377697
chr17	82400000	82500000	0.006799562863307848	0.8066577159643616	0.44020733453246924	0.401127327437105
chr17	82500000	82600000	0.006621635655273415	1.0842543545041514	0.4566003748480636	0.6102994957031402
chr17	82600000	82700000	0.005972337002403926	0.5244182473412236	0.4707524102065181	0.3096533521196114
chr17	82700000	82800000	0.006611835445255817	0.6613899827140748	0.44863566147708506	0.36267435164486533
chr17	82800000	82900000	0.007753628293871095	0.29170676264908696	0.3697638007134951	0.2144941707139268
chr17	82900000	83000000	0.00860555004785576	0.3184362538020438	0.4419175928536936	0.19388024974234747
chr17	83000000	83100000	0.010365218780967701	0.6745467782812606	0.5677193009105378	0.3372846645754425
chr17	83100000	83200000	0.009364413144673164	0.3844272906562864	0.5406296084702289	0.13286492980681136
chr17	83200000	83257441				
