chrom	start	end	E1_control	E1_hiPSC_var	compartment_change_hiPSC_var
chr17	100000	200000	0.3177954157010763	0.1367293212925341	Stable_A
chr17	300000	400000	0.2789145805551403	0.286911431142182	Stable_A
chr17	500000	600000	0.45295122557997	0.312313229731895	Stable_A
chr17	600000	700000	0.5792828044575348	0.1843503212678185	Stable_A
chr17	700000	800000	0.3865498848732234	0.2392359415134716	Stable_A
chr17	800000	900000	0.7855264081382888	0.7457860026337082	Stable_A
chr17	900000	1000000	0.7617000987869081	0.6688128855854508	Stable_A
chr17	1000000	1100000	0.4362991534167198	0.3369439547915152	Stable_A
chr17	1100000	1200000	0.773363870917129	0.6602599227827058	Stable_A
chr17	1200000	1300000	0.6944019401144376	0.5915023324578054	Stable_A
chr17	1300000	1400000	0.9707946251992235	1.00357086018179	Stable_A
chr17	1400000	1500000	0.934773437931178	1.020107268391187	Stable_A
chr17	1500000	1600000	0.7877961280820792	0.7993131537056998	Stable_A
chr17	1600000	1700000	0.8154284979651367	0.8835619483359526	Stable_A
chr17	1700000	1800000	0.9994872110005156	1.0415297384503086	Stable_A
chr17	1800000	1900000	0.6431560286088157	0.6637911728856318	Stable_A
chr17	1900000	2000000	0.8137162060661157	0.8717465198726655	Stable_A
chr17	2000000	2100000	0.531104068877943	0.5203973098115823	Stable_A
chr17	2100000	2200000	0.7471024084643547	0.8437833119604576	Stable_A
chr17	2200000	2300000	0.5076362975703134	0.526255723674398	Stable_A
chr17	2300000	2400000	0.627098240684854	0.6610761767348657	Stable_A
chr17	2400000	2500000	0.5148845534007179	0.5972402944674544	Stable_A
chr17	2500000	2600000	0.7658923191388401	0.8848530731998399	Stable_A
chr17	2600000	2700000	0.570688892662142	0.6604642924781332	Stable_A
chr17	2700000	2800000	0.436352587715301	0.4272557224199124	Stable_A
chr17	2800000	2900000	0.5342980574737006	0.5482947745123014	Stable_A
chr17	2900000	3000000	0.3761226831828346	0.4157465654621913	Stable_A
chr17	3000000	3100000	-0.0887422897198668	0.02873241897876	B_to_A
chr17	3100000	3200000	0.0596495367728991	0.3286303177064955	Stable_A
chr17	3200000	3300000	0.1605830505577326	0.3505456572803688	Stable_A
chr17	3300000	3400000	0.0100858021377388	0.2293175806408853	Stable_A
chr17	3400000	3500000	0.1181399004574934	0.3152800517409425	Stable_A
chr17	3500000	3600000	0.2000470563632617	0.3210251312715892	Stable_A
chr17	3600000	3700000	0.3567138065790571	0.4629035552169619	Stable_A
chr17	3700000	3800000	0.6173642606791966	0.8044668532630029	Stable_A
chr17	3800000	3900000	0.6175231717543197	0.7141174677756547	Stable_A
chr17	3900000	4000000	0.7975822013490904	0.7822418192637912	Stable_A
chr17	4000000	4100000	0.5686922721265564	0.5370777360405686	Stable_A
chr17	4100000	4200000	0.5878954581515728	0.5606337103372572	Stable_A
chr17	4200000	4300000	0.7368802951870088	0.8797183850427739	Stable_A
chr17	4300000	4400000	0.9127046223745424	1.2374415765846545	Stable_A
chr17	4400000	4500000	0.5564419161101751	0.4755663006633737	Stable_A
chr17	4500000	4600000	0.7290387185795425	0.7048414203189242	Stable_A
chr17	4600000	4700000	0.7083207144901392	0.729914027776147	Stable_A
chr17	4700000	4800000	0.8572694886460613	1.0045916390780096	Stable_A
chr17	4800000	4900000	0.9845275416334706	1.133026335067524	Stable_A
chr17	4900000	5000000	0.924999886685594	1.138147332428491	Stable_A
chr17	5000000	5100000	0.9807723134274742	1.1192343134223506	Stable_A
chr17	5100000	5200000	0.8689464449179695	0.9918609277991128	Stable_A
chr17	5200000	5300000	0.9086636152274784	1.0334938457980325	Stable_A
chr17	5300000	5400000	1.081381397249952	1.185969103043892	Stable_A
chr17	5400000	5500000	0.8645411406930735	0.9659941867380022	Stable_A
chr17	5500000	5600000	0.2466706507924248	0.2971417223565333	Stable_A
chr17	5600000	5700000	0.2209080388154117	0.3123366885163458	Stable_A
chr17	5700000	5800000	0.1188908577888333	0.1684488208632545	Stable_A
chr17	5800000	5900000	0.2502921574406517	0.3993430915669941	Stable_A
chr17	5900000	6000000	0.3239173146266185	0.4768166049687435	Stable_A
chr17	6000000	6100000	0.163562697515194	0.2293639349382654	Stable_A
chr17	6100000	6200000	0.3020441719817061	0.3222121275495058	Stable_A
chr17	6200000	6300000	0.1827168007038852	0.1515941069339072	Stable_A
chr17	6300000	6400000	0.2791417721471236	0.3607385739348639	Stable_A
chr17	6400000	6500000	0.2900599371131106	0.348368411965864	Stable_A
chr17	6500000	6600000	0.7874335170339769	0.790848332419366	Stable_A
chr17	6600000	6700000	0.5355475566270906	0.6463376117406948	Stable_A
chr17	6700000	6800000	0.6293835633982441	0.8258979585478572	Stable_A
chr17	6800000	6900000	0.6520713866445379	0.7167638122243694	Stable_A
chr17	6900000	7000000	0.6689822103338722	0.8021782589348218	Stable_A
chr17	7000000	7100000	0.8107903282786165	0.8761227841214354	Stable_A
chr17	7100000	7200000	0.9845850622514678	1.0805928652226773	Stable_A
chr17	7200000	7300000	1.2721177215451065	1.4147992303767545	Stable_A
chr17	7300000	7400000	1.2669651990638575	1.3895355273576189	Stable_A
chr17	7400000	7500000	1.441847177511416	1.708573161321104	Stable_A
chr17	7500000	7600000	1.2196514823108129	1.383783532669696	Stable_A
chr17	7600000	7700000	1.377158238242429	1.4523475086884423	Stable_A
chr17	7700000	7800000	1.1081590421402094	1.1775606993733356	Stable_A
chr17	7800000	7900000	1.148090893593018	1.288993165543476	Stable_A
chr17	7900000	8000000	1.2014281434786105	1.3382242520939678	Stable_A
chr17	8000000	8100000	0.965339949618512	0.991140584106449	Stable_A
chr17	8100000	8200000	1.434158927419365	1.6637594822308537	Stable_A
chr17	8200000	8300000	1.5738770370997712	1.7909965477495875	Stable_A
chr17	8300000	8400000	1.3657535782870012	1.45400314862779	Stable_A
chr17	8400000	8500000	1.0776344196912797	1.0632058896963417	Stable_A
chr17	8500000	8600000	1.028320077809655	0.9009169033137427	Stable_A
chr17	8600000	8700000	1.0671688451849044	1.0820006317804838	Stable_A
chr17	8700000	8800000	0.6623662622418579	0.5678256668791793	Stable_A
chr17	8800000	8900000	0.6798792734381046	0.6670210032740889	Stable_A
chr17	8900000	9000000	0.483705314726424	0.4295197599479359	Stable_A
chr17	9000000	9100000	0.4939040743998463	0.511282729108857	Stable_A
chr17	9100000	9200000	0.5501275304742704	0.4333440112937639	Stable_A
chr17	9200000	9300000	0.4086150157680139	0.3630962410373706	Stable_A
chr17	9300000	9400000	0.4210756074033818	0.4380682201178135	Stable_A
chr17	9400000	9500000	0.3595615779691344	0.3889967613499221	Stable_A
chr17	9500000	9600000	0.2369164077848785	0.2020667245567088	Stable_A
chr17	9600000	9700000	0.4518816576566734	0.2390871369295542	Stable_A
chr17	9700000	9800000	0.2575085424425683	0.111781516321213	Stable_A
chr17	9800000	9900000	0.2046036086476521	-0.0087272942391481	A_to_B
chr17	9900000	10000000	-0.0215527751866892	-0.139579342833931	Stable_B
chr17	10000000	10100000	0.1347203786032252	-0.0439611225861427	A_to_B
chr17	10100000	10200000	0.2090209757192452	0.0671737393930324	Stable_A
chr17	10200000	10300000	-0.1044415883642793	-0.2151762501813915	Stable_B
chr17	10300000	10400000	-0.1912839189354715	-0.3571449523611172	Stable_B
chr17	10400000	10500000	-0.1000436438671908	-0.2930018004529338	Stable_B
chr17	10500000	10600000	-0.1082401574724911	-0.3121845726757106	Stable_B
chr17	10600000	10700000	-0.1668080815541638	-0.3431253456555663	Stable_B
chr17	10700000	10800000	-0.1645895554116308	-0.3426941181867398	Stable_B
chr17	10800000	10900000	-0.3725988193296211	-0.5513945571920014	Stable_B
chr17	10900000	11000000	-0.49539254304537	-0.7599725965225439	Stable_B
chr17	11000000	11100000	-0.4985955603998283	-0.7176112902514545	Stable_B
chr17	11100000	11200000	-0.4653027455843072	-0.7058497911710792	Stable_B
chr17	11200000	11300000	-0.5102778162952121	-0.7041383268663223	Stable_B
chr17	11300000	11400000	-0.529168010372627	-0.6963235975599588	Stable_B
chr17	11400000	11500000	-0.5016836389319292	-0.6681435377118656	Stable_B
chr17	11500000	11600000	-0.4668878475245961	-0.7018517854552369	Stable_B
chr17	11600000	11700000	-0.4144024036423511	-0.6785424445385125	Stable_B
chr17	11700000	11800000	-0.4124520615923807	-0.7059542556455947	Stable_B
chr17	11800000	11900000	-0.4007752969980691	-0.7110093268411255	Stable_B
chr17	11900000	12000000	-0.3998176724182494	-0.5475563787114673	Stable_B
chr17	12000000	12100000	-0.0091083829988369	-0.2361426615818269	Stable_B
chr17	12100000	12200000	-0.1892184690944402	-0.360174244833822	Stable_B
chr17	12200000	12300000	-0.2992405641548274	-0.4823803429138937	Stable_B
chr17	12300000	12400000	-0.2969062790943972	-0.4338109046677712	Stable_B
chr17	12400000	12500000	-0.2068883981883522	-0.3949222996737013	Stable_B
chr17	12500000	12600000	-0.2257847965139752	-0.353923734512849	Stable_B
chr17	12600000	12700000	-0.2248814589534732	-0.3691463249793318	Stable_B
chr17	12700000	12800000	-0.1666129983774164	-0.3150717684675335	Stable_B
chr17	12800000	12900000	-0.0427180238445737	-0.1767328662007064	Stable_B
chr17	12900000	13000000	-0.0765262090632839	-0.1834046863765171	Stable_B
chr17	13000000	13100000	-0.2322122907194772	-0.3871347730494455	Stable_B
chr17	13100000	13200000	-0.3491954093966596	-0.4604728974790564	Stable_B
chr17	13200000	13300000	-0.2890324902608302	-0.436914615402957	Stable_B
chr17	13300000	13400000	-0.3427447346739248	-0.4548470467164663	Stable_B
chr17	13400000	13500000	-0.3178673461752926	-0.3921738396515073	Stable_B
chr17	13500000	13600000	-0.3050494773647532	-0.3816228647934293	Stable_B
chr17	13600000	13700000	-0.3356317697473058	-0.4264709760143289	Stable_B
chr17	13700000	13800000	-0.3016843986098883	-0.4173437778758186	Stable_B
chr17	13800000	13900000	-0.3215712359120524	-0.401995300002454	Stable_B
chr17	13900000	14000000	-0.265199673856887	-0.3704476191462721	Stable_B
chr17	14000000	14100000	-0.241049225883495	-0.3346118776007856	Stable_B
chr17	14100000	14200000	-0.1806840477691323	-0.2503603266126	Stable_B
chr17	14200000	14300000	-0.3482476256086035	-0.3922212549248546	Stable_B
chr17	14300000	14400000	-0.1956484723289228	-0.2973866163068885	Stable_B
chr17	14400000	14500000	-0.2360772591826146	-0.3030211823838237	Stable_B
chr17	14500000	14600000	-0.2970908341310741	-0.3228408416371783	Stable_B
chr17	14600000	14700000	-0.3170996597615969	-0.3943001383291162	Stable_B
chr17	14700000	14800000	-0.3571369795757779	-0.4251455694047039	Stable_B
chr17	14800000	14900000	-0.3819761900183543	-0.4351947395989776	Stable_B
chr17	14900000	15000000	-0.3130277281197021	-0.434342997577282	Stable_B
chr17	15000000	15100000	-0.23026063561567	-0.3547735281511203	Stable_B
chr17	15100000	15200000	-0.2789722237223816	-0.3429333158305871	Stable_B
chr17	15200000	15300000	-0.1735792698040899	-0.2810955274170116	Stable_B
chr17	15300000	15400000	0.1943780257320934	-0.0315902383020488	A_to_B
chr17	15400000	15500000	0.0585739274448296	-0.1126046601349097	A_to_B
chr17	15500000	15600000	0.0896451319230273	-0.0375690893495905	A_to_B
chr17	15600000	15700000	0.2902474095959483	0.128355023167082	Stable_A
chr17	15700000	15800000	0.2700577482068281	0.1832692120701207	Stable_A
chr17	15800000	15900000	0.3050056310264863	0.1475575741132042	Stable_A
chr17	15900000	16000000	0.4880964732937012	0.3698445538318987	Stable_A
chr17	16000000	16100000	0.543780762190459	0.4265325626053551	Stable_A
chr17	16100000	16200000	0.8144626575658627	0.7318180282462731	Stable_A
chr17	16200000	16300000	0.8183080415990515	0.6845820010163469	Stable_A
chr17	16300000	16400000	0.8415858942820975	0.6844177371994544	Stable_A
chr17	16400000	16500000	0.8430488658604666	0.7777360086621565	Stable_A
chr17	16500000	16600000	0.7090223148217363	0.5719615925681849	Stable_A
chr17	16600000	16700000	0.7747723740563591	0.6429985225271927	Stable_A
chr17	16700000	16800000	0.5090807334850976	0.4584635613806617	Stable_A
chr17	16800000	16900000	0.6102647661675683	0.4063301545238038	Stable_A
chr17	16900000	17000000	0.6375876190848097	0.4301400924181999	Stable_A
chr17	17000000	17100000	0.8706029976226981	0.660736942434892	Stable_A
chr17	17100000	17200000	0.8558094762027558	0.6572102551374592	Stable_A
chr17	17200000	17300000	0.967540234246014	0.832434423255794	Stable_A
chr17	17300000	17400000	0.6610984770453842	0.5789046949880471	Stable_A
chr17	17400000	17500000	0.8900460673501952	0.8477124341167832	Stable_A
chr17	17500000	17600000	0.8417189336378474	0.6459193645898673	Stable_A
chr17	17600000	17700000	0.7951028164286995	0.7556130072022431	Stable_A
chr17	17700000	17800000	1.2447358731464495	1.0144245548039188	Stable_A
chr17	17800000	17900000	1.2372630674517735	1.034983644082774	Stable_A
chr17	17900000	18000000	1.2252033906632256	1.087378363550073	Stable_A
chr17	18000000	18100000	1.160820040282917	1.008598251276341	Stable_A
chr17	18100000	18200000	1.5534315849867606	1.2881019386814123	Stable_A
chr17	18200000	18300000	1.6455048007875863	1.3953827934186318	Stable_A
chr17	18300000	18400000	1.1447253332527885	1.1279824380455228	Stable_A
chr17	18500000	18600000	0.7514040097142431	0.6941294154854716	Stable_A
chr17	18600000	18700000	0.9118329080856185	0.7371877878952038	Stable_A
chr17	18700000	18800000	0.995384153600992	0.7820972302839584	Stable_A
chr17	18800000	18900000	1.2968945914809895	0.99959155369689	Stable_A
chr17	18900000	19000000	1.1881691082061343	1.0641311955952075	Stable_A
chr17	19200000	19300000	1.1480549159263405	0.8875766087201133	Stable_A
chr17	19300000	19400000	0.9964628236725236	0.8173896599946083	Stable_A
chr17	19400000	19500000	0.891053675206445	0.658418264267412	Stable_A
chr17	19500000	19600000	0.6404908543139888	0.4859504255647059	Stable_A
chr17	19600000	19700000	0.647147716374697	0.531600262594851	Stable_A
chr17	19700000	19800000	0.3663322784084475	0.2553020267674915	Stable_A
chr17	19800000	19900000	0.5450761133637491	0.4448711798761711	Stable_A
chr17	19900000	20000000	0.5445088418902588	0.3967049095758772	Stable_A
chr17	20000000	20100000	0.4855245615622623	0.3176647468321747	Stable_A
chr17	20100000	20200000	0.5081977477752024	0.3329674310214026	Stable_A
chr17	20200000	20300000	0.5243087849052946	0.3154573010691875	Stable_A
chr17	20300000	20400000	0.242962979466975	0.06396850404807	Stable_A
chr17	20400000	20500000	0.2679846073207687	0.0419461807911321	Stable_A
chr17	20500000	20600000	0.3073962997630162	0.0901188705646469	Stable_A
chr17	20600000	20700000	0.1732139478863563	-0.0483911576543421	A_to_B
chr17	20700000	20800000	0.1154949823731638	-0.0811192314792906	A_to_B
chr17	20800000	20900000	0.1490721657668534	-0.0631518815757883	A_to_B
chr17	20900000	21000000	0.3065107148302236	0.0082330887135854	Stable_A
chr17	21000000	21100000	0.3856980572920876	0.0874099500760847	Stable_A
chr17	21100000	21200000	0.2456901084545873	-0.0591552614252817	A_to_B
chr17	21200000	21300000	0.2485254890890476	-0.1128768017624332	A_to_B
chr17	21300000	21400000	0.1307238810255538	-0.266432407369065	A_to_B
chr17	21400000	21500000	-0.0134235904961521	-0.4191659606126062	Stable_B
chr17	21500000	21600000	-0.1679879978170574	-0.5618833848428898	Stable_B
chr17	21600000	21700000	-0.2066258533577723	-0.7467831846929516	Stable_B
chr17	22100000	22200000	0.065841024365909	-0.4308618671069463	A_to_B
chr17	27200000	27300000	-0.0745740835735856	-0.4320394293470079	Stable_B
chr17	27300000	27400000	0.0968232708230969	-0.2622847601620621	A_to_B
chr17	27400000	27500000	0.1980741386055584	-0.2048770771963867	A_to_B
chr17	27500000	27600000	0.2889838749324449	-0.0774747344355977	A_to_B
chr17	27600000	27700000	-0.012281849656773	-0.3180097114021478	Stable_B
chr17	27700000	27800000	0.0626250257777491	-0.2370400334269168	A_to_B
chr17	27800000	27900000	0.1654856314047627	-0.0411776639634742	A_to_B
chr17	27900000	28000000	0.3623474127414909	0.0457373070882683	Stable_A
chr17	28000000	28100000	0.5956953609595177	0.337743761448499	Stable_A
chr17	28100000	28200000	0.6152101861319923	0.4122413178197202	Stable_A
chr17	28200000	28300000	0.5209247709356469	0.3510632602394649	Stable_A
chr17	28300000	28400000	1.0832082166941068	0.8907076637932536	Stable_A
chr17	28400000	28500000	1.468761564160615	1.3406075244185136	Stable_A
chr17	28500000	28600000	1.791957628432778	1.7645200510949466	Stable_A
chr17	28600000	28700000	2.009951737904545	1.8725658788008763	Stable_A
chr17	28700000	28800000	1.7998897253651824	1.8209442603832349	Stable_A
chr17	28800000	28900000	1.8342592421151864	1.9524381317276116	Stable_A
chr17	28900000	29000000	1.4017371070961715	1.2617559868752763	Stable_A
chr17	29000000	29100000	1.6878901972829985	1.5699344297777469	Stable_A
chr17	29100000	29200000	1.2081032603317798	1.1351564019231686	Stable_A
chr17	29200000	29300000	1.065499343013071	0.9920867548185563	Stable_A
chr17	29300000	29400000	0.9130608939069156	0.8488828894957069	Stable_A
chr17	29400000	29500000	1.129077097334246	1.1455411877436377	Stable_A
chr17	29500000	29600000	0.7603338910370879	0.6582091856458329	Stable_A
chr17	29600000	29700000	0.5456932482435383	0.4932443193838462	Stable_A
chr17	29700000	29800000	0.6063090415277401	0.5323136189798812	Stable_A
chr17	29800000	29900000	0.4850435826133638	0.4932760933880335	Stable_A
chr17	29900000	30000000	0.4976960117952481	0.4479419527612172	Stable_A
chr17	30000000	30100000	0.3328283156539905	0.351317331942688	Stable_A
chr17	30100000	30200000	0.4975936891538958	0.4527889854889207	Stable_A
chr17	30200000	30300000	0.5414933617374563	0.4298916630225852	Stable_A
chr17	30300000	30400000	0.3998099055854045	0.300489600447982	Stable_A
chr17	30400000	30500000	0.428683749635817	0.4029186436663012	Stable_A
chr17	30500000	30600000	0.5213531657139586	0.4074292697374073	Stable_A
chr17	30600000	30700000	0.9025269891618436	0.8793651709702176	Stable_A
chr17	30700000	30800000	0.7593469265466686	0.7418048916318785	Stable_A
chr17	30800000	30900000	0.4447792415640554	0.4124280952722843	Stable_A
chr17	30900000	31000000	0.3654242735971807	0.3339618238240794	Stable_A
chr17	31000000	31100000	0.4871588222958365	0.3782597604062851	Stable_A
chr17	31100000	31200000	0.6178139135553158	0.5030707640902727	Stable_A
chr17	31200000	31300000	0.3613057132208269	0.2573188683342923	Stable_A
chr17	31300000	31400000	0.334620785775144	0.2609333104517759	Stable_A
chr17	31400000	31500000	0.5874058141612418	0.4036440966634709	Stable_A
chr17	31500000	31600000	0.3773860816119645	0.2786469134386919	Stable_A
chr17	31600000	31700000	0.5067080327338271	0.3909130830815318	Stable_A
chr17	31700000	31800000	0.4418976828043504	0.3315167812844682	Stable_A
chr17	31800000	31900000	0.3275872329725546	0.1575832891924291	Stable_A
chr17	31900000	32000000	0.7065084346383262	0.5623307793843657	Stable_A
chr17	32000000	32100000	0.773425969923167	0.7406616399158363	Stable_A
chr17	32100000	32200000	0.681536471677763	0.5787429209161847	Stable_A
chr17	32200000	32300000	0.7405974940462903	0.6316413280774495	Stable_A
chr17	32300000	32400000	0.8049957387757724	0.7003711655862801	Stable_A
chr17	32400000	32500000	0.4768017979590735	0.2991122240749097	Stable_A
chr17	32500000	32600000	0.3089734789842236	0.1339640736190247	Stable_A
chr17	32600000	32700000	0.2464808591483091	0.0521589972760791	Stable_A
chr17	32700000	32800000	0.1462387101970936	-0.004416258066793	A_to_B
chr17	32800000	32900000	0.3208039440598174	0.0918685421505988	Stable_A
chr17	32900000	33000000	0.0125166855966444	-0.147412219232791	A_to_B
chr17	33000000	33100000	-0.1344992256270803	-0.2756410886221949	Stable_B
chr17	33100000	33200000	-0.0277639984080311	-0.243016576578644	Stable_B
chr17	33200000	33300000	-0.1468022371865415	-0.268506069572006	Stable_B
chr17	33300000	33400000	-0.0579028616881621	-0.2393977624282212	Stable_B
chr17	33400000	33500000	-0.0833877854331623	-0.2285755749346801	Stable_B
chr17	33500000	33600000	-0.1493318173968006	-0.3218930900231628	Stable_B
chr17	33600000	33700000	-0.0900904310427544	-0.275969718887133	Stable_B
chr17	33700000	33800000	-0.1974215110392893	-0.3384103749441023	Stable_B
chr17	33800000	33900000	-0.0935554216275441	-0.2484646467490432	Stable_B
chr17	33900000	34000000	-0.1498153500742985	-0.2889515850233956	Stable_B
chr17	34000000	34100000	-0.1112271744870159	-0.2764377997239551	Stable_B
chr17	34100000	34200000	-0.1421104961044914	-0.277416488254553	Stable_B
chr17	34200000	34300000	0.0091960986586856	-0.1921098008798136	A_to_B
chr17	34300000	34400000	-0.1119546793472934	-0.2812620942183014	Stable_B
chr17	34400000	34500000	-0.0854390759955301	-0.2435560358228009	Stable_B
chr17	34500000	34600000	-0.055715945918232	-0.2142194270013969	Stable_B
chr17	34600000	34700000	-0.0033637413047572	-0.2080223944733886	Stable_B
chr17	34700000	34800000	0.0498640259334157	-0.1649023859906681	A_to_B
chr17	34800000	34900000	-0.0456499680477835	-0.2163574872889849	Stable_B
chr17	34900000	35000000	-0.0172328632104027	-0.1169682700953203	Stable_B
chr17	35000000	35100000	0.32122373036119	0.1875639742951654	Stable_A
chr17	35100000	35200000	-0.0273416831297576	-0.1375981932110572	Stable_B
chr17	35200000	35300000	0.0032941011876373	-0.1183129369851853	A_to_B
chr17	35300000	35400000	0.1439824666190342	-0.0614830675011097	A_to_B
chr17	35400000	35500000	0.1789697780525287	0.0260871195632336	Stable_A
chr17	35500000	35600000	-0.0615515932520431	-0.1304770770713967	Stable_B
chr17	35600000	35700000	0.3516774925507382	0.2691610988163098	Stable_A
chr17	35700000	35800000	0.3336445814184327	0.2482890033102938	Stable_A
chr17	35800000	35900000	0.2391951547083332	0.1251945339750359	Stable_A
chr17	35900000	36000000	0.0075767600046958	-0.019243510447932	A_to_B
chr17	36000000	36100000	0.2012288088862795	0.1426096872651152	Stable_A
chr17	36100000	36200000	0.1370196792849026	0.036200359647261	Stable_A
chr17	36200000	36300000	0.1670960014411373	0.0476713173803106	Stable_A
chr17	36400000	36500000	0.1113170395889792	0.128455095966401	Stable_A
chr17	36500000	36600000	0.495293985015228	0.4292090254943237	Stable_A
chr17	36600000	36700000	0.20103655458026	0.1287496404394925	Stable_A
chr17	36700000	36800000	0.4000330448944122	0.3258265352015124	Stable_A
chr17	36800000	36900000	0.4016320638986889	0.2572721333893444	Stable_A
chr17	36900000	37000000	0.2450490204286599	0.1691696970534426	Stable_A
chr17	37000000	37100000	0.26282799185904	0.1425209295029049	Stable_A
chr17	37100000	37200000	0.3817033119477291	0.2389101489211036	Stable_A
chr17	37200000	37300000	0.421152586779348	0.2999829100143887	Stable_A
chr17	37300000	37400000	0.564172766575146	0.4582425100818325	Stable_A
chr17	37400000	37500000	0.5160502299910465	0.3958393381058041	Stable_A
chr17	37500000	37600000	0.4468459014026517	0.3866286168185657	Stable_A
chr17	37600000	37700000	0.4884463477650936	0.3288951947135744	Stable_A
chr17	37700000	37800000	0.6464452392446951	0.4358007198601893	Stable_A
chr17	37800000	37900000	0.398473771975888	0.2247450786063176	Stable_A
chr17	38300000	38400000	0.9190186790216112	0.8936051384866862	Stable_A
chr17	38400000	38500000	1.0718289823582328	0.8471092381241766	Stable_A
chr17	38500000	38600000	1.096715713547915	1.0167426809839255	Stable_A
chr17	38600000	38700000	1.0485939679768583	0.9341875453665276	Stable_A
chr17	38700000	38800000	0.9197757543464784	0.8152681650428882	Stable_A
chr17	38800000	38900000	1.006074714901951	0.9317358036463724	Stable_A
chr17	38900000	39000000	0.7102305625861436	0.6735221960938033	Stable_A
chr17	39000000	39100000	0.8706054679816037	0.949457183587457	Stable_A
chr17	39100000	39200000	0.6646226111399932	0.6144467184616523	Stable_A
chr17	39200000	39300000	0.7067218484104001	0.5930279543601399	Stable_A
chr17	39300000	39400000	0.8502651645420333	0.8389921818041484	Stable_A
chr17	39400000	39500000	0.8054264039500254	0.7939843765951549	Stable_A
chr17	39500000	39600000	0.8263460519263526	0.7515944971247093	Stable_A
chr17	39600000	39700000	0.994888610071546	0.8697820367566279	Stable_A
chr17	39700000	39800000	0.8875392692000476	0.8199377008660089	Stable_A
chr17	39800000	39900000	0.8529593910075798	0.7946522184787251	Stable_A
chr17	39900000	40000000	0.8346687715635335	0.7273683181347638	Stable_A
chr17	40000000	40100000	0.9889738011610496	0.874190757681176	Stable_A
chr17	40100000	40200000	1.0375382216587636	0.9477025496767192	Stable_A
chr17	40200000	40300000	0.7954297995280175	0.7326232925645302	Stable_A
chr17	40300000	40400000	0.599563513639527	0.4381208697650264	Stable_A
chr17	40400000	40500000	0.755492690638593	0.6154348701554991	Stable_A
chr17	40500000	40600000	0.3959510113162801	0.2549483989368675	Stable_A
chr17	40600000	40700000	0.2609954815094298	0.1434948986527234	Stable_A
chr17	40700000	40800000	0.1931050154960448	0.108644668800996	Stable_A
chr17	40800000	40900000	-0.0331504195859203	-0.1126745827388456	Stable_B
chr17	40900000	41000000	0.0243416922539686	-0.0849943547943913	A_to_B
chr17	41000000	41100000	0.1154342714299152	0.0521557084727434	Stable_A
chr17	41100000	41200000	0.1293979336526735	0.0262561439628638	Stable_A
chr17	41200000	41300000	0.0103891380735312	-0.0291875995096627	A_to_B
chr17	41300000	41400000	0.0055495471921834	-0.102882548065875	A_to_B
chr17	41400000	41500000	0.1015841543055237	0.0152593129232246	Stable_A
chr17	41500000	41600000	0.336201479202632	0.207883702616625	Stable_A
chr17	41600000	41700000	0.3872065775084603	0.1916390623070742	Stable_A
chr17	41700000	41800000	0.887133544011171	0.6964755032751287	Stable_A
chr17	41800000	41900000	1.0691969335583404	0.9003089285915647	Stable_A
chr17	41900000	42000000	0.9160736147576616	0.6783723813014496	Stable_A
chr17	42000000	42100000	1.0193428419190391	0.8831600715583917	Stable_A
chr17	42100000	42200000	0.8130174956868914	0.7053204826323138	Stable_A
chr17	42200000	42300000	0.8484889938342419	0.8577752761991946	Stable_A
chr17	42300000	42400000	1.042758895643477	1.064697143380419	Stable_A
chr17	42400000	42500000	0.9083941042050556	1.1292096891611163	Stable_A
chr17	42500000	42600000	0.9022081117344584	1.1820162454949157	Stable_A
chr17	42600000	42700000	1.244148969556765	1.5609209307846608	Stable_A
chr17	42700000	42800000	1.1522478931666047	1.4636963698841745	Stable_A
chr17	42800000	42900000	1.1320060431285752	1.441691010078974	Stable_A
chr17	42900000	43000000	1.142382645479023	1.2592625784101985	Stable_A
chr17	43000000	43100000	1.344625998661252	1.3275201195338595	Stable_A
chr17	43100000	43200000	1.0680475314498057	1.3955346735048817	Stable_A
chr17	43300000	43400000	0.9606918449191142	1.046053015897718	Stable_A
chr17	43400000	43500000	1.0468622316741418	1.0776727922771383	Stable_A
chr17	43500000	43600000	0.9597752201857512	1.0346471125876129	Stable_A
chr17	43600000	43700000	0.9982606048593868	1.1030766501956266	Stable_A
chr17	43700000	43800000	0.8855280997189428	1.0005103225471277	Stable_A
chr17	43800000	43900000	0.9686275603238884	1.12768007227408	Stable_A
chr17	43900000	44000000	1.1092622586519365	1.288126907026791	Stable_A
chr17	44000000	44100000	1.2042557309682078	1.4079284752312575	Stable_A
chr17	44100000	44200000	1.099117468331027	1.2390156187530288	Stable_A
chr17	44200000	44300000	1.2110261692638091	1.538792411446042	Stable_A
chr17	44300000	44400000	0.8885405407346461	1.049593769699699	Stable_A
chr17	44400000	44500000	0.9163619780711216	1.2031794386804495	Stable_A
chr17	44500000	44600000	0.9287406494935952	1.1903736289687072	Stable_A
chr17	44600000	44700000	0.7836869365542685	1.0017033332408665	Stable_A
chr17	44700000	44800000	0.9387467939190108	1.0551051216071596	Stable_A
chr17	44800000	44900000	1.039571144070813	1.2645996038966665	Stable_A
chr17	44900000	45000000	1.1471631671888372	1.3566279248379938	Stable_A
chr17	45000000	45100000	1.081850097328473	1.3576585387723732	Stable_A
chr17	45100000	45200000	0.9612718213225868	1.0751863423683568	Stable_A
chr17	45200000	45300000	0.9089705896788904	0.8905784850407409	Stable_A
chr17	45300000	45400000	1.02936886066424	1.085941782819785	Stable_A
chr17	45400000	45500000	0.6002559324049755	0.7441064562190564	Stable_A
chr17	45600000	45700000	0.3447235118156277	0.5004782744613173	Stable_A
chr17	45700000	45800000	0.7280261638518198	0.7362751914708969	Stable_A
chr17	45800000	45900000	0.4709896296282321	0.4542849876332623	Stable_A
chr17	45900000	46000000	0.5172790153054632	0.5649083047190915	Stable_A
chr17	46000000	46100000	0.6608528641607595	0.7809266913035132	Stable_A
chr17	46100000	46200000	1.064760864532995	1.2799447735910363	Stable_A
chr17	46200000	46300000	0.5006277790173558	0.5484802013444547	Stable_A
chr17	46700000	46800000	0.5607289477573707	0.5746504438884514	Stable_A
chr17	46800000	46900000	0.7291615479493548	0.7975086837183442	Stable_A
chr17	46900000	47000000	0.52667220518166	0.6556023393828405	Stable_A
chr17	47000000	47100000	0.4055643896852542	0.5903659307290263	Stable_A
chr17	47100000	47200000	0.3525843340123494	0.5747004976040863	Stable_A
chr17	47200000	47300000	0.4803173471432885	0.5741288699977547	Stable_A
chr17	47300000	47400000	0.3056554611046356	0.4499797617579562	Stable_A
chr17	47400000	47500000	0.3865701508057315	0.6236045462040709	Stable_A
chr17	47500000	47600000	0.7089871544602521	0.9104146502450334	Stable_A
chr17	47600000	47700000	0.6845108708077103	0.9408872376246856	Stable_A
chr17	47700000	47800000	0.8326167160900955	0.955783296242958	Stable_A
chr17	47800000	47900000	0.893275162012696	1.115183669967298	Stable_A
chr17	47900000	48000000	0.7746967679408938	0.9446316819857148	Stable_A
chr17	48000000	48100000	0.5060993666052903	0.7436355153698281	Stable_A
chr17	48100000	48200000	0.3216234745883901	0.4082705225987549	Stable_A
chr17	48200000	48300000	0.3229100316314678	0.4530794634620829	Stable_A
chr17	48300000	48400000	0.1777572239115036	0.3081964900803557	Stable_A
chr17	48400000	48500000	0.3598840868886739	0.5078487039612276	Stable_A
chr17	48500000	48600000	0.2776414088826004	0.4554786490247173	Stable_A
chr17	48600000	48700000	0.1842560107645598	0.3496866987843277	Stable_A
chr17	48700000	48800000	0.4601068958990622	0.6739574474707479	Stable_A
chr17	48800000	48900000	0.4680204474358004	0.6098585113269629	Stable_A
chr17	48900000	49000000	0.6781390257685614	0.8939160863233444	Stable_A
chr17	49000000	49100000	0.7679005417165209	0.9461850605950964	Stable_A
chr17	49100000	49200000	0.57229630094097	0.777775864577465	Stable_A
chr17	49200000	49300000	0.5128147778414484	0.7112121698966367	Stable_A
chr17	49300000	49400000	0.5578895755216738	0.7746466178625308	Stable_A
chr17	49400000	49500000	0.5526877516318423	0.8903672928879008	Stable_A
chr17	49500000	49600000	0.4607291709941462	0.672474821498107	Stable_A
chr17	49600000	49700000	0.6225104801016074	0.907479264815889	Stable_A
chr17	49700000	49800000	0.6913928477026828	0.876384478991717	Stable_A
chr17	49800000	49900000	0.670196972147069	0.8961519989972877	Stable_A
chr17	49900000	50000000	0.8405793601154948	1.069242042620964	Stable_A
chr17	50000000	50100000	0.7362341102785691	0.9726569019207	Stable_A
chr17	50100000	50200000	0.8302980172103633	1.1036764347200818	Stable_A
chr17	50200000	50300000	0.9487734144918883	1.2688868147838006	Stable_A
chr17	50300000	50400000	0.8095366409317835	1.0987791813317809	Stable_A
chr17	50400000	50500000	0.7571168649909791	1.106868578438	Stable_A
chr17	50500000	50600000	0.7330067879316362	1.0473776100770866	Stable_A
chr17	50600000	50700000	0.6705130692009957	0.9526369980152406	Stable_A
chr17	50700000	50800000	0.440202616358446	0.6088207506450269	Stable_A
chr17	50800000	50900000	0.4515846354271315	0.6374675937794206	Stable_A
chr17	50900000	51000000	0.3097589893547878	0.4734106096655464	Stable_A
chr17	51000000	51100000	0.3135174052728882	0.5118256116204369	Stable_A
chr17	51100000	51200000	0.2011085238001256	0.3240693821390321	Stable_A
chr17	51200000	51300000	-0.2350742138644112	-0.1297876367842946	Stable_B
chr17	51300000	51400000	-0.730972627825512	-0.7031248663311974	Stable_B
chr17	51400000	51500000	-0.7277882189693078	-0.7834066829419348	Stable_B
chr17	51500000	51600000	-0.7402052596656815	-0.7593406335788396	Stable_B
chr17	51600000	51700000	-0.7733930282056973	-0.8002100874901517	Stable_B
chr17	51700000	51800000	-0.7844978538189197	-0.7873288792979756	Stable_B
chr17	51800000	51900000	-0.7966451129690298	-0.8017002084695972	Stable_B
chr17	51900000	52000000	-0.8185450600048649	-0.8809273790819645	Stable_B
chr17	52000000	52100000	-0.7901985955268003	-0.8533740903891465	Stable_B
chr17	52100000	52200000	-0.8057142618743259	-0.7898287257111192	Stable_B
chr17	52200000	52300000	-0.8211447448121955	-0.8483674799065527	Stable_B
chr17	52300000	52400000	-0.8557657443200403	-0.7947153790353038	Stable_B
chr17	52400000	52500000	-0.8461609447718115	-0.8222870116645877	Stable_B
chr17	52500000	52600000	-0.8565265272352046	-0.8087973025311906	Stable_B
chr17	52600000	52700000	-0.8324324616212624	-0.7995201213434555	Stable_B
chr17	52700000	52800000	-0.8274873597483084	-0.8242800836982136	Stable_B
chr17	52800000	52900000	-0.8458406388974365	-0.840093299755056	Stable_B
chr17	52900000	53000000	-0.830285170017664	-0.801083047485484	Stable_B
chr17	53000000	53100000	-0.79639928968518	-0.7393943999471726	Stable_B
chr17	53100000	53200000	-0.7811551561336624	-0.7301505468851999	Stable_B
chr17	53200000	53300000	-0.7547915997307907	-0.732076259706298	Stable_B
chr17	53300000	53400000	-0.7496524801556104	-0.7051532196733871	Stable_B
chr17	53400000	53500000	-0.7300633966803016	-0.6754502615281632	Stable_B
chr17	53500000	53600000	-0.7309131982531661	-0.6788803016934825	Stable_B
chr17	53600000	53700000	-0.7328462308336459	-0.670786383154348	Stable_B
chr17	53700000	53800000	-0.7341161713822426	-0.6965126840145767	Stable_B
chr17	53800000	53900000	-0.7569369549180569	-0.6855541706961801	Stable_B
chr17	53900000	54000000	-0.7408746003130984	-0.6961409327606982	Stable_B
chr17	54000000	54100000	-0.7741206380565748	-0.7051374298067538	Stable_B
chr17	54100000	54200000	-0.7519507141575302	-0.6984549516155832	Stable_B
chr17	54200000	54300000	-0.7532665331204036	-0.6773169624910368	Stable_B
chr17	54300000	54400000	-0.7152462599027588	-0.6435975040472064	Stable_B
chr17	54400000	54500000	-0.7828134475732715	-0.695399921421257	Stable_B
chr17	54500000	54600000	-0.7836290167611745	-0.7472688969632789	Stable_B
chr17	54600000	54700000	-0.8210435524250076	-0.782908161876537	Stable_B
chr17	54700000	54800000	-0.8406976851228573	-0.7661952659990588	Stable_B
chr17	54800000	54900000	-0.8603784335390875	-0.7683285983692291	Stable_B
chr17	54900000	55000000	-0.7234504390295772	-0.6175258979839279	Stable_B
chr17	55000000	55100000	-0.7203523279236828	-0.6911999915723044	Stable_B
chr17	55100000	55200000	-0.6902151460013174	-0.7009347208316198	Stable_B
chr17	55200000	55300000	-0.6712268339106637	-0.6938361644904157	Stable_B
chr17	55300000	55400000	-0.688395206524563	-0.6619516079755312	Stable_B
chr17	55400000	55500000	-0.533114147909219	-0.5576622680726314	Stable_B
chr17	55500000	55600000	-0.6310937038803559	-0.6345652301506644	Stable_B
chr17	55600000	55700000	-0.6158244497774318	-0.6800600504076524	Stable_B
chr17	55700000	55800000	-0.6107698017371822	-0.6418790265882631	Stable_B
chr17	55800000	55900000	-0.6641754442590503	-0.653494533250911	Stable_B
chr17	55900000	56000000	-0.6701496116870884	-0.7210410198789408	Stable_B
chr17	56000000	56100000	-0.6622407210385204	-0.7045773155872568	Stable_B
chr17	56100000	56200000	-0.6485025181442623	-0.7065086199913354	Stable_B
chr17	56200000	56300000	-0.637426998442813	-0.7168596158655282	Stable_B
chr17	56300000	56400000	-0.672765361095933	-0.7240671520361683	Stable_B
chr17	56400000	56500000	-0.6635350227395762	-0.6864054082382345	Stable_B
chr17	56500000	56600000	-0.5731719621213639	-0.5988276862288054	Stable_B
chr17	56600000	56700000	-0.4458019482633583	-0.5307680601563055	Stable_B
chr17	56700000	56800000	-0.4894157948979206	-0.5119585005308563	Stable_B
chr17	56800000	56900000	-0.2306556082470018	-0.1803150710125085	Stable_B
chr17	56900000	57000000	-0.0038058562045571	-0.018987365016842	Stable_B
chr17	57000000	57100000	0.1394955668020076	0.153366429642278	Stable_A
chr17	57100000	57200000	-0.0655489216610549	0.0027392293743067	B_to_A
chr17	57200000	57300000	0.0168314183774757	0.1297816816776109	Stable_A
chr17	57300000	57400000	0.1886530245391617	0.2256387873762883	Stable_A
chr17	57400000	57500000	0.064115790296333	0.1235770344984256	Stable_A
chr17	57500000	57600000	0.0149048051337966	0.1299104884091583	Stable_A
chr17	57600000	57700000	0.0295380647047162	0.1452872963669831	Stable_A
chr17	57700000	57800000	-0.0499727575951795	0.0299296700075575	B_to_A
chr17	57800000	57900000	0.1560798153779038	0.3253242914639667	Stable_A
chr17	57900000	58000000	0.4986911250691257	0.7391376477399437	Stable_A
chr17	58000000	58100000	0.4293964034884861	0.6110068082436437	Stable_A
chr17	58100000	58200000	0.1676164846031558	0.2956095267908691	Stable_A
chr17	58200000	58300000	0.3932990203804209	0.4937691814849257	Stable_A
chr17	58300000	58400000	0.6438659651762583	0.8814412192391277	Stable_A
chr17	58400000	58500000	0.3171646539254241	0.5123907324011318	Stable_A
chr17	58500000	58600000	0.2462187915736335	0.4432900602049224	Stable_A
chr17	58600000	58700000	0.3370689602949532	0.5248523234588688	Stable_A
chr17	58700000	58800000	0.1214771736343717	0.3591708728700262	Stable_A
chr17	58800000	58900000	0.3000757254955978	0.5049900005236164	Stable_A
chr17	58900000	59000000	0.1542776283472607	0.4103248776747741	Stable_A
chr17	59000000	59100000	0.1593404680991885	0.3412335895334138	Stable_A
chr17	59100000	59200000	0.3825176861404241	0.585579194201557	Stable_A
chr17	59200000	59300000	0.2011299832271009	0.3559145303319405	Stable_A
chr17	59300000	59400000	0.4113393693575056	0.5023781030185839	Stable_A
chr17	59400000	59500000	0.3306829893362845	0.5172785930797952	Stable_A
chr17	59500000	59600000	0.2254835125631429	0.3820657147582738	Stable_A
chr17	59600000	59700000	0.284466460317524	0.4857193686250481	Stable_A
chr17	59700000	59800000	0.3938960422326171	0.5643410328819088	Stable_A
chr17	59800000	59900000	0.4843835844335223	0.6854667269988323	Stable_A
chr17	59900000	60000000	0.2231203281204234	0.4090340675621052	Stable_A
chr17	60000000	60100000	0.1583139580751022	0.2030362658337411	Stable_A
chr17	60100000	60200000	0.2337618993081572	0.3103045624980198	Stable_A
chr17	60200000	60300000	0.2793889937478218	0.3476160874787879	Stable_A
chr17	60300000	60400000	0.403694112462453	0.5278000341894755	Stable_A
chr17	60400000	60500000	0.0160247106704821	0.1499926138413745	Stable_A
chr17	60500000	60600000	0.1537324294804151	0.2341270792126338	Stable_A
chr17	60600000	60700000	0.0088206086539273	0.0508284450030572	Stable_A
chr17	60700000	60800000	-0.1502610858022745	-0.0858542137168626	Stable_B
chr17	60800000	60900000	-0.0885203953538301	-0.0150084736375278	Stable_B
chr17	60900000	61000000	-0.2116103911036546	-0.133549617487973	Stable_B
chr17	61000000	61100000	-0.2061518846357904	-0.1461098796854684	Stable_B
chr17	61100000	61200000	-0.0883576046426692	-0.0435333981752986	Stable_B
chr17	61200000	61300000	-0.0510538177141672	-0.0107156505607237	Stable_B
chr17	61300000	61400000	-0.1338115969144458	-0.130685630908896	Stable_B
chr17	61400000	61500000	-0.0131563657516032	0.0112915169444904	B_to_A
chr17	61500000	61600000	-0.057207962592831	-0.0520079105409358	Stable_B
chr17	61600000	61700000	-0.1337006856832685	-0.0777503639070742	Stable_B
chr17	61700000	61800000	0.0003018586808597	0.1060388646641622	Stable_A
chr17	61800000	61900000	-0.0168109559788469	0.0598344046722613	B_to_A
chr17	61900000	62000000	0.1360325003883169	0.2525477028450877	Stable_A
chr17	62000000	62100000	0.0915654493583846	0.1754850777154847	Stable_A
chr17	62100000	62200000	-0.0414586210299446	0.0592282638906094	B_to_A
chr17	62200000	62300000	-0.0257665014560256	0.0397266219227838	B_to_A
chr17	62300000	62400000	-0.0189384959612207	0.1192055894380646	B_to_A
chr17	62400000	62500000	0.1522594598874963	0.2431049208627785	Stable_A
chr17	62500000	62600000	0.2483571004677124	0.4696523037701065	Stable_A
chr17	62600000	62700000	0.1721630858062463	0.332788439117445	Stable_A
chr17	62700000	62800000	0.055298466633719	0.1773381038605211	Stable_A
chr17	62800000	62900000	0.1429712547889477	0.3078776938987251	Stable_A
chr17	62900000	63000000	-0.0438515076448692	0.1496261678440786	B_to_A
chr17	63000000	63100000	-0.0394645236786985	0.1266157313119165	B_to_A
chr17	63100000	63200000	-0.0197070414391089	0.1818527219015349	B_to_A
chr17	63200000	63300000	0.0515618572469994	0.1999945983038211	Stable_A
chr17	63300000	63400000	-0.0797542811323173	0.0974422824322842	B_to_A
chr17	63400000	63500000	0.1731821311085572	0.2860793162838067	Stable_A
chr17	63500000	63600000	0.5079925419948758	0.7365548367439765	Stable_A
chr17	63600000	63700000	0.5149936351798734	0.753299523835501	Stable_A
chr17	63700000	63800000	0.888387606330035	1.1943821399016248	Stable_A
chr17	63800000	63900000	0.8936266553356004	1.1935186845937442	Stable_A
chr17	63900000	64000000	0.7868682209594823	1.0921986204235414	Stable_A
chr17	64000000	64100000	0.6477383444524573	0.7694321165827119	Stable_A
chr17	64100000	64200000	0.484418674301851	0.6686957872546433	Stable_A
chr17	64200000	64300000	0.4024813495389895	0.5913855803933192	Stable_A
chr17	64300000	64400000	0.3500131503351081	0.5063040540429061	Stable_A
chr17	64400000	64500000	0.3402397826097008	0.4356338306254386	Stable_A
chr17	64500000	64600000	0.5047232954883359	0.6481657099290996	Stable_A
chr17	64600000	64700000	0.3587036241140668	0.5660254132663957	Stable_A
chr17	64700000	64800000	0.137746870029548	0.3133585348388599	Stable_A
chr17	64800000	64900000	0.2512405058246257	0.3733184570488653	Stable_A
chr17	64900000	65000000	0.1184473363795968	0.2012718946954277	Stable_A
chr17	65000000	65100000	0.1986460928937833	0.2802293971711755	Stable_A
chr17	65100000	65200000	-0.008036800787672	0.0620265697408777	B_to_A
chr17	65200000	65300000	-0.3369165166504916	-0.2677371661933593	Stable_B
chr17	65300000	65400000	-0.2180069791777113	-0.16634513550108	Stable_B
chr17	65400000	65500000	-0.19186182327704	-0.1335328962387053	Stable_B
chr17	65500000	65600000	-0.1408442065006983	-0.0734569703500556	Stable_B
chr17	65600000	65700000	-0.1704029200418741	-0.0746308801751492	Stable_B
chr17	65700000	65800000	-0.2061116819693886	-0.108419280932898	Stable_B
chr17	65800000	65900000	-0.2512643134727599	-0.1607184355088593	Stable_B
chr17	65900000	66000000	-0.3037618368584711	-0.2224724406174447	Stable_B
chr17	66000000	66100000	-0.2726118432662921	-0.1993821078036513	Stable_B
chr17	66100000	66200000	-0.271625276925056	-0.2308049369139726	Stable_B
chr17	66200000	66300000	-0.1860004136185694	-0.1390721850554295	Stable_B
chr17	66300000	66400000	0.0139093192686825	0.0960667377130885	Stable_A
chr17	66400000	66500000	0.0359778243530734	0.1552706764187757	Stable_A
chr17	66500000	66600000	-0.011310344835948	0.0780141231136844	B_to_A
chr17	66600000	66700000	-0.1851640472405698	-0.1117447247610042	Stable_B
chr17	66700000	66800000	-0.0810259568318033	0.0475170558132126	B_to_A
chr17	66800000	66900000	0.0136630186116927	0.135198286921196	Stable_A
chr17	66900000	67000000	0.028007567623821	0.0837943086953827	Stable_A
chr17	67000000	67100000	0.0610286623497237	0.1768850907595469	Stable_A
chr17	67100000	67200000	0.1817206965680274	0.3431247468626661	Stable_A
chr17	67200000	67300000	0.2182032406538338	0.3895357452331465	Stable_A
chr17	67300000	67400000	0.1470988139392414	0.3155792188599826	Stable_A
chr17	67400000	67500000	0.3477237788494145	0.5197606567518431	Stable_A
chr17	67500000	67600000	0.3339190990542207	0.5134634999619403	Stable_A
chr17	67600000	67700000	0.1392354661806441	0.3261722968734448	Stable_A
chr17	67700000	67800000	0.2513139746196018	0.3851355481196714	Stable_A
chr17	67800000	67900000	0.3677964512116639	0.5308811769147631	Stable_A
chr17	67900000	68000000	0.3331652554815636	0.5227467526146387	Stable_A
chr17	68000000	68100000	0.1273486442878635	0.2414200523472541	Stable_A
chr17	68100000	68200000	-0.0860313911359176	0.057013991603985	B_to_A
chr17	68200000	68300000	-0.2163777655814587	-0.1059690577904211	Stable_B
chr17	68300000	68400000	-0.1332891486247962	0.014536830140597	B_to_A
chr17	68400000	68500000	-0.2811299548144379	-0.2686929933475627	Stable_B
chr17	68500000	68600000	-0.4223831787717673	-0.4411283564476823	Stable_B
chr17	68600000	68700000	-0.4483382730108659	-0.5171981648256542	Stable_B
chr17	68700000	68800000	-0.5886748622052017	-0.5982882392613856	Stable_B
chr17	68800000	68900000	-0.6660593530487235	-0.7554857158041752	Stable_B
chr17	68900000	69000000	-0.6335136078270996	-0.7236986519254339	Stable_B
chr17	69000000	69100000	-0.6249801322778126	-0.6909919537866779	Stable_B
chr17	69100000	69200000	-0.6244939927449629	-0.754270023294653	Stable_B
chr17	69200000	69300000	-0.6401196227772691	-0.6496404061111092	Stable_B
chr17	69300000	69400000	-0.5755978029167749	-0.5590319502522019	Stable_B
chr17	69400000	69500000	-0.5074955810069491	-0.4476186920795804	Stable_B
chr17	69500000	69600000	-0.6562635343736427	-0.6451431451993115	Stable_B
chr17	69600000	69700000	-0.7190007786630447	-0.7117969038356322	Stable_B
chr17	69700000	69800000	-0.7068611276841676	-0.7250135105471225	Stable_B
chr17	69800000	69900000	-0.7217155670713912	-0.7157885111680785	Stable_B
chr17	69900000	70000000	-0.6896041792889576	-0.7160870246512478	Stable_B
chr17	70000000	70100000	-0.6748951695604604	-0.6844845144155671	Stable_B
chr17	70100000	70200000	-0.6788333679627105	-0.6426191108998143	Stable_B
chr17	70200000	70300000	-0.6716476621274369	-0.6629842238121021	Stable_B
chr17	70300000	70400000	-0.6449589284565568	-0.6762439633452588	Stable_B
chr17	70400000	70500000	-0.6608407299816901	-0.7164154725362641	Stable_B
chr17	70500000	70600000	-0.6944973269420357	-0.6422251207612883	Stable_B
chr17	70600000	70700000	-0.7158341222161548	-0.6700361721993768	Stable_B
chr17	70700000	70800000	-0.6841619020222913	-0.6898472908518091	Stable_B
chr17	70800000	70900000	-0.7110460703159117	-0.6511623868095768	Stable_B
chr17	70900000	71000000	-0.6754204695935648	-0.7003306574258019	Stable_B
chr17	71000000	71100000	-0.6835281316187239	-0.6586916682550632	Stable_B
chr17	71100000	71200000	-0.7135487772474527	-0.691358016213329	Stable_B
chr17	71200000	71300000	-0.6887763067014814	-0.7343852453901688	Stable_B
chr17	71300000	71400000	-0.6901125760489804	-0.745864019955672	Stable_B
chr17	71400000	71500000	-0.6883098696198501	-0.7097821171359365	Stable_B
chr17	71500000	71600000	-0.7208832128268239	-0.7209745333077167	Stable_B
chr17	71600000	71700000	-0.7266358883607549	-0.736056680467036	Stable_B
chr17	71700000	71800000	-0.6952744831958115	-0.6921852783974192	Stable_B
chr17	71800000	71900000	-0.6705024709522269	-0.6904571473955942	Stable_B
chr17	71900000	72000000	-0.6708985525339463	-0.6911841439688038	Stable_B
chr17	72000000	72100000	-0.6440558608552172	-0.6146721250033158	Stable_B
chr17	72100000	72200000	-0.5441133510684192	-0.5033268035769223	Stable_B
chr17	72200000	72300000	-0.5257748502051961	-0.5136247883996101	Stable_B
chr17	72300000	72400000	-0.5718008528131295	-0.5346102278303021	Stable_B
chr17	72400000	72500000	-0.5701753796682826	-0.507781217596377	Stable_B
chr17	72500000	72600000	-0.5500333106710044	-0.5163937706359697	Stable_B
chr17	72600000	72700000	-0.4068367771267689	-0.3466977392583771	Stable_B
chr17	72700000	72800000	-0.4091428339824072	-0.3005004425344479	Stable_B
chr17	72800000	72900000	-0.3332652758071944	-0.2682312634227372	Stable_B
chr17	72900000	73000000	-0.3130246394950753	-0.2818129202557675	Stable_B
chr17	73000000	73100000	-0.2850222075417205	-0.1910966672060155	Stable_B
chr17	73100000	73200000	-0.2806998551572785	-0.2710124369454463	Stable_B
chr17	73200000	73300000	-0.0398714930512576	0.1196270284302473	B_to_A
chr17	73300000	73400000	0.1033615444801207	0.291960915127346	Stable_A
chr17	73400000	73500000	0.0982014057806726	0.2585808926535005	Stable_A
chr17	73500000	73600000	0.1660435786305824	0.3857682563230845	Stable_A
chr17	73600000	73700000	0.0722637293103658	0.3159208469663153	Stable_A
chr17	73700000	73800000	0.075296410439047	0.242786076441812	Stable_A
chr17	73800000	73900000	0.0991816213936739	0.2530125308556872	Stable_A
chr17	73900000	74000000	0.1112600307342392	0.2610261163922324	Stable_A
chr17	74000000	74100000	0.2618248689034056	0.4834152260876197	Stable_A
chr17	74100000	74200000	0.3274569406687409	0.6250652271350169	Stable_A
chr17	74200000	74300000	0.6561176968765335	0.9270993494213444	Stable_A
chr17	74300000	74400000	0.6880487127397784	1.0426029936441916	Stable_A
chr17	74400000	74500000	0.8176485287723632	1.2933271691158104	Stable_A
chr17	74500000	74600000	0.605225921303499	0.9228282336201477	Stable_A
chr17	74600000	74700000	0.7547550045722248	1.2093323043980504	Stable_A
chr17	74700000	74800000	1.0707543245802418	1.5152708549054403	Stable_A
chr17	74800000	74900000	1.1934530962933525	1.7149312926919622	Stable_A
chr17	74900000	75000000	1.2661321742832992	1.825573251059209	Stable_A
chr17	75000000	75100000	1.418547718125578	2.0374714848799385	Stable_A
chr17	75100000	75200000	1.435199084897612	2.1783901995840336	Stable_A
chr17	75200000	75300000	1.1188776698570424	1.5242430636305857	Stable_A
chr17	75300000	75400000	1.555224305674041	2.252553504052655	Stable_A
chr17	75400000	75500000	1.117570607543513	1.6674233492398418	Stable_A
chr17	75500000	75600000	1.2955363607334518	1.832619945478834	Stable_A
chr17	75600000	75700000	1.4986043140956813	2.050761750708093	Stable_A
chr17	75700000	75800000	1.377855916466333	2.1205516077666147	Stable_A
chr17	75800000	75900000	1.4050940220821548	2.0907500520324485	Stable_A
chr17	75900000	76000000	1.2363084629982135	2.0485702996281496	Stable_A
chr17	76000000	76100000	1.00448337385945	1.6624684628340978	Stable_A
chr17	76100000	76200000	1.1768901202188875	1.8572993400668747	Stable_A
chr17	76200000	76300000	0.9427636045585278	0.8234662632317932	Stable_A
chr17	76300000	76400000	0.8577543088977296	0.8582771385552965	Stable_A
chr17	76400000	76500000	1.0558341804844766	0.9859481558568516	Stable_A
chr17	76500000	76600000	1.1117079599327548	1.035899214742846	Stable_A
chr17	76600000	76700000	1.0460130838982316	0.9403964344951456	Stable_A
chr17	76700000	76800000	0.7976828466710019	0.7284028535617388	Stable_A
chr17	76800000	76900000	0.6552159041461423	0.5358523118842506	Stable_A
chr17	76900000	77000000	0.8172876988478247	0.6501251638821905	Stable_A
chr17	77000000	77100000	0.5666248177044345	0.48118032270997	Stable_A
chr17	77100000	77200000	0.8283868348282093	0.8123086801969372	Stable_A
chr17	77200000	77300000	0.5376308272670922	0.4511736124410299	Stable_A
chr17	77300000	77400000	0.6155096870149813	0.4364113447845043	Stable_A
chr17	77400000	77500000	0.7027518262432421	0.490445701020155	Stable_A
chr17	77500000	77600000	0.3614138998356264	0.2464481012643986	Stable_A
chr17	77600000	77700000	0.5218473302561657	0.3582454725510161	Stable_A
chr17	77700000	77800000	0.5424084522008997	0.374337867241988	Stable_A
chr17	77800000	77900000	0.4963334021658959	0.3483174867303816	Stable_A
chr17	77900000	78000000	0.6916513268771944	0.5531306850011234	Stable_A
chr17	78000000	78100000	0.6486199086557124	0.5403351758530355	Stable_A
chr17	78100000	78200000	1.035821929353129	0.8839345786175163	Stable_A
chr17	78200000	78300000	0.9123744295696876	0.8057811211369958	Stable_A
chr17	78300000	78400000	1.0970718414511802	1.0191729378962986	Stable_A
chr17	78400000	78500000	0.60040784906992	0.4470988618635722	Stable_A
chr17	78500000	78600000	0.7139890368116083	0.6638308527780659	Stable_A
chr17	78600000	78700000	0.7062618244185814	0.607416416398377	Stable_A
chr17	78700000	78800000	0.7681470599509416	0.5883579708460794	Stable_A
chr17	78800000	78900000	0.8937118764267621	0.7011644726949909	Stable_A
chr17	78900000	79000000	0.9026664517663386	0.7816508856149476	Stable_A
chr17	79000000	79100000	0.5613707728486942	0.4773782161467798	Stable_A
chr17	79100000	79200000	0.4559447466054739	0.2747110099574558	Stable_A
chr17	79200000	79300000	0.6120707787724707	0.519017147698127	Stable_A
chr17	79300000	79400000	0.3612610037088414	0.2244165208387282	Stable_A
chr17	79400000	79500000	0.3599856631355336	0.2848938473511708	Stable_A
chr17	79500000	79600000	0.5301954963755272	0.4746216743165415	Stable_A
chr17	79600000	79700000	0.5280632140415821	0.4467917360720714	Stable_A
chr17	79700000	79800000	0.6340484714455654	0.5307314619456657	Stable_A
chr17	79800000	79900000	0.9261056083289771	0.9128960009850065	Stable_A
chr17	79900000	80000000	0.7042123564421574	0.6940649297585642	Stable_A
chr17	80000000	80100000	0.7114498662761646	0.6034596805405262	Stable_A
chr17	80100000	80200000	0.8771319615651157	0.6593787453020084	Stable_A
chr17	80200000	80300000	0.8173615096746192	0.7072043006004342	Stable_A
chr17	80300000	80400000	0.5257971926097669	0.4119075853284555	Stable_A
chr17	80400000	80500000	0.5443069877891435	0.3719219385422009	Stable_A
chr17	80500000	80600000	0.6931989867394721	0.5992799710761972	Stable_A
chr17	80600000	80700000	0.734097967334882	0.5508869656389473	Stable_A
chr17	80700000	80800000	0.6869768862268759	0.6041556627365444	Stable_A
chr17	80800000	80900000	0.5944918855480993	0.4068690200029027	Stable_A
chr17	80900000	81000000	0.4577612117242163	0.228931961218546	Stable_A
chr17	81000000	81100000	0.7297907321533621	0.3731554420085008	Stable_A
chr17	81200000	81300000	0.8844062778365972	0.3743221060065665	Stable_A
chr17	81300000	81400000	1.2751431791240693	0.8538766993245338	Stable_A
chr17	81500000	81600000	1.062427627834702	0.7141901402262452	Stable_A
chr17	81600000	81700000	1.2613909654862303	1.066722160824105	Stable_A
chr17	81800000	81900000	1.3864225195266628	1.0041771683855854	Stable_A
chr17	81900000	82000000	1.4402736987233709	0.8816996822881177	Stable_A
chr17	82100000	82200000	1.3166535273842326	0.8482365559065228	Stable_A
chr17	82200000	82300000	1.2357735106281382	0.8022572592728138	Stable_A
chr17	82400000	82500000	1.0371802760191688	0.8066577159643616	Stable_A
chr17	82500000	82600000	1.899511085821152	1.0842543545041514	Stable_A
chr17	82600000	82700000	1.9484026523630695	0.5244182473412236	Stable_A
chr17	82700000	82800000	1.7405728390011572	0.6613899827140748	Stable_A
