chrom	start	end	E1_control	E1_hiPSC_var	dE1_hiPSC_var_vs_control	abs_dE1_hiPSC_var_vs_control	rel_dE1_hiPSC_var_vs_control	compartment_change_hiPSC_var
chr17	100000	200000	0.3177954157010763	0.1367293212925341	-0.18106609440854218	0.18106609440854218	0.5697567852232834	Stable_A
chr17	300000	400000	0.2789145805551403	0.286911431142182	0.007996850587041693	0.007996850587041693	0.02867132500253334	Stable_A
chr17	500000	600000	0.45295122557997	0.312313229731895	-0.14063799584807496	0.14063799584807496	0.31049258265721347	Stable_A
chr17	600000	700000	0.5792828044575348	0.1843503212678185	-0.3949324831897163	0.3949324831897163	0.6817611020916596	Stable_A
chr17	700000	800000	0.3865498848732234	0.2392359415134716	-0.1473139433597518	0.1473139433597518	0.38109943664338763	Stable_A
chr17	800000	900000	0.7855264081382888	0.7457860026337082	-0.03974040550458058	0.03974040550458058	0.05059079502975085	Stable_A
chr17	900000	1000000	0.7617000987869081	0.6688128855854508	-0.09288721320145732	0.09288721320145732	0.12194722483217542	Stable_A
chr17	1000000	1100000	0.4362991534167198	0.3369439547915152	-0.09935519862520464	0.09935519862520464	0.22772264820396776	Stable_A
chr17	1100000	1200000	0.773363870917129	0.6602599227827058	-0.11310394813442315	0.11310394813442315	0.14624933021540512	Stable_A
chr17	1200000	1300000	0.6944019401144376	0.5915023324578054	-0.1028996076566322	0.1028996076566322	0.14818450484120813	Stable_A
chr17	1300000	1400000	0.9707946251992235	1.00357086018179	0.03277623498256654	0.03277623498256654	0.03376227487440024	Stable_A
chr17	1400000	1500000	0.934773437931178	1.020107268391187	0.08533383046000897	0.08533383046000897	0.09128824910650876	Stable_A
chr17	1500000	1600000	0.7877961280820792	0.7993131537056998	0.011517025623620558	0.011517025623620558	0.014619297065675116	Stable_A
chr17	1600000	1700000	0.8154284979651367	0.8835619483359526	0.06813345037081586	0.06813345037081586	0.0835553951582998	Stable_A
chr17	1700000	1800000	0.9994872110005156	1.0415297384503086	0.04204252744979298	0.04204252744979298	0.042064097456241775	Stable_A
chr17	1800000	1900000	0.6431560286088157	0.6637911728856318	0.02063514427681612	0.02063514427681612	0.032084196305290254	Stable_A
chr17	1900000	2000000	0.8137162060661157	0.8717465198726655	0.05803031380654977	0.05803031380654977	0.07131517520966606	Stable_A
chr17	2000000	2100000	0.531104068877943	0.5203973098115823	-0.01070675906636076	0.01070675906636076	0.020159437092961457	Stable_A
chr17	2100000	2200000	0.7471024084643547	0.8437833119604576	0.09668090349610292	0.09668090349610292	0.12940783271576844	Stable_A
chr17	2200000	2300000	0.5076362975703134	0.526255723674398	0.018619426104084624	0.018619426104084624	0.03667867367483828	Stable_A
chr17	2300000	2400000	0.627098240684854	0.6610761767348657	0.03397793605001176	0.03397793605001176	0.054182796004824466	Stable_A
chr17	2400000	2500000	0.5148845534007179	0.5972402944674544	0.08235574106673649	0.08235574106673649	0.15994991600115394	Stable_A
chr17	2500000	2600000	0.7658923191388401	0.8848530731998399	0.11896075406099971	0.11896075406099971	0.15532308013580512	Stable_A
chr17	2600000	2700000	0.570688892662142	0.6604642924781332	0.08977539981599125	0.08977539981599125	0.1573105784435512	Stable_A
chr17	2700000	2800000	0.436352587715301	0.4272557224199124	-0.009096865295388612	0.009096865295388612	0.020847510823801686	Stable_A
chr17	2800000	2900000	0.5342980574737006	0.5482947745123014	0.013996717038600726	0.013996717038600726	0.026196458779544927	Stable_A
chr17	2900000	3000000	0.3761226831828346	0.4157465654621913	0.039623882279356704	0.039623882279356704	0.10534829206271346	Stable_A
chr17	3000000	3100000	-0.0887422897198668	0.02873241897876	0.11747470869862679	0.11747470869862679	1.3237736942494922	B_to_A
chr17	3100000	3200000	0.0596495367728991	0.3286303177064955	0.2689807809335964	0.2689807809335964	4.509352385378522	Stable_A
chr17	3200000	3300000	0.1605830505577326	0.3505456572803688	0.1899626067226362	0.1899626067226362	1.1829555240286156	Stable_A
chr17	3300000	3400000	0.0100858021377388	0.2293175806408853	0.2192317785031465	0.2192317785031465	21.736672553076428	Stable_A
chr17	3400000	3500000	0.1181399004574934	0.3152800517409425	0.19714015128344908	0.19714015128344908	1.6687008412909565	Stable_A
chr17	3500000	3600000	0.2000470563632617	0.3210251312715892	0.12097807490832752	0.12097807490832752	0.6047480883130102	Stable_A
chr17	3600000	3700000	0.3567138065790571	0.4629035552169619	0.10618974863790481	0.10618974863790481	0.2976889222659521	Stable_A
chr17	3700000	3800000	0.6173642606791966	0.8044668532630029	0.18710259258380635	0.18710259258380635	0.303066770301806	Stable_A
chr17	3800000	3900000	0.6175231717543197	0.7141174677756547	0.09659429602133496	0.09659429602133496	0.15642213999342003	Stable_A
chr17	3900000	4000000	0.7975822013490904	0.7822418192637912	-0.015340382085299198	0.015340382085299198	0.0192336063409531	Stable_A
chr17	4000000	4100000	0.5686922721265564	0.5370777360405686	-0.03161453608598774	0.03161453608598774	0.055591640040700725	Stable_A
chr17	4100000	4200000	0.5878954581515728	0.5606337103372572	-0.027261747814315673	0.027261747814315673	0.046371761231206815	Stable_A
chr17	4200000	4300000	0.7368802951870088	0.8797183850427739	0.14283808985576507	0.14283808985576507	0.19384164672162252	Stable_A
chr17	4300000	4400000	0.9127046223745424	1.2374415765846545	0.32473695421011206	0.32473695421011206	0.35579632911824044	Stable_A
chr17	4400000	4500000	0.5564419161101751	0.4755663006633737	-0.08087561544680144	0.08087561544680144	0.1453442185163997	Stable_A
chr17	4500000	4600000	0.7290387185795425	0.7048414203189242	-0.02419729826061834	0.02419729826061834	0.03319069021157656	Stable_A
chr17	4600000	4700000	0.7083207144901392	0.729914027776147	0.021593313286007776	0.021593313286007776	0.030485220669497142	Stable_A
chr17	4700000	4800000	0.8572694886460613	1.0045916390780096	0.1473221504319483	0.1473221504319483	0.17185045354247153	Stable_A
chr17	4800000	4900000	0.9845275416334706	1.133026335067524	0.14849879343405348	0.14849879343405348	0.15083254368656154	Stable_A
chr17	4900000	5000000	0.924999886685594	1.138147332428491	0.213147445742897	0.213147445742897	0.23042969930151516	Stable_A
chr17	5000000	5100000	0.9807723134274742	1.1192343134223506	0.1384619999948764	0.1384619999948764	0.1411764974390413	Stable_A
chr17	5100000	5200000	0.8689464449179695	0.9918609277991128	0.12291448288114337	0.12291448288114337	0.14145231112919368	Stable_A
chr17	5200000	5300000	0.9086636152274784	1.0334938457980325	0.12483023057055409	0.12483023057055409	0.13737782439908042	Stable_A
chr17	5300000	5400000	1.081381397249952	1.185969103043892	0.10458770579393994	0.10458770579393994	0.09671676067289088	Stable_A
chr17	5400000	5500000	0.8645411406930735	0.9659941867380022	0.10145304604492866	0.10145304604492866	0.1173490089362285	Stable_A
chr17	5500000	5600000	0.2466706507924248	0.2971417223565333	0.05047107156410849	0.05047107156410849	0.20460914746837988	Stable_A
chr17	5600000	5700000	0.2209080388154117	0.3123366885163458	0.09142864970093406	0.09142864970093406	0.41387651708469886	Stable_A
chr17	5700000	5800000	0.1188908577888333	0.1684488208632545	0.04955796307442119	0.04955796307442119	0.4168357769143446	Stable_A
chr17	5800000	5900000	0.2502921574406517	0.3993430915669941	0.1490509341263424	0.1490509341263424	0.5955078083566593	Stable_A
chr17	5900000	6000000	0.3239173146266185	0.4768166049687435	0.15289929034212502	0.15289929034212502	0.47203185330914765	Stable_A
chr17	6000000	6100000	0.163562697515194	0.2293639349382654	0.0658012374230714	0.0658012374230714	0.40229978120138826	Stable_A
chr17	6100000	6200000	0.3020441719817061	0.3222121275495058	0.02016795556779971	0.02016795556779971	0.06677154349801931	Stable_A
chr17	6200000	6300000	0.1827168007038852	0.1515941069339072	-0.031122693769978005	0.031122693769978005	0.17033296144680266	Stable_A
chr17	6300000	6400000	0.2791417721471236	0.3607385739348639	0.08159680178774031	0.08159680178774031	0.292313118026399	Stable_A
chr17	6400000	6500000	0.2900599371131106	0.348368411965864	0.05830847485275337	0.05830847485275337	0.20102215918917346	Stable_A
chr17	6500000	6600000	0.7874335170339769	0.790848332419366	0.003414815385389125	0.003414815385389125	0.004336639616575756	Stable_A
chr17	6600000	6700000	0.5355475566270906	0.6463376117406948	0.11079005511360418	0.11079005511360418	0.20687248731254854	Stable_A
chr17	6700000	6800000	0.6293835633982441	0.8258979585478572	0.1965143951496131	0.1965143951496131	0.31223312234048306	Stable_A
chr17	6800000	6900000	0.6520713866445379	0.7167638122243694	0.06469242557983146	0.06469242557983146	0.0992106491786567	Stable_A
chr17	6900000	7000000	0.6689822103338722	0.8021782589348218	0.13319604860094958	0.13319604860094958	0.19910252700811698	Stable_A
chr17	7000000	7100000	0.8107903282786165	0.8761227841214354	0.06533245584281888	0.06533245584281888	0.08057873110243653	Stable_A
chr17	7100000	7200000	0.9845850622514678	1.0805928652226773	0.09600780297120948	0.09600780297120948	0.09751092785387863	Stable_A
chr17	7200000	7300000	1.2721177215451065	1.4147992303767545	0.14268150883164799	0.14268150883164799	0.11216061722522652	Stable_A
chr17	7300000	7400000	1.2669651990638575	1.3895355273576189	0.12257032829376135	0.12257032829376135	0.09674324786847091	Stable_A
chr17	7400000	7500000	1.441847177511416	1.708573161321104	0.26672598380968804	0.26672598380968804	0.18498908065281158	Stable_A
chr17	7500000	7600000	1.2196514823108129	1.383783532669696	0.164132050358883	0.164132050358883	0.13457291098266055	Stable_A
chr17	7600000	7700000	1.377158238242429	1.4523475086884423	0.07518927044601331	0.07518927044601331	0.054597408168557404	Stable_A
chr17	7700000	7800000	1.1081590421402094	1.1775606993733356	0.06940165723312619	0.06940165723312619	0.06262788516266528	Stable_A
chr17	7800000	7900000	1.148090893593018	1.288993165543476	0.140902271950458	0.140902271950458	0.12272745366832068	Stable_A
chr17	7900000	8000000	1.2014281434786105	1.3382242520939678	0.1367961086153573	0.1367961086153573	0.1138612486796575	Stable_A
chr17	8000000	8100000	0.965339949618512	0.991140584106449	0.025800634487937013	0.025800634487937013	0.026726993426650414	Stable_A
chr17	8100000	8200000	1.434158927419365	1.6637594822308537	0.22960055481148878	0.22960055481148878	0.1600942199792554	Stable_A
chr17	8200000	8300000	1.5738770370997712	1.7909965477495875	0.21711951064981627	0.21711951064981627	0.13795201628324705	Stable_A
chr17	8300000	8400000	1.3657535782870012	1.45400314862779	0.08824957034078884	0.08824957034078884	0.06461602718367103	Stable_A
chr17	8400000	8500000	1.0776344196912797	1.0632058896963417	-0.014428529994938044	0.014428529994938044	0.013389076788278092	Stable_A
chr17	8500000	8600000	1.028320077809655	0.9009169033137427	-0.12740317449591232	0.12740317449591232	0.12389447336989078	Stable_A
chr17	8600000	8700000	1.0671688451849044	1.0820006317804838	0.014831786595579377	0.014831786595579377	0.013898256740253252	Stable_A
chr17	8700000	8800000	0.6623662622418579	0.5678256668791793	-0.09454059536267856	0.09454059536267856	0.1427315984402566	Stable_A
chr17	8800000	8900000	0.6798792734381046	0.6670210032740889	-0.01285827016401575	0.01285827016401575	0.01891257855088349	Stable_A
chr17	8900000	9000000	0.483705314726424	0.4295197599479359	-0.054185554778488076	0.054185554778488076	0.11202183050052812	Stable_A
chr17	9000000	9100000	0.4939040743998463	0.511282729108857	0.017378654709010677	0.017378654709010677	0.03518629549701096	Stable_A
chr17	9100000	9200000	0.5501275304742704	0.4333440112937639	-0.11678351918050656	0.11678351918050656	0.2122844480802957	Stable_A
chr17	9200000	9300000	0.4086150157680139	0.3630962410373706	-0.04551877473064331	0.04551877473064331	0.11139770437728119	Stable_A
chr17	9300000	9400000	0.4210756074033818	0.4380682201178135	0.0169926127144317	0.0169926127144317	0.04035525310815054	Stable_A
chr17	9400000	9500000	0.3595615779691344	0.3889967613499221	0.02943518338078771	0.02943518338078771	0.0818640955661689	Stable_A
chr17	9500000	9600000	0.2369164077848785	0.2020667245567088	-0.0348496832281697	0.0348496832281697	0.14709695944661383	Stable_A
chr17	9600000	9700000	0.4518816576566734	0.2390871369295542	-0.21279452072711919	0.21279452072711919	0.4709076306186216	Stable_A
chr17	9700000	9800000	0.2575085424425683	0.111781516321213	-0.14572702612135532	0.14572702612135532	0.5659114246815969	Stable_A
chr17	9800000	9900000	0.2046036086476521	-0.0087272942391481	-0.21333090288680018	0.21333090288680018	1.0426546447388294	A_to_B
chr17	9900000	10000000	-0.0215527751866892	-0.139579342833931	-0.1180265676472418	0.1180265676472418	5.476165673557156	Stable_B
chr17	10000000	10100000	0.1347203786032252	-0.0439611225861427	-0.1786815011893679	0.1786815011893679	1.3263138289984755	A_to_B
chr17	10100000	10200000	0.2090209757192452	0.0671737393930324	-0.1418472363262128	0.1418472363262128	0.6786268021097582	Stable_A
chr17	10200000	10300000	-0.1044415883642793	-0.2151762501813915	-0.1107346618171122	0.1107346618171122	1.060254478617114	Stable_B
chr17	10300000	10400000	-0.1912839189354715	-0.3571449523611172	-0.1658610334256457	0.1658610334256457	0.8670934511834104	Stable_B
chr17	10400000	10500000	-0.1000436438671908	-0.2930018004529338	-0.19295815658574297	0.19295815658574297	1.928739789225364	Stable_B
chr17	10500000	10600000	-0.1082401574724911	-0.3121845726757106	-0.2039444152032195	0.2039444152032195	1.8841843911309102	Stable_B
chr17	10600000	10700000	-0.1668080815541638	-0.3431253456555663	-0.1763172641014025	0.1763172641014025	1.057006725685236	Stable_B
chr17	10700000	10800000	-0.1645895554116308	-0.3426941181867398	-0.17810456277510897	0.17810456277510897	1.0821133961366975	Stable_B
chr17	10800000	10900000	-0.3725988193296211	-0.5513945571920014	-0.1787957378623803	0.1787957378623803	0.4798612571668079	Stable_B
chr17	10900000	11000000	-0.49539254304537	-0.7599725965225439	-0.2645800534771739	0.2645800534771739	0.5340816231320272	Stable_B
chr17	11000000	11100000	-0.4985955603998283	-0.7176112902514545	-0.21901572985162626	0.21901572985162626	0.4392653028759333	Stable_B
chr17	11100000	11200000	-0.4653027455843072	-0.7058497911710792	-0.24054704558677198	0.24054704558677198	0.5169688936279612	Stable_B
chr17	11200000	11300000	-0.5102778162952121	-0.7041383268663223	-0.1938605105711102	0.1938605105711102	0.3799116959044045	Stable_B
chr17	11300000	11400000	-0.529168010372627	-0.6963235975599588	-0.1671555871873318	0.1671555871873318	0.3158837720927707	Stable_B
chr17	11400000	11500000	-0.5016836389319292	-0.6681435377118656	-0.1664598987799364	0.1664598987799364	0.3318025262580318	Stable_B
chr17	11500000	11600000	-0.4668878475245961	-0.7018517854552369	-0.23496393793064074	0.23496393793064074	0.5032556301827124	Stable_B
chr17	11600000	11700000	-0.4144024036423511	-0.6785424445385125	-0.26414004089616144	0.26414004089616144	0.637399876483648	Stable_B
chr17	11700000	11800000	-0.4124520615923807	-0.7059542556455947	-0.293502194053214	0.293502194053214	0.7116031689114872	Stable_B
chr17	11800000	11900000	-0.4007752969980691	-0.7110093268411255	-0.3102340298430564	0.3102340298430564	0.7740847107264476	Stable_B
chr17	11900000	12000000	-0.3998176724182494	-0.5475563787114673	-0.14773870629321795	0.14773870629321795	0.36951519776411595	Stable_B
chr17	12000000	12100000	-0.0091083829988369	-0.2361426615818269	-0.22703427858299	0.22703427858299	24.92585990422024	Stable_B
chr17	12100000	12200000	-0.1892184690944402	-0.360174244833822	-0.17095577573938178	0.17095577573938178	0.9034835582252629	Stable_B
chr17	12200000	12300000	-0.2992405641548274	-0.4823803429138937	-0.18313977875906629	0.18313977875906629	0.6120152168417566	Stable_B
chr17	12300000	12400000	-0.2969062790943972	-0.4338109046677712	-0.13690462557337402	0.13690462557337402	0.46110384054844156	Stable_B
chr17	12400000	12500000	-0.2068883981883522	-0.3949222996737013	-0.1880339014853491	0.1880339014853491	0.908866341137999	Stable_B
chr17	12500000	12600000	-0.2257847965139752	-0.353923734512849	-0.12813893799887377	0.12813893799887377	0.5675268661897811	Stable_B
chr17	12600000	12700000	-0.2248814589534732	-0.3691463249793318	-0.1442648660258586	0.1442648660258586	0.6415151640211756	Stable_B
chr17	12700000	12800000	-0.1666129983774164	-0.3150717684675335	-0.1484587700901171	0.1484587700901171	0.891039543948571	Stable_B
chr17	12800000	12900000	-0.0427180238445737	-0.1767328662007064	-0.1340148423561327	0.1340148423561327	3.137196674727641	Stable_B
chr17	12900000	13000000	-0.0765262090632839	-0.1834046863765171	-0.1068784773132332	0.1068784773132332	1.396625791627144	Stable_B
chr17	13000000	13100000	-0.2322122907194772	-0.3871347730494455	-0.1549224823299683	0.1549224823299683	0.6671588392240684	Stable_B
chr17	13100000	13200000	-0.3491954093966596	-0.4604728974790564	-0.11127748808239679	0.11127748808239679	0.3186682444498976	Stable_B
chr17	13200000	13300000	-0.2890324902608302	-0.436914615402957	-0.14788212514212679	0.14788212514212679	0.5116453344351503	Stable_B
chr17	13300000	13400000	-0.3427447346739248	-0.4548470467164663	-0.11210231204254151	0.11210231204254151	0.32707230980277985	Stable_B
chr17	13400000	13500000	-0.3178673461752926	-0.3921738396515073	-0.07430649347621471	0.07430649347621471	0.23376573394625222	Stable_B
chr17	13500000	13600000	-0.3050494773647532	-0.3816228647934293	-0.07657338742867609	0.07657338742867609	0.25101956603949827	Stable_B
chr17	13600000	13700000	-0.3356317697473058	-0.4264709760143289	-0.09083920626702308	0.09083920626702308	0.27065139374444536	Stable_B
chr17	13700000	13800000	-0.3016843986098883	-0.4173437778758186	-0.11565937926593028	0.11565937926593028	0.3833787222636289	Stable_B
chr17	13800000	13900000	-0.3215712359120524	-0.401995300002454	-0.08042406409040159	0.08042406409040159	0.25009719498791566	Stable_B
chr17	13900000	14000000	-0.265199673856887	-0.3704476191462721	-0.10524794528938514	0.10524794528938514	0.3968630268609659	Stable_B
chr17	14000000	14100000	-0.241049225883495	-0.3346118776007856	-0.09356265171729058	0.09356265171729058	0.3881474888557066	Stable_B
chr17	14100000	14200000	-0.1806840477691323	-0.2503603266126	-0.06967627884346769	0.06967627884346769	0.3856249608293923	Stable_B
chr17	14200000	14300000	-0.3482476256086035	-0.3922212549248546	-0.043973629316251095	0.043973629316251095	0.12627115329042668	Stable_B
chr17	14300000	14400000	-0.1956484723289228	-0.2973866163068885	-0.10173814397796571	0.10173814397796571	0.5200047961883612	Stable_B
chr17	14400000	14500000	-0.2360772591826146	-0.3030211823838237	-0.0669439232012091	0.0669439232012091	0.2835678600852675	Stable_B
chr17	14500000	14600000	-0.2970908341310741	-0.3228408416371783	-0.025750007506104178	0.025750007506104178	0.08667385374381317	Stable_B
chr17	14600000	14700000	-0.3170996597615969	-0.3943001383291162	-0.07720047856751933	0.07720047856751933	0.2434580933500859	Stable_B
chr17	14700000	14800000	-0.3571369795757779	-0.4251455694047039	-0.06800858982892599	0.06800858982892599	0.19042718541694958	Stable_B
chr17	14800000	14900000	-0.3819761900183543	-0.4351947395989776	-0.053218549580623276	0.053218549580623276	0.13932425887086333	Stable_B
chr17	14900000	15000000	-0.3130277281197021	-0.434342997577282	-0.12131526945757992	0.12131526945757992	0.3875543875499389	Stable_B
chr17	15000000	15100000	-0.23026063561567	-0.3547735281511203	-0.12451289253545028	0.12451289253545028	0.5407476280195622	Stable_B
chr17	15100000	15200000	-0.2789722237223816	-0.3429333158305871	-0.0639610921082055	0.0639610921082055	0.2292740519280378	Stable_B
chr17	15200000	15300000	-0.1735792698040899	-0.2810955274170116	-0.10751625761292172	0.10751625761292172	0.6194072468116144	Stable_B
chr17	15300000	15400000	0.1943780257320934	-0.0315902383020488	-0.2259682640341422	0.2259682640341422	1.1625195964567974	A_to_B
chr17	15400000	15500000	0.0585739274448296	-0.1126046601349097	-0.1711785875797393	0.1711785875797393	2.9224365694270937	A_to_B
chr17	15500000	15600000	0.0896451319230273	-0.0375690893495905	-0.1272142212726178	0.1272142212726178	1.4190867763109407	A_to_B
chr17	15600000	15700000	0.2902474095959483	0.128355023167082	-0.1618923864288663	0.1618923864288663	0.5577737512084457	Stable_A
chr17	15700000	15800000	0.2700577482068281	0.1832692120701207	-0.0867885361367074	0.0867885361367074	0.3213702873292085	Stable_A
chr17	15800000	15900000	0.3050056310264863	0.1475575741132042	-0.15744805691328212	0.15744805691328212	0.5162136068878332	Stable_A
chr17	15900000	16000000	0.4880964732937012	0.3698445538318987	-0.11825191946180252	0.11825191946180252	0.24227161213403617	Stable_A
chr17	16000000	16100000	0.543780762190459	0.4265325626053551	-0.11724819958510391	0.11724819958510391	0.21561667447153596	Stable_A
chr17	16100000	16200000	0.8144626575658627	0.7318180282462731	-0.0826446293195896	0.0826446293195896	0.1014713548274697	Stable_A
chr17	16200000	16300000	0.8183080415990515	0.6845820010163469	-0.13372604058270454	0.13372604058270454	0.16341772753618697	Stable_A
chr17	16300000	16400000	0.8415858942820975	0.6844177371994544	-0.1571681570826431	0.1571681570826431	0.1867523661583148	Stable_A
chr17	16400000	16500000	0.8430488658604666	0.7777360086621565	-0.06531285719831004	0.06531285719831004	0.07747220812834828	Stable_A
chr17	16500000	16600000	0.7090223148217363	0.5719615925681849	-0.13706072225355137	0.13706072225355137	0.19330946204141888	Stable_A
chr17	16600000	16700000	0.7747723740563591	0.6429985225271927	-0.13177385152916643	0.13177385152916643	0.1700807307303149	Stable_A
chr17	16700000	16800000	0.5090807334850976	0.4584635613806617	-0.05061717210443595	0.05061717210443595	0.0994285754204793	Stable_A
chr17	16800000	16900000	0.6102647661675683	0.4063301545238038	-0.20393461164376453	0.20393461164376453	0.3341739896347999	Stable_A
chr17	16900000	17000000	0.6375876190848097	0.4301400924181999	-0.20744752666660976	0.20744752666660976	0.32536316649996905	Stable_A
chr17	17000000	17100000	0.8706029976226981	0.660736942434892	-0.2098660551878061	0.2098660551878061	0.24105827312893982	Stable_A
chr17	17100000	17200000	0.8558094762027558	0.6572102551374592	-0.1985992210652966	0.1985992210652966	0.2320600864885084	Stable_A
chr17	17200000	17300000	0.967540234246014	0.832434423255794	-0.13510581099022	0.13510581099022	0.13963844211140786	Stable_A
chr17	17300000	17400000	0.6610984770453842	0.5789046949880471	-0.08219378205733707	0.08219378205733707	0.12432910513526187	Stable_A
chr17	17400000	17500000	0.8900460673501952	0.8477124341167832	-0.042333633233411994	0.042333633233411994	0.04756341810424012	Stable_A
chr17	17500000	17600000	0.8417189336378474	0.6459193645898673	-0.19579956904798013	0.19579956904798013	0.2326187058686547	Stable_A
chr17	17600000	17700000	0.7951028164286995	0.7556130072022431	-0.039489809226456396	0.039489809226456396	0.049666292724039954	Stable_A
chr17	17700000	17800000	1.2447358731464495	1.0144245548039188	-0.2303113183425307	0.2303113183425307	0.18502826447859064	Stable_A
chr17	17800000	17900000	1.2372630674517735	1.034983644082774	-0.2022794233689995	0.2022794233689995	0.16348942168427252	Stable_A
chr17	17900000	18000000	1.2252033906632256	1.087378363550073	-0.1378250271131527	0.1378250271131527	0.11249154888360652	Stable_A
chr17	18000000	18100000	1.160820040282917	1.008598251276341	-0.152221789006576	0.152221789006576	0.13113297817418476	Stable_A
chr17	18100000	18200000	1.5534315849867606	1.2881019386814123	-0.2653296463053483	0.2653296463053483	0.17080227341174448	Stable_A
chr17	18200000	18300000	1.6455048007875863	1.3953827934186318	-0.2501220073689545	0.2501220073689545	0.1520032073131837	Stable_A
chr17	18300000	18400000	1.1447253332527885	1.1279824380455228	-0.016742895207265684	0.016742895207265684	0.014626124469255866	Stable_A
chr17	18500000	18600000	0.7514040097142431	0.6941294154854716	-0.05727459422877157	0.05727459422877157	0.0762234343819285	Stable_A
chr17	18600000	18700000	0.9118329080856185	0.7371877878952038	-0.17464512019041467	0.17464512019041467	0.19153193380252076	Stable_A
chr17	18700000	18800000	0.995384153600992	0.7820972302839584	-0.21328692331703358	0.21328692331703358	0.2142759883663282	Stable_A
chr17	18800000	18900000	1.2968945914809895	0.99959155369689	-0.2973030377840995	0.2973030377840995	0.2292422527914116	Stable_A
chr17	18900000	19000000	1.1881691082061343	1.0641311955952075	-0.12403791261092678	0.12403791261092678	0.10439415715680059	Stable_A
chr17	19200000	19300000	1.1480549159263405	0.8875766087201133	-0.2604783072062271	0.2604783072062271	0.22688662675692028	Stable_A
chr17	19300000	19400000	0.9964628236725236	0.8173896599946083	-0.17907316367791526	0.17907316367791526	0.17970882548124611	Stable_A
chr17	19400000	19500000	0.891053675206445	0.658418264267412	-0.23263541093903295	0.23263541093903295	0.26107900950538643	Stable_A
chr17	19500000	19600000	0.6404908543139888	0.4859504255647059	-0.15454042874928287	0.15454042874928287	0.24128436449698668	Stable_A
chr17	19600000	19700000	0.647147716374697	0.531600262594851	-0.11554745377984599	0.11554745377984599	0.17854880865088965	Stable_A
chr17	19700000	19800000	0.3663322784084475	0.2553020267674915	-0.11103025164095603	0.11103025164095603	0.30308618209493743	Stable_A
chr17	19800000	19900000	0.5450761133637491	0.4448711798761711	-0.10020493348757797	0.10020493348757797	0.18383658911266137	Stable_A
chr17	19900000	20000000	0.5445088418902588	0.3967049095758772	-0.14780393231438166	0.14780393231438166	0.27144450363979633	Stable_A
chr17	20000000	20100000	0.4855245615622623	0.3176647468321747	-0.1678598147300876	0.1678598147300876	0.3457287808261822	Stable_A
chr17	20100000	20200000	0.5081977477752024	0.3329674310214026	-0.17523031675379985	0.17523031675379985	0.3448073461972754	Stable_A
chr17	20200000	20300000	0.5243087849052946	0.3154573010691875	-0.20885148383610713	0.20885148383610713	0.39833680046736536	Stable_A
chr17	20300000	20400000	0.242962979466975	0.06396850404807	-0.178994475418905	0.178994475418905	0.7367150164670869	Stable_A
chr17	20400000	20500000	0.2679846073207687	0.0419461807911321	-0.22603842652963657	0.22603842652963657	0.8434754099853059	Stable_A
chr17	20500000	20600000	0.3073962997630162	0.0901188705646469	-0.2172774291983693	0.2172774291983693	0.7068316351428984	Stable_A
chr17	20600000	20700000	0.1732139478863563	-0.0483911576543421	-0.2216051055406984	0.2216051055406984	1.2793721766915156	A_to_B
chr17	20700000	20800000	0.1154949823731638	-0.0811192314792906	-0.1966142138524544	0.1966142138524544	1.7023615209290626	A_to_B
chr17	20800000	20900000	0.1490721657668534	-0.0631518815757883	-0.2122240473426417	0.2122240473426417	1.4236329515367536	A_to_B
chr17	20900000	21000000	0.3065107148302236	0.0082330887135854	-0.29827762611663816	0.29827762611663816	0.9731393118894858	Stable_A
chr17	21000000	21100000	0.3856980572920876	0.0874099500760847	-0.2982881072160029	0.2982881072160029	0.773372075841467	Stable_A
chr17	21100000	21200000	0.2456901084545873	-0.0591552614252817	-0.304845369879869	0.304845369879869	1.2407718479078118	A_to_B
chr17	21200000	21300000	0.2485254890890476	-0.1128768017624332	-0.3614022908514808	0.3614022908514808	1.4541860159944762	A_to_B
chr17	21300000	21400000	0.1307238810255538	-0.266432407369065	-0.3971562883946188	0.3971562883946188	3.0381310995271247	A_to_B
chr17	21400000	21500000	-0.0134235904961521	-0.4191659606126062	-0.4057423701164541	0.4057423701164541	30.226068817635714	Stable_B
chr17	21500000	21600000	-0.1679879978170574	-0.5618833848428898	-0.3938953870258324	0.3938953870258324	2.3447829139245595	Stable_B
chr17	21600000	21700000	-0.2066258533577723	-0.7467831846929516	-0.5401573313351793	0.5401573313351793	2.61418076468823	Stable_B
chr17	22100000	22200000	0.065841024365909	-0.4308618671069463	-0.4967028914728553	0.4967028914728553	7.5439727169560395	A_to_B
chr17	27200000	27300000	-0.0745740835735856	-0.4320394293470079	-0.3574653457734223	0.3574653457734223	4.793425928200582	Stable_B
chr17	27300000	27400000	0.0968232708230969	-0.2622847601620621	-0.359108030985159	0.359108030985159	3.7089020845130842	A_to_B
chr17	27400000	27500000	0.1980741386055584	-0.2048770771963867	-0.4029512158019451	0.4029512158019451	2.034345415503109	A_to_B
chr17	27500000	27600000	0.2889838749324449	-0.0774747344355977	-0.3664586093680426	0.3664586093680426	1.2680936244408405	A_to_B
chr17	27600000	27700000	-0.012281849656773	-0.3180097114021478	-0.3057278617453748	0.3057278617453748	24.892656260189348	Stable_B
chr17	27700000	27800000	0.0626250257777491	-0.2370400334269168	-0.2996650592046659	0.2996650592046659	4.785068836029732	A_to_B
chr17	27800000	27900000	0.1654856314047627	-0.0411776639634742	-0.20666329536823688	0.20666329536823688	1.2488292404236438	A_to_B
chr17	27900000	28000000	0.3623474127414909	0.0457373070882683	-0.3166101056532226	0.3166101056532226	0.8737749864357426	Stable_A
chr17	28000000	28100000	0.5956953609595177	0.337743761448499	-0.2579515995110187	0.2579515995110187	0.43302603380278565	Stable_A
chr17	28100000	28200000	0.6152101861319923	0.4122413178197202	-0.20296886831227212	0.20296886831227212	0.32991792543032683	Stable_A
chr17	28200000	28300000	0.5209247709356469	0.3510632602394649	-0.16986151069618205	0.16986151069618205	0.32607685442005235	Stable_A
chr17	28300000	28400000	1.0832082166941068	0.8907076637932536	-0.19250055290085322	0.19250055290085322	0.17771334258186716	Stable_A
chr17	28400000	28500000	1.468761564160615	1.3406075244185136	-0.1281540397421015	0.1281540397421015	0.08725312730752213	Stable_A
chr17	28500000	28600000	1.791957628432778	1.7645200510949466	-0.027437577337831476	0.027437577337831476	0.015311510106312062	Stable_A
chr17	28600000	28700000	2.009951737904545	1.8725658788008763	-0.13738585910366874	0.13738585910366874	0.06835281490236128	Stable_A
chr17	28700000	28800000	1.7998897253651824	1.8209442603832349	0.021054535018052434	0.021054535018052434	0.011697680541945784	Stable_A
chr17	28800000	28900000	1.8342592421151864	1.9524381317276116	0.11817888961242518	0.11817888961242518	0.06442867338432845	Stable_A
chr17	28900000	29000000	1.4017371070961715	1.2617559868752763	-0.13998112022089515	0.13998112022089515	0.0998626058426027	Stable_A
chr17	29000000	29100000	1.6878901972829985	1.5699344297777469	-0.11795576750525161	0.11795576750525161	0.06988355504115454	Stable_A
chr17	29100000	29200000	1.2081032603317798	1.1351564019231686	-0.07294685840861126	0.07294685840861126	0.06038131077353268	Stable_A
chr17	29200000	29300000	1.065499343013071	0.9920867548185563	-0.07341258819451468	0.07341258819451468	0.06889970291949217	Stable_A
chr17	29300000	29400000	0.9130608939069156	0.8488828894957069	-0.06417800441120869	0.06417800441120869	0.07028885459829089	Stable_A
chr17	29400000	29500000	1.129077097334246	1.1455411877436377	0.016464090409391563	0.016464090409391563	0.014581900959875391	Stable_A
chr17	29500000	29600000	0.7603338910370879	0.6582091856458329	-0.10212470539125507	0.10212470539125507	0.13431560344095406	Stable_A
chr17	29600000	29700000	0.5456932482435383	0.4932443193838462	-0.052448928859692046	0.052448928859692046	0.0961143078616295	Stable_A
chr17	29700000	29800000	0.6063090415277401	0.5323136189798812	-0.07399542254785896	0.07399542254785896	0.12204241975578965	Stable_A
chr17	29800000	29900000	0.4850435826133638	0.4932760933880335	0.008232510774669743	0.008232510774669743	0.016972723833008657	Stable_A
chr17	29900000	30000000	0.4976960117952481	0.4479419527612172	-0.049754059034030906	0.049754059034030906	0.09996877181025052	Stable_A
chr17	30000000	30100000	0.3328283156539905	0.351317331942688	0.01848901628869748	0.01848901628869748	0.05555121189844534	Stable_A
chr17	30100000	30200000	0.4975936891538958	0.4527889854889207	-0.044804703664975076	0.044804703664975076	0.09004274901709591	Stable_A
chr17	30200000	30300000	0.5414933617374563	0.4298916630225852	-0.11160169871487113	0.11160169871487113	0.20609984646308802	Stable_A
chr17	30300000	30400000	0.3998099055854045	0.300489600447982	-0.09932030513742252	0.09932030513742252	0.2484188204191615	Stable_A
chr17	30400000	30500000	0.428683749635817	0.4029186436663012	-0.02576510596951581	0.02576510596951581	0.06010282869692224	Stable_A
chr17	30500000	30600000	0.5213531657139586	0.4074292697374073	-0.11392389597655134	0.11392389597655134	0.21851578444055308	Stable_A
chr17	30600000	30700000	0.9025269891618436	0.8793651709702176	-0.023161818191625994	0.023161818191625994	0.025663297020220802	Stable_A
chr17	30700000	30800000	0.7593469265466686	0.7418048916318785	-0.017542034914790117	0.017542034914790117	0.0231014761521024	Stable_A
chr17	30800000	30900000	0.4447792415640554	0.4124280952722843	-0.032351146291771105	0.032351146291771105	0.07273528813532099	Stable_A
chr17	30900000	31000000	0.3654242735971807	0.3339618238240794	-0.03146244977310131	0.03146244977310131	0.08609841230137713	Stable_A
chr17	31000000	31100000	0.4871588222958365	0.3782597604062851	-0.1088990618895514	0.1088990618895514	0.22353913529953556	Stable_A
chr17	31100000	31200000	0.6178139135553158	0.5030707640902727	-0.11474314946504305	0.11474314946504305	0.1857244502713349	Stable_A
chr17	31200000	31300000	0.3613057132208269	0.2573188683342923	-0.10398684488653459	0.10398684488653459	0.28780847100244644	Stable_A
chr17	31300000	31400000	0.334620785775144	0.2609333104517759	-0.07368747532336806	0.07368747532336806	0.22021188896760294	Stable_A
chr17	31400000	31500000	0.5874058141612418	0.4036440966634709	-0.18376171749777093	0.18376171749777093	0.3128360548493459	Stable_A
chr17	31500000	31600000	0.3773860816119645	0.2786469134386919	-0.0987391681732726	0.0987391681732726	0.26163966554229756	Stable_A
chr17	31600000	31700000	0.5067080327338271	0.3909130830815318	-0.11579494965229536	0.11579494965229536	0.2285240062754684	Stable_A
chr17	31700000	31800000	0.4418976828043504	0.3315167812844682	-0.11038090151988217	0.11038090151988217	0.24978836915230707	Stable_A
chr17	31800000	31900000	0.3275872329725546	0.1575832891924291	-0.1700039437801255	0.1700039437801255	0.5189577818326288	Stable_A
chr17	31900000	32000000	0.7065084346383262	0.5623307793843657	-0.14417765525396053	0.14417765525396053	0.2040706779782007	Stable_A
chr17	32000000	32100000	0.773425969923167	0.7406616399158363	-0.0327643300073307	0.0327643300073307	0.04236259355318201	Stable_A
chr17	32100000	32200000	0.681536471677763	0.5787429209161847	-0.10279355076157826	0.10279355076157826	0.15082619204299905	Stable_A
chr17	32200000	32300000	0.7405974940462903	0.6316413280774495	-0.10895616596884072	0.10895616596884072	0.14711927443010026	Stable_A
chr17	32300000	32400000	0.8049957387757724	0.7003711655862801	-0.10462457318949225	0.10462457318949225	0.12996910188444477	Stable_A
chr17	32400000	32500000	0.4768017979590735	0.2991122240749097	-0.1776895738841638	0.1776895738841638	0.37266968087107727	Stable_A
chr17	32500000	32600000	0.3089734789842236	0.1339640736190247	-0.1750094053651989	0.1750094053651989	0.5664220953220875	Stable_A
chr17	32600000	32700000	0.2464808591483091	0.0521589972760791	-0.19432186187223	0.19432186187223	0.7883852017705979	Stable_A
chr17	32700000	32800000	0.1462387101970936	-0.004416258066793	-0.1506549682638866	0.1506549682638866	1.0301989675704946	A_to_B
chr17	32800000	32900000	0.3208039440598174	0.0918685421505988	-0.22893540190921857	0.22893540190921857	0.7136302596907321	Stable_A
chr17	32900000	33000000	0.0125166855966444	-0.147412219232791	-0.1599289048294354	0.1599289048294354	12.777256694241066	A_to_B
chr17	33000000	33100000	-0.1344992256270803	-0.2756410886221949	-0.14114186299511458	0.14114186299511458	1.0493879227710352	Stable_B
chr17	33100000	33200000	-0.0277639984080311	-0.243016576578644	-0.2152525781706129	0.2152525781706129	7.752938716072981	Stable_B
chr17	33200000	33300000	-0.1468022371865415	-0.268506069572006	-0.1217038323854645	0.1217038323854645	0.8290325455382231	Stable_B
chr17	33300000	33400000	-0.0579028616881621	-0.2393977624282212	-0.18149490074005908	0.18149490074005908	3.134472035553377	Stable_B
chr17	33400000	33500000	-0.0833877854331623	-0.2285755749346801	-0.14518778950151778	0.14518778950151778	1.74111578509169	Stable_B
chr17	33500000	33600000	-0.1493318173968006	-0.3218930900231628	-0.1725612726263622	0.1725612726263622	1.155555966802687	Stable_B
chr17	33600000	33700000	-0.0900904310427544	-0.275969718887133	-0.18587928784437863	0.18587928784437863	2.0632522865404597	Stable_B
chr17	33700000	33800000	-0.1974215110392893	-0.3384103749441023	-0.14098886390481302	0.14098886390481302	0.7141514780360207	Stable_B
chr17	33800000	33900000	-0.0935554216275441	-0.2484646467490432	-0.1549092251214991	0.1549092251214991	1.6558016887381708	Stable_B
chr17	33900000	34000000	-0.1498153500742985	-0.2889515850233956	-0.13913623494909708	0.13913623494909708	0.9287181512448138	Stable_B
chr17	34000000	34100000	-0.1112271744870159	-0.2764377997239551	-0.1652106252369392	0.1652106252369392	1.4853440806969798	Stable_B
chr17	34100000	34200000	-0.1421104961044914	-0.277416488254553	-0.13530599215006162	0.13530599215006162	0.9521182168738153	Stable_B
chr17	34200000	34300000	0.0091960986586856	-0.1921098008798136	-0.2013058995384992	0.2013058995384992	21.890358836936606	A_to_B
chr17	34300000	34400000	-0.1119546793472934	-0.2812620942183014	-0.16930741487100798	0.16930741487100798	1.5122852913168665	Stable_B
chr17	34400000	34500000	-0.0854390759955301	-0.2435560358228009	-0.15811695982727078	0.15811695982727078	1.8506398622047708	Stable_B
chr17	34500000	34600000	-0.055715945918232	-0.2142194270013969	-0.1585034810831649	0.1585034810831649	2.8448495035116617	Stable_B
chr17	34600000	34700000	-0.0033637413047572	-0.2080223944733886	-0.2046586531686314	0.2046586531686314	60.84256624586176	Stable_B
chr17	34700000	34800000	0.0498640259334157	-0.1649023859906681	-0.2147664119240838	0.2147664119240838	4.307041156501586	A_to_B
chr17	34800000	34900000	-0.0456499680477835	-0.2163574872889849	-0.17070751924120142	0.17070751924120142	3.7394882524893687	Stable_B
chr17	34900000	35000000	-0.0172328632104027	-0.1169682700953203	-0.09973540688491761	0.09973540688491761	5.787512247222613	Stable_B
chr17	35000000	35100000	0.32122373036119	0.1875639742951654	-0.13365975606602462	0.13365975606602462	0.4160955229420164	Stable_A
chr17	35100000	35200000	-0.0273416831297576	-0.1375981932110572	-0.11025651008129961	0.11025651008129961	4.032542896428377	Stable_B
chr17	35200000	35300000	0.0032941011876373	-0.1183129369851853	-0.1216070381728226	0.1216070381728226	36.9166067603544	A_to_B
chr17	35300000	35400000	0.1439824666190342	-0.0614830675011097	-0.2054655341201439	0.2054655341201439	1.4270177400404513	A_to_B
chr17	35400000	35500000	0.1789697780525287	0.0260871195632336	-0.1528826584892951	0.1528826584892951	0.8542372916416264	Stable_A
chr17	35500000	35600000	-0.0615515932520431	-0.1304770770713967	-0.0689254838193536	0.0689254838193536	1.1198001575217669	Stable_B
chr17	35600000	35700000	0.3516774925507382	0.2691610988163098	-0.08251639373442843	0.08251639373442843	0.23463655048246623	Stable_A
chr17	35700000	35800000	0.3336445814184327	0.2482890033102938	-0.08535557810813887	0.08535557810813887	0.2558278565330337	Stable_A
chr17	35800000	35900000	0.2391951547083332	0.1251945339750359	-0.11400062073329728	0.11400062073329728	0.4766008779413025	Stable_A
chr17	35900000	36000000	0.0075767600046958	-0.019243510447932	-0.0268202704526278	0.0268202704526278	3.539807310249443	A_to_B
chr17	36000000	36100000	0.2012288088862795	0.1426096872651152	-0.05861912162116431	0.05861912162116431	0.2913058122522196	Stable_A
chr17	36100000	36200000	0.1370196792849026	0.036200359647261	-0.1008193196376416	0.1008193196376416	0.7358017487985048	Stable_A
chr17	36200000	36300000	0.1670960014411373	0.0476713173803106	-0.11942468406082668	0.11942468406082668	0.7147070129197333	Stable_A
chr17	36400000	36500000	0.1113170395889792	0.128455095966401	0.0171380563774218	0.0171380563774218	0.1539571699058958	Stable_A
chr17	36500000	36600000	0.495293985015228	0.4292090254943237	-0.06608495952090426	0.06608495952090426	0.13342572597337812	Stable_A
chr17	36600000	36700000	0.20103655458026	0.1287496404394925	-0.07228691414076752	0.07228691414076752	0.35957099589024416	Stable_A
chr17	36700000	36800000	0.4000330448944122	0.3258265352015124	-0.07420650969289982	0.07420650969289982	0.18550094958401864	Stable_A
chr17	36800000	36900000	0.4016320638986889	0.2572721333893444	-0.14435993050934448	0.14435993050934448	0.35943328106831396	Stable_A
chr17	36900000	37000000	0.2450490204286599	0.1691696970534426	-0.0758793233752173	0.0758793233752173	0.30964956824754064	Stable_A
chr17	37000000	37100000	0.26282799185904	0.1425209295029049	-0.12030706235613509	0.12030706235613509	0.45774067482377684	Stable_A
chr17	37100000	37200000	0.3817033119477291	0.2389101489211036	-0.1427931630266255	0.1427931630266255	0.37409463988664515	Stable_A
chr17	37200000	37300000	0.421152586779348	0.2999829100143887	-0.12116967676495932	0.12116967676495932	0.2877096818793684	Stable_A
chr17	37300000	37400000	0.564172766575146	0.4582425100818325	-0.10593025649331356	0.10593025649331356	0.1877620877313368	Stable_A
chr17	37400000	37500000	0.5160502299910465	0.3958393381058041	-0.12021089188524248	0.12021089188524248	0.2329441688018008	Stable_A
chr17	37500000	37600000	0.4468459014026517	0.3866286168185657	-0.060217284584085984	0.060217284584085984	0.13476074054850587	Stable_A
chr17	37600000	37700000	0.4884463477650936	0.3288951947135744	-0.15955115305151918	0.15955115305151918	0.3266503143724015	Stable_A
chr17	37700000	37800000	0.6464452392446951	0.4358007198601893	-0.2106445193845058	0.2106445193845058	0.3258505231326667	Stable_A
chr17	37800000	37900000	0.398473771975888	0.2247450786063176	-0.17372869336957042	0.17372869336957042	0.43598526575064744	Stable_A
chr17	38300000	38400000	0.9190186790216112	0.8936051384866862	-0.02541354053492495	0.02541354053492495	0.027652909690562815	Stable_A
chr17	38400000	38500000	1.0718289823582328	0.8471092381241766	-0.22471974423405616	0.22471974423405616	0.20966007444548562	Stable_A
chr17	38500000	38600000	1.096715713547915	1.0167426809839255	-0.07997303256398958	0.07997303256398958	0.07292047663407131	Stable_A
chr17	38600000	38700000	1.0485939679768583	0.9341875453665276	-0.11440642261033074	0.11440642261033074	0.10910459730286719	Stable_A
chr17	38700000	38800000	0.9197757543464784	0.8152681650428882	-0.10450758930359016	0.10450758930359016	0.11362290081004058	Stable_A
chr17	38800000	38900000	1.006074714901951	0.9317358036463724	-0.07433891125557868	0.07433891125557868	0.07389005026612115	Stable_A
chr17	38900000	39000000	0.7102305625861436	0.6735221960938033	-0.03670836649234033	0.03670836649234033	0.05168514060937498	Stable_A
chr17	39000000	39100000	0.8706054679816037	0.949457183587457	0.07885171560585336	0.07885171560585336	0.09057112378200631	Stable_A
chr17	39100000	39200000	0.6646226111399932	0.6144467184616523	-0.05017589267834088	0.05017589267834088	0.07549531393805085	Stable_A
chr17	39200000	39300000	0.7067218484104001	0.5930279543601399	-0.1136938940502602	0.1136938940502602	0.16087502361217093	Stable_A
chr17	39300000	39400000	0.8502651645420333	0.8389921818041484	-0.011272982737884907	0.011272982737884907	0.013258196628526725	Stable_A
chr17	39400000	39500000	0.8054264039500254	0.7939843765951549	-0.011442027354870543	0.011442027354870543	0.01420617364759312	Stable_A
chr17	39500000	39600000	0.8263460519263526	0.7515944971247093	-0.0747515548016433	0.0747515548016433	0.09046035208540631	Stable_A
chr17	39600000	39700000	0.994888610071546	0.8697820367566279	-0.12510657331491815	0.12510657331491815	0.1257493271592699	Stable_A
chr17	39700000	39800000	0.8875392692000476	0.8199377008660089	-0.06760156833403863	0.06760156833403863	0.07616741104308425	Stable_A
chr17	39800000	39900000	0.8529593910075798	0.7946522184787251	-0.058307172528854645	0.058307172528854645	0.06835867351196852	Stable_A
chr17	39900000	40000000	0.8346687715635335	0.7273683181347638	-0.1073004534287697	0.1073004534287697	0.12855453215024493	Stable_A
chr17	40000000	40100000	0.9889738011610496	0.874190757681176	-0.11478304347987356	0.11478304347987356	0.11606277471164446	Stable_A
chr17	40100000	40200000	1.0375382216587636	0.9477025496767192	-0.08983567198204445	0.08983567198204445	0.08658540968102334	Stable_A
chr17	40200000	40300000	0.7954297995280175	0.7326232925645302	-0.06280650696348733	0.06280650696348733	0.07895920796625258	Stable_A
chr17	40300000	40400000	0.599563513639527	0.4381208697650264	-0.16144264387450058	0.16144264387450058	0.26926695871550993	Stable_A
chr17	40400000	40500000	0.755492690638593	0.6154348701554991	-0.1400578204830939	0.1400578204830939	0.18538606953921374	Stable_A
chr17	40500000	40600000	0.3959510113162801	0.2549483989368675	-0.14100261237941258	0.14100261237941258	0.3561112570736224	Stable_A
chr17	40600000	40700000	0.2609954815094298	0.1434948986527234	-0.11750058285670639	0.11750058285670639	0.4502015980397771	Stable_A
chr17	40700000	40800000	0.1931050154960448	0.108644668800996	-0.0844603466950488	0.0844603466950488	0.437380388479753	Stable_A
chr17	40800000	40900000	-0.0331504195859203	-0.1126745827388456	-0.0795241631529253	0.0795241631529253	2.3988885856123807	Stable_B
chr17	40900000	41000000	0.0243416922539686	-0.0849943547943913	-0.10933604704835989	0.10933604704835989	4.491719224267739	A_to_B
chr17	41000000	41100000	0.1154342714299152	0.0521557084727434	-0.0632785629571718	0.0632785629571718	0.5481783024514584	Stable_A
chr17	41100000	41200000	0.1293979336526735	0.0262561439628638	-0.1031417896898097	0.1031417896898097	0.7970899285506379	Stable_A
chr17	41200000	41300000	0.0103891380735312	-0.0291875995096627	-0.0395767375831939	0.0395767375831939	3.809434170869771	A_to_B
chr17	41300000	41400000	0.0055495471921834	-0.102882548065875	-0.1084320952580584	0.1084320952580584	19.538908581728293	A_to_B
chr17	41400000	41500000	0.1015841543055237	0.0152593129232246	-0.0863248413822991	0.0863248413822991	0.8497864846388264	Stable_A
chr17	41500000	41600000	0.336201479202632	0.207883702616625	-0.128317776586007	0.128317776586007	0.3816692802492656	Stable_A
chr17	41600000	41700000	0.3872065775084603	0.1916390623070742	-0.19556751520138613	0.19556751520138613	0.505072812708387	Stable_A
chr17	41700000	41800000	0.887133544011171	0.6964755032751287	-0.1906580407360422	0.1906580407360422	0.21491470142587846	Stable_A
chr17	41800000	41900000	1.0691969335583404	0.9003089285915647	-0.1688880049667757	0.1688880049667757	0.15795780895546346	Stable_A
chr17	41900000	42000000	0.9160736147576616	0.6783723813014496	-0.23770123345621197	0.23770123345621197	0.2594783100691024	Stable_A
chr17	42000000	42100000	1.0193428419190391	0.8831600715583917	-0.1361827703606474	0.1361827703606474	0.13359859387864684	Stable_A
chr17	42100000	42200000	0.8130174956868914	0.7053204826323138	-0.10769701305457757	0.10769701305457757	0.1324658000915318	Stable_A
chr17	42200000	42300000	0.8484889938342419	0.8577752761991946	0.009286282364952658	0.009286282364952658	0.010944493602667516	Stable_A
chr17	42300000	42400000	1.042758895643477	1.064697143380419	0.021938247736942085	0.021938247736942085	0.021038657956884838	Stable_A
chr17	42400000	42500000	0.9083941042050556	1.1292096891611163	0.22081558495606068	0.22081558495606068	0.24308346337110864	Stable_A
chr17	42500000	42600000	0.9022081117344584	1.1820162454949157	0.2798081337604573	0.2798081337604573	0.31013701841201313	Stable_A
chr17	42600000	42700000	1.244148969556765	1.5609209307846608	0.31677196122789586	0.31677196122789586	0.25460935063165924	Stable_A
chr17	42700000	42800000	1.1522478931666047	1.4636963698841745	0.3114484767175698	0.3114484767175698	0.2702964167386307	Stable_A
chr17	42800000	42900000	1.1320060431285752	1.441691010078974	0.3096849669503987	0.3096849669503987	0.27357183190869605	Stable_A
chr17	42900000	43000000	1.142382645479023	1.2592625784101985	0.1168799329311756	0.1168799329311756	0.10231241991790378	Stable_A
chr17	43000000	43100000	1.344625998661252	1.3275201195338595	-0.017105879127392587	0.017105879127392587	0.012721663231577916	Stable_A
chr17	43100000	43200000	1.0680475314498057	1.3955346735048817	0.327487142055076	0.327487142055076	0.30662225454566927	Stable_A
chr17	43300000	43400000	0.9606918449191142	1.046053015897718	0.08536117097860374	0.08536117097860374	0.08885385197143081	Stable_A
chr17	43400000	43500000	1.0468622316741418	1.0776727922771383	0.030810560602996473	0.030810560602996473	0.02943134222516007	Stable_A
chr17	43500000	43600000	0.9597752201857512	1.0346471125876129	0.07487189240186165	0.07487189240186165	0.07800982024454771	Stable_A
chr17	43600000	43700000	0.9982606048593868	1.1030766501956266	0.10481604533623978	0.10481604533623978	0.10499867952918364	Stable_A
chr17	43700000	43800000	0.8855280997189428	1.0005103225471277	0.11498222282818493	0.11498222282818493	0.1298459335900002	Stable_A
chr17	43800000	43900000	0.9686275603238884	1.12768007227408	0.15905251195019166	0.15905251195019166	0.16420399177678557	Stable_A
chr17	43900000	44000000	1.1092622586519365	1.288126907026791	0.17886464837485438	0.17886464837485438	0.16124649241399855	Stable_A
chr17	44000000	44100000	1.2042557309682078	1.4079284752312575	0.2036727442630497	0.2036727442630497	0.16912748598613614	Stable_A
chr17	44100000	44200000	1.099117468331027	1.2390156187530288	0.13989815042200182	0.13989815042200182	0.12728225549397598	Stable_A
chr17	44200000	44300000	1.2110261692638091	1.538792411446042	0.32776624218223294	0.32776624218223294	0.27065165931260116	Stable_A
chr17	44300000	44400000	0.8885405407346461	1.049593769699699	0.16105322896505303	0.16105322896505303	0.18125591526965565	Stable_A
chr17	44400000	44500000	0.9163619780711216	1.2031794386804495	0.2868174606093279	0.2868174606093279	0.31299581112374253	Stable_A
chr17	44500000	44600000	0.9287406494935952	1.1903736289687072	0.261632979475112	0.261632979475112	0.281707255537668	Stable_A
chr17	44600000	44700000	0.7836869365542685	1.0017033332408665	0.218016396686598	0.218016396686598	0.2781932255310739	Stable_A
chr17	44700000	44800000	0.9387467939190108	1.0551051216071596	0.1163583276881488	0.1163583276881488	0.12395070581533987	Stable_A
chr17	44800000	44900000	1.039571144070813	1.2645996038966665	0.2250284598258534	0.2250284598258534	0.2164627799735513	Stable_A
chr17	44900000	45000000	1.1471631671888372	1.3566279248379938	0.20946475764915662	0.20946475764915662	0.18259369167374614	Stable_A
chr17	45000000	45100000	1.081850097328473	1.3576585387723732	0.27580844144390015	0.27580844144390015	0.254941458271329	Stable_A
chr17	45100000	45200000	0.9612718213225868	1.0751863423683568	0.11391452104576993	0.11391452104576993	0.11850396372696971	Stable_A
chr17	45200000	45300000	0.9089705896788904	0.8905784850407409	-0.018392104638149553	0.018392104638149553	0.020233993098332126	Stable_A
chr17	45300000	45400000	1.02936886066424	1.085941782819785	0.0565729221555451	0.0565729221555451	0.05495884353742665	Stable_A
chr17	45400000	45500000	0.6002559324049755	0.7441064562190564	0.1438505238140808	0.1438505238140808	0.23964864993125792	Stable_A
chr17	45600000	45700000	0.3447235118156277	0.5004782744613173	0.1557547626456896	0.1557547626456896	0.4518251796210339	Stable_A
chr17	45700000	45800000	0.7280261638518198	0.7362751914708969	0.008249027619077087	0.008249027619077087	0.01133067467717557	Stable_A
chr17	45800000	45900000	0.4709896296282321	0.4542849876332623	-0.016704641994969793	0.016704641994969793	0.03546711210638614	Stable_A
chr17	45900000	46000000	0.5172790153054632	0.5649083047190915	0.04762928941362832	0.04762928941362832	0.09207659310421148	Stable_A
chr17	46000000	46100000	0.6608528641607595	0.7809266913035132	0.12007382714275372	0.12007382714275372	0.18169525117401092	Stable_A
chr17	46100000	46200000	1.064760864532995	1.2799447735910363	0.2151839090580414	0.2151839090580414	0.2020959975387725	Stable_A
chr17	46200000	46300000	0.5006277790173558	0.5484802013444547	0.047852422327098965	0.047852422327098965	0.0955848323499444	Stable_A
chr17	46700000	46800000	0.5607289477573707	0.5746504438884514	0.013921496131080735	0.013921496131080735	0.024827496755356768	Stable_A
chr17	46800000	46900000	0.7291615479493548	0.7975086837183442	0.06834713576898932	0.06834713576898932	0.09373387277648448	Stable_A
chr17	46900000	47000000	0.52667220518166	0.6556023393828405	0.1289301342011805	0.1289301342011805	0.2448014779073254	Stable_A
chr17	47000000	47100000	0.4055643896852542	0.5903659307290263	0.1848015410437721	0.1848015410437721	0.45566510705535757	Stable_A
chr17	47100000	47200000	0.3525843340123494	0.5747004976040863	0.22211616359173686	0.22211616359173686	0.629966059649029	Stable_A
chr17	47200000	47300000	0.4803173471432885	0.5741288699977547	0.0938115228544662	0.0938115228544662	0.19531154436210754	Stable_A
chr17	47300000	47400000	0.3056554611046356	0.4499797617579562	0.14432430065332058	0.14432430065332058	0.4721796892871931	Stable_A
chr17	47400000	47500000	0.3865701508057315	0.6236045462040709	0.23703439539833943	0.23703439539833943	0.6131730422131315	Stable_A
chr17	47500000	47600000	0.7089871544602521	0.9104146502450334	0.20142749578478136	0.20142749578478136	0.28410598770033707	Stable_A
chr17	47600000	47700000	0.6845108708077103	0.9408872376246856	0.2563763668169753	0.2563763668169753	0.3745395109860795	Stable_A
chr17	47700000	47800000	0.8326167160900955	0.955783296242958	0.12316658015286253	0.12316658015286253	0.14792710472021675	Stable_A
chr17	47800000	47900000	0.893275162012696	1.115183669967298	0.22190850795460193	0.22190850795460193	0.24842122269985156	Stable_A
chr17	47900000	48000000	0.7746967679408938	0.9446316819857148	0.16993491404482097	0.16993491404482097	0.21935668390162474	Stable_A
chr17	48000000	48100000	0.5060993666052903	0.7436355153698281	0.23753614876453777	0.23753614876453777	0.4693468603958825	Stable_A
chr17	48100000	48200000	0.3216234745883901	0.4082705225987549	0.08664704801036482	0.08664704801036482	0.26940523580019987	Stable_A
chr17	48200000	48300000	0.3229100316314678	0.4530794634620829	0.13016943183061508	0.13016943183061508	0.40311362014040936	Stable_A
chr17	48300000	48400000	0.1777572239115036	0.3081964900803557	0.13043926616885212	0.13043926616885212	0.7338057115124126	Stable_A
chr17	48400000	48500000	0.3598840868886739	0.5078487039612276	0.1479646170725537	0.1479646170725537	0.41114520609055133	Stable_A
chr17	48500000	48600000	0.2776414088826004	0.4554786490247173	0.17783724014211688	0.17783724014211688	0.640528517910362	Stable_A
chr17	48600000	48700000	0.1842560107645598	0.3496866987843277	0.16543068801976787	0.16543068801976787	0.8978306180260968	Stable_A
chr17	48700000	48800000	0.4601068958990622	0.6739574474707479	0.21385055157168575	0.21385055157168575	0.46478449568510727	Stable_A
chr17	48800000	48900000	0.4680204474358004	0.6098585113269629	0.1418380638911625	0.1418380638911625	0.30305954508668936	Stable_A
chr17	48900000	49000000	0.6781390257685614	0.8939160863233444	0.21577706055478296	0.21577706055478296	0.3181900058181055	Stable_A
chr17	49000000	49100000	0.7679005417165209	0.9461850605950964	0.17828451887857555	0.17828451887857555	0.23217136750554773	Stable_A
chr17	49100000	49200000	0.57229630094097	0.777775864577465	0.205479563636495	0.205479563636495	0.3590440184545058	Stable_A
chr17	49200000	49300000	0.5128147778414484	0.7112121698966367	0.19839739205518836	0.19839739205518836	0.3868792410590958	Stable_A
chr17	49300000	49400000	0.5578895755216738	0.7746466178625308	0.2167570423408569	0.2167570423408569	0.3885303684661445	Stable_A
chr17	49400000	49500000	0.5526877516318423	0.8903672928879008	0.3376795412560586	0.3376795412560586	0.610977066633086	Stable_A
chr17	49500000	49600000	0.4607291709941462	0.672474821498107	0.21174565050396082	0.21174565050396082	0.45958811343996964	Stable_A
chr17	49600000	49700000	0.6225104801016074	0.907479264815889	0.28496878471428166	0.28496878471428166	0.4577734734164933	Stable_A
chr17	49700000	49800000	0.6913928477026828	0.876384478991717	0.18499163128903418	0.18499163128903418	0.2675637040558242	Stable_A
chr17	49800000	49900000	0.670196972147069	0.8961519989972877	0.22595502685021873	0.22595502685021873	0.33714719140902777	Stable_A
chr17	49900000	50000000	0.8405793601154948	1.069242042620964	0.22866268250546906	0.22866268250546906	0.2720298562577732	Stable_A
chr17	50000000	50100000	0.7362341102785691	0.9726569019207	0.23642279164213087	0.23642279164213087	0.3211244743233582	Stable_A
chr17	50100000	50200000	0.8302980172103633	1.1036764347200818	0.2733784175097185	0.2733784175097185	0.32925336667455346	Stable_A
chr17	50200000	50300000	0.9487734144918883	1.2688868147838006	0.32011340029191226	0.32011340029191226	0.337397101776242	Stable_A
chr17	50300000	50400000	0.8095366409317835	1.0987791813317809	0.2892425403999974	0.2892425403999974	0.35729394541929177	Stable_A
chr17	50400000	50500000	0.7571168649909791	1.106868578438	0.34975171344702083	0.34975171344702083	0.46195208377928293	Stable_A
chr17	50500000	50600000	0.7330067879316362	1.0473776100770866	0.3143708221454504	0.3143708221454504	0.4288784596832003	Stable_A
chr17	50600000	50700000	0.6705130692009957	0.9526369980152406	0.28212392881424486	0.28212392881424486	0.4207582846228971	Stable_A
chr17	50700000	50800000	0.440202616358446	0.6088207506450269	0.16861813428658096	0.16861813428658096	0.38304664266075017	Stable_A
chr17	50800000	50900000	0.4515846354271315	0.6374675937794206	0.18588295835228913	0.18588295835228913	0.41162374396655826	Stable_A
chr17	50900000	51000000	0.3097589893547878	0.4734106096655464	0.16365162031075858	0.16365162031075858	0.5283191963262683	Stable_A
chr17	51000000	51100000	0.3135174052728882	0.5118256116204369	0.19830820634754875	0.19830820634754875	0.6325269443173007	Stable_A
chr17	51100000	51200000	0.2011085238001256	0.3240693821390321	0.12296085833890649	0.12296085833890649	0.611415448810677	Stable_A
chr17	51200000	51300000	-0.2350742138644112	-0.1297876367842946	0.1052865770801166	0.1052865770801166	0.4478865433570906	Stable_B
chr17	51300000	51400000	-0.730972627825512	-0.7031248663311974	0.02784776149431456	0.02784776149431456	0.038096859491381675	Stable_B
chr17	51400000	51500000	-0.7277882189693078	-0.7834066829419348	-0.05561846397262704	0.05561846397262704	0.0764212205185099	Stable_B
chr17	51500000	51600000	-0.7402052596656815	-0.7593406335788396	-0.019135373913158116	0.019135373913158116	0.025851442776562723	Stable_B
chr17	51600000	51700000	-0.7733930282056973	-0.8002100874901517	-0.026817059284454325	0.026817059284454325	0.03467455524737658	Stable_B
chr17	51700000	51800000	-0.7844978538189197	-0.7873288792979756	-0.002831025479055893	0.002831025479055893	0.0036087102919077703	Stable_B
chr17	51800000	51900000	-0.7966451129690298	-0.8017002084695972	-0.005055095500567375	0.005055095500567375	0.00634547983571688	Stable_B
chr17	51900000	52000000	-0.8185450600048649	-0.8809273790819645	-0.06238231907709957	0.06238231907709957	0.0762112217459706	Stable_B
chr17	52000000	52100000	-0.7901985955268003	-0.8533740903891465	-0.0631754948623462	0.0631754948623462	0.07994888274918927	Stable_B
chr17	52100000	52200000	-0.8057142618743259	-0.7898287257111192	0.01588553616320676	0.01588553616320676	0.019716091566075022	Stable_B
chr17	52200000	52300000	-0.8211447448121955	-0.8483674799065527	-0.027222735094357242	0.027222735094357242	0.03315217599131487	Stable_B
chr17	52300000	52400000	-0.8557657443200403	-0.7947153790353038	0.06105036528473651	0.06105036528473651	0.07134004333539298	Stable_B
chr17	52400000	52500000	-0.8461609447718115	-0.8222870116645877	0.023873933107223744	0.023873933107223744	0.028214411519148934	Stable_B
chr17	52500000	52600000	-0.8565265272352046	-0.8087973025311906	0.04772922470401397	0.04772922470401397	0.05572416403503565	Stable_B
chr17	52600000	52700000	-0.8324324616212624	-0.7995201213434555	0.03291234027780687	0.03291234027780687	0.03953755024606576	Stable_B
chr17	52700000	52800000	-0.8274873597483084	-0.8242800836982136	0.003207276050094854	0.003207276050094854	0.0038759215017742273	Stable_B
chr17	52800000	52900000	-0.8458406388974365	-0.840093299755056	0.00574733914238057	0.00574733914238057	0.006794825027409768	Stable_B
chr17	52900000	53000000	-0.830285170017664	-0.801083047485484	0.02920212253218002	0.02920212253218002	0.03517119609827399	Stable_B
chr17	53000000	53100000	-0.79639928968518	-0.7393943999471726	0.057004889738007436	0.057004889738007436	0.07157827797729667	Stable_B
chr17	53100000	53200000	-0.7811551561336624	-0.7301505468851999	0.05100460924846251	0.05100460924846251	0.06529382651829438	Stable_B
chr17	53200000	53300000	-0.7547915997307907	-0.732076259706298	0.022715340024492714	0.022715340024492714	0.03009485006536179	Stable_B
chr17	53300000	53400000	-0.7496524801556104	-0.7051532196733871	0.0444992604822233	0.0444992604822233	0.05935985227846681	Stable_B
chr17	53400000	53500000	-0.7300633966803016	-0.6754502615281632	0.05461313515213839	0.05461313515213839	0.07480601739584782	Stable_B
chr17	53500000	53600000	-0.7309131982531661	-0.6788803016934825	0.05203289655968368	0.05203289655968368	0.07118888629188642	Stable_B
chr17	53600000	53700000	-0.7328462308336459	-0.670786383154348	0.06205984767929784	0.06205984767929784	0.08468331427276626	Stable_B
chr17	53700000	53800000	-0.7341161713822426	-0.6965126840145767	0.037603487367665944	0.037603487367665944	0.05122280210346491	Stable_B
chr17	53800000	53900000	-0.7569369549180569	-0.6855541706961801	0.07138278422187683	0.07138278422187683	0.09430479481557939	Stable_B
chr17	53900000	54000000	-0.7408746003130984	-0.6961409327606982	0.04473366755240016	0.04473366755240016	0.06037953998354839	Stable_B
chr17	54000000	54100000	-0.7741206380565748	-0.7051374298067538	0.06898320824982107	0.06898320824982107	0.08911170282580633	Stable_B
chr17	54100000	54200000	-0.7519507141575302	-0.6984549516155832	0.05349576254194699	0.05349576254194699	0.0711426447701197	Stable_B
chr17	54200000	54300000	-0.7532665331204036	-0.6773169624910368	0.0759495706293668	0.0759495706293668	0.10082695472311243	Stable_B
chr17	54300000	54400000	-0.7152462599027588	-0.6435975040472064	0.07164875585555242	0.07164875585555242	0.10017354842973021	Stable_B
chr17	54400000	54500000	-0.7828134475732715	-0.695399921421257	0.08741352615201459	0.08741352615201459	0.1116658463430812	Stable_B
chr17	54500000	54600000	-0.7836290167611745	-0.7472688969632789	0.03636011979789555	0.03636011979789555	0.04639965981374191	Stable_B
chr17	54600000	54700000	-0.8210435524250076	-0.782908161876537	0.038135390548470594	0.038135390548470594	0.046447463640430696	Stable_B
chr17	54700000	54800000	-0.8406976851228573	-0.7661952659990588	0.0745024191237984	0.0745024191237984	0.08861975052650564	Stable_B
chr17	54800000	54900000	-0.8603784335390875	-0.7683285983692291	0.09204983516985843	0.09204983516985843	0.10698761333570381	Stable_B
chr17	54900000	55000000	-0.7234504390295772	-0.6175258979839279	0.1059245410456493	0.1059245410456493	0.14641575335517729	Stable_B
chr17	55000000	55100000	-0.7203523279236828	-0.6911999915723044	0.029152336351378372	0.029152336351378372	0.04046955249718704	Stable_B
chr17	55100000	55200000	-0.6902151460013174	-0.7009347208316198	-0.010719574830302392	0.010719574830302392	0.015530773110971303	Stable_B
chr17	55200000	55300000	-0.6712268339106637	-0.6938361644904157	-0.022609330579752007	0.022609330579752007	0.03368359165265609	Stable_B
chr17	55300000	55400000	-0.688395206524563	-0.6619516079755312	0.026443598549031777	0.026443598549031777	0.03841339727296347	Stable_B
chr17	55400000	55500000	-0.533114147909219	-0.5576622680726314	-0.024548120163412457	0.024548120163412457	0.04604664922078305	Stable_B
chr17	55500000	55600000	-0.6310937038803559	-0.6345652301506644	-0.003471526270308445	0.003471526270308445	0.005500809545339062	Stable_B
chr17	55600000	55700000	-0.6158244497774318	-0.6800600504076524	-0.0642356006302206	0.0642356006302206	0.10430829866114656	Stable_B
chr17	55700000	55800000	-0.6107698017371822	-0.6418790265882631	-0.03110922485108092	0.03110922485108092	0.050934451511188826	Stable_B
chr17	55800000	55900000	-0.6641754442590503	-0.653494533250911	0.010680911008139282	0.010680911008139282	0.016081460253404633	Stable_B
chr17	55900000	56000000	-0.6701496116870884	-0.7210410198789408	-0.05089140819185234	0.05089140819185234	0.07594036809740771	Stable_B
chr17	56000000	56100000	-0.6622407210385204	-0.7045773155872568	-0.042336594548736395	0.042336594548736395	0.06392931332030519	Stable_B
chr17	56100000	56200000	-0.6485025181442623	-0.7065086199913354	-0.05800610184707311	0.05800610184707311	0.08944622453134314	Stable_B
chr17	56200000	56300000	-0.637426998442813	-0.7168596158655282	-0.07943261742271512	0.07943261742271512	0.1246144540735851	Stable_B
chr17	56300000	56400000	-0.672765361095933	-0.7240671520361683	-0.05130179094023535	0.05130179094023535	0.07625510156567049	Stable_B
chr17	56400000	56500000	-0.6635350227395762	-0.6864054082382345	-0.022870385498658274	0.022870385498658274	0.03446748809766207	Stable_B
chr17	56500000	56600000	-0.5731719621213639	-0.5988276862288054	-0.025655724107441547	0.025655724107441547	0.04476095448299194	Stable_B
chr17	56600000	56700000	-0.4458019482633583	-0.5307680601563055	-0.08496611189294723	0.08496611189294723	0.19059161186696597	Stable_B
chr17	56700000	56800000	-0.4894157948979206	-0.5119585005308563	-0.022542705632935756	0.022542705632935756	0.046060437501077335	Stable_B
chr17	56800000	56900000	-0.2306556082470018	-0.1803150710125085	0.050340537234493304	0.050340537234493304	0.2182497864113723	Stable_B
chr17	56900000	57000000	-0.0038058562045571	-0.018987365016842	-0.015181508812284899	0.015181508812284899	3.9889864451806374	Stable_B
chr17	57000000	57100000	0.1394955668020076	0.153366429642278	0.01387086284027042	0.01387086284027042	0.09943586852446692	Stable_A
chr17	57100000	57200000	-0.0655489216610549	0.0027392293743067	0.06828815103536161	0.06828815103536161	1.0417890837086674	B_to_A
chr17	57200000	57300000	0.0168314183774757	0.1297816816776109	0.11295026330013519	0.11295026330013519	6.710680037000836	Stable_A
chr17	57300000	57400000	0.1886530245391617	0.2256387873762883	0.03698576283712662	0.03698576283712662	0.1960517883425129	Stable_A
chr17	57400000	57500000	0.064115790296333	0.1235770344984256	0.05946124420209259	0.05946124420209259	0.927404059550263	Stable_A
chr17	57500000	57600000	0.0149048051337966	0.1299104884091583	0.1150056832753617	0.1150056832753617	7.716013878946104	Stable_A
chr17	57600000	57700000	0.0295380647047162	0.1452872963669831	0.11574923166226689	0.11574923166226689	3.91864642519338	Stable_A
chr17	57700000	57800000	-0.0499727575951795	0.0299296700075575	0.079902427602737	0.079902427602737	1.5989197204207235	B_to_A
chr17	57800000	57900000	0.1560798153779038	0.3253242914639667	0.16924447608606288	0.16924447608606288	1.0843456963111118	Stable_A
chr17	57900000	58000000	0.4986911250691257	0.7391376477399437	0.240446522670818	0.240446522670818	0.48215520706828036	Stable_A
chr17	58000000	58100000	0.4293964034884861	0.6110068082436437	0.1816104047551576	0.1816104047551576	0.422943469669809	Stable_A
chr17	58100000	58200000	0.1676164846031558	0.2956095267908691	0.1279930421877133	0.1279930421877133	0.7636065300542849	Stable_A
chr17	58200000	58300000	0.3932990203804209	0.4937691814849257	0.1004701611045048	0.1004701611045048	0.25545489792302156	Stable_A
chr17	58300000	58400000	0.6438659651762583	0.8814412192391277	0.2375752540628694	0.2375752540628694	0.3689824698185952	Stable_A
chr17	58400000	58500000	0.3171646539254241	0.5123907324011318	0.19522607847570767	0.19522607847570767	0.6155354200396232	Stable_A
chr17	58500000	58600000	0.2462187915736335	0.4432900602049224	0.1970712686312889	0.1970712686312889	0.8003908530773263	Stable_A
chr17	58600000	58700000	0.3370689602949532	0.5248523234588688	0.18778336316391558	0.18778336316391558	0.557106661496197	Stable_A
chr17	58700000	58800000	0.1214771736343717	0.3591708728700262	0.23769369923565448	0.23769369923565448	1.9566943494345472	Stable_A
chr17	58800000	58900000	0.3000757254955978	0.5049900005236164	0.20491427502801862	0.20491427502801862	0.6828752132135553	Stable_A
chr17	58900000	59000000	0.1542776283472607	0.4103248776747741	0.25604724932751344	0.25604724932751344	1.6596524853958823	Stable_A
chr17	59000000	59100000	0.1593404680991885	0.3412335895334138	0.1818931214342253	0.1818931214342253	1.1415375114939283	Stable_A
chr17	59100000	59200000	0.3825176861404241	0.585579194201557	0.20306150806113293	0.20306150806113293	0.5308552138072593	Stable_A
chr17	59200000	59300000	0.2011299832271009	0.3559145303319405	0.15478454710483958	0.15478454710483958	0.7695747029922857	Stable_A
chr17	59300000	59400000	0.4113393693575056	0.5023781030185839	0.09103873366107829	0.09103873366107829	0.221322684972452	Stable_A
chr17	59400000	59500000	0.3306829893362845	0.5172785930797952	0.1865956037435107	0.1865956037435107	0.5642733668218849	Stable_A
chr17	59500000	59600000	0.2254835125631429	0.3820657147582738	0.1565822021951309	0.1565822021951309	0.6944286099467368	Stable_A
chr17	59600000	59700000	0.284466460317524	0.4857193686250481	0.20125290830752413	0.20125290830752413	0.7074749975195102	Stable_A
chr17	59700000	59800000	0.3938960422326171	0.5643410328819088	0.17044499064929175	0.17044499064929175	0.43271567209257383	Stable_A
chr17	59800000	59900000	0.4843835844335223	0.6854667269988323	0.20108314256530996	0.20108314256530996	0.4151320338414709	Stable_A
chr17	59900000	60000000	0.2231203281204234	0.4090340675621052	0.1859137394416818	0.1859137394416818	0.8332442902349072	Stable_A
chr17	60000000	60100000	0.1583139580751022	0.2030362658337411	0.04472230775863889	0.04472230775863889	0.282491249049709	Stable_A
chr17	60100000	60200000	0.2337618993081572	0.3103045624980198	0.07654266318986261	0.07654266318986261	0.32743857496195333	Stable_A
chr17	60200000	60300000	0.2793889937478218	0.3476160874787879	0.06822709373096614	0.06822709373096614	0.24420107898934748	Stable_A
chr17	60300000	60400000	0.403694112462453	0.5278000341894755	0.1241059217270225	0.1241059217270225	0.30742564207835804	Stable_A
chr17	60400000	60500000	0.0160247106704821	0.1499926138413745	0.13396790317089238	0.13396790317089238	8.360082495446514	Stable_A
chr17	60500000	60600000	0.1537324294804151	0.2341270792126338	0.08039464973221869	0.08039464973221869	0.5229517936061802	Stable_A
chr17	60600000	60700000	0.0088206086539273	0.0508284450030572	0.0420078363491299	0.0420078363491299	4.762464586888374	Stable_A
chr17	60700000	60800000	-0.1502610858022745	-0.0858542137168626	0.06440687208541192	0.06440687208541192	0.4286330804914028	Stable_B
chr17	60800000	60900000	-0.0885203953538301	-0.0150084736375278	0.0735119217163023	0.0735119217163023	0.8304518006552439	Stable_B
chr17	60900000	61000000	-0.2116103911036546	-0.133549617487973	0.07806077361568159	0.07806077361568159	0.3688891325636487	Stable_B
chr17	61000000	61100000	-0.2061518846357904	-0.1461098796854684	0.060042004950322	0.060042004950322	0.29125130268102334	Stable_B
chr17	61100000	61200000	-0.0883576046426692	-0.0435333981752986	0.0448242064673706	0.0448242064673706	0.5073044549888616	Stable_B
chr17	61200000	61300000	-0.0510538177141672	-0.0107156505607237	0.0403381671534435	0.0403381671534435	0.7901106902383491	Stable_B
chr17	61300000	61400000	-0.1338115969144458	-0.130685630908896	0.0031259660055497906	0.0031259660055497906	0.023360949855104247	Stable_B
chr17	61400000	61500000	-0.0131563657516032	0.0112915169444904	0.0244478826960936	0.0244478826960936	1.8582550194847272	B_to_A
chr17	61500000	61600000	-0.057207962592831	-0.0520079105409358	0.0052000520518952	0.0052000520518952	0.09089734743580682	Stable_B
chr17	61600000	61700000	-0.1337006856832685	-0.0777503639070742	0.055950321776194314	0.055950321776194314	0.418474456509059	Stable_B
chr17	61700000	61800000	0.0003018586808597	0.1060388646641622	0.10573700598330249	0.10573700598330249	350.2864508721804	Stable_A
chr17	61800000	61900000	-0.0168109559788469	0.0598344046722613	0.0766453606511082	0.0766453606511082	4.559250571326848	B_to_A
chr17	61900000	62000000	0.1360325003883169	0.2525477028450877	0.1165152024567708	0.1165152024567708	0.856524743161875	Stable_A
chr17	62000000	62100000	0.0915654493583846	0.1754850777154847	0.08391962835710008	0.08391962835710008	0.9164988425780668	Stable_A
chr17	62100000	62200000	-0.0414586210299446	0.0592282638906094	0.100686884920554	0.100686884920554	2.4286115268481843	B_to_A
chr17	62200000	62300000	-0.0257665014560256	0.0397266219227838	0.0654931233788094	0.0654931233788094	2.541793401427945	B_to_A
chr17	62300000	62400000	-0.0189384959612207	0.1192055894380646	0.1381440853992853	0.1381440853992853	7.294353558073208	B_to_A
chr17	62400000	62500000	0.1522594598874963	0.2431049208627785	0.09084546097528218	0.09084546097528218	0.5966490426434417	Stable_A
chr17	62500000	62600000	0.2483571004677124	0.4696523037701065	0.22129520330239413	0.22129520330239413	0.8910363459939151	Stable_A
chr17	62600000	62700000	0.1721630858062463	0.332788439117445	0.16062535331119868	0.16062535331119868	0.9329837029754898	Stable_A
chr17	62700000	62800000	0.055298466633719	0.1773381038605211	0.1220396372268021	0.1220396372268021	2.206926243274651	Stable_A
chr17	62800000	62900000	0.1429712547889477	0.3078776938987251	0.1649064391097774	0.1649064391097774	1.1534237378919987	Stable_A
chr17	62900000	63000000	-0.0438515076448692	0.1496261678440786	0.1934776754889478	0.1934776754889478	4.412110002142319	B_to_A
chr17	63000000	63100000	-0.0394645236786985	0.1266157313119165	0.16608025499061502	0.16608025499061502	4.208343076499845	B_to_A
chr17	63100000	63200000	-0.0197070414391089	0.1818527219015349	0.2015597633406438	0.2015597633406438	10.227804308598328	B_to_A
chr17	63200000	63300000	0.0515618572469994	0.1999945983038211	0.1484327410568217	0.1484327410568217	2.878731468996098	Stable_A
chr17	63300000	63400000	-0.0797542811323173	0.0974422824322842	0.1771965635646015	0.1771965635646015	2.2217812141096402	B_to_A
chr17	63400000	63500000	0.1731821311085572	0.2860793162838067	0.11289718517524946	0.11289718517524946	0.6518985789849253	Stable_A
chr17	63500000	63600000	0.5079925419948758	0.7365548367439765	0.22856229474910073	0.22856229474910073	0.44993238257306206	Stable_A
chr17	63600000	63700000	0.5149936351798734	0.753299523835501	0.23830588865562763	0.23830588865562763	0.4627355997757017	Stable_A
chr17	63700000	63800000	0.888387606330035	1.1943821399016248	0.3059945335715898	0.3059945335715898	0.34443809367812495	Stable_A
chr17	63800000	63900000	0.8936266553356004	1.1935186845937442	0.29989202925814384	0.29989202925814384	0.33558984332838615	Stable_A
chr17	63900000	64000000	0.7868682209594823	1.0921986204235414	0.30533039946405915	0.30533039946405915	0.38803244473610704	Stable_A
chr17	64000000	64100000	0.6477383444524573	0.7694321165827119	0.12169377213025467	0.12169377213025467	0.18787489296024956	Stable_A
chr17	64100000	64200000	0.484418674301851	0.6686957872546433	0.1842771129527923	0.1842771129527923	0.3804087718508671	Stable_A
chr17	64200000	64300000	0.4024813495389895	0.5913855803933192	0.18890423085432972	0.18890423085432972	0.46934902964001823	Stable_A
chr17	64300000	64400000	0.3500131503351081	0.5063040540429061	0.15629090370779802	0.15629090370779802	0.4465286620178775	Stable_A
chr17	64400000	64500000	0.3402397826097008	0.4356338306254386	0.09539404801573781	0.09539404801573781	0.2803729983720545	Stable_A
chr17	64500000	64600000	0.5047232954883359	0.6481657099290996	0.14344241444076367	0.14344241444076367	0.2842001067178374	Stable_A
chr17	64600000	64700000	0.3587036241140668	0.5660254132663957	0.20732178915232885	0.20732178915232885	0.5779751728585856	Stable_A
chr17	64700000	64800000	0.137746870029548	0.3133585348388599	0.1756116648093119	0.1756116648093119	1.2748867888732538	Stable_A
chr17	64800000	64900000	0.2512405058246257	0.3733184570488653	0.12207795122423959	0.12207795122423959	0.4859007540346782	Stable_A
chr17	64900000	65000000	0.1184473363795968	0.2012718946954277	0.0828245583158309	0.0828245583158309	0.6992521811583589	Stable_A
chr17	65000000	65100000	0.1986460928937833	0.2802293971711755	0.08158330427739222	0.08158330427739222	0.4106967476124238	Stable_A
chr17	65100000	65200000	-0.008036800787672	0.0620265697408777	0.0700633705285497	0.0700633705285497	8.717818492654809	B_to_A
chr17	65200000	65300000	-0.3369165166504916	-0.2677371661933593	0.0691793504571323	0.0691793504571323	0.20533083727948295	Stable_B
chr17	65300000	65400000	-0.2180069791777113	-0.16634513550108	0.05166184367663132	0.05166184367663132	0.2369733476950684	Stable_B
chr17	65400000	65500000	-0.19186182327704	-0.1335328962387053	0.0583289270383347	0.0583289270383347	0.3040152858034207	Stable_B
chr17	65500000	65600000	-0.1408442065006983	-0.0734569703500556	0.06738723615064268	0.06738723615064268	0.47845231142190137	Stable_B
chr17	65600000	65700000	-0.1704029200418741	-0.0746308801751492	0.0957720398667249	0.0957720398667249	0.5620328562632042	Stable_B
chr17	65700000	65800000	-0.2061116819693886	-0.108419280932898	0.09769240103649059	0.09769240103649059	0.47397799146095815	Stable_B
chr17	65800000	65900000	-0.2512643134727599	-0.1607184355088593	0.0905458779639006	0.0905458779639006	0.36036107440986387	Stable_B
chr17	65900000	66000000	-0.3037618368584711	-0.2224724406174447	0.08128939624102638	0.08128939624102638	0.2676089830168521	Stable_B
chr17	66000000	66100000	-0.2726118432662921	-0.1993821078036513	0.07322973546264083	0.07322973546264083	0.2686227222751607	Stable_B
chr17	66100000	66200000	-0.271625276925056	-0.2308049369139726	0.040820340011083395	0.040820340011083395	0.1502818164538719	Stable_B
chr17	66200000	66300000	-0.1860004136185694	-0.1390721850554295	0.046928228563139884	0.046928228563139884	0.25230174304545094	Stable_B
chr17	66300000	66400000	0.0139093192686825	0.0960667377130885	0.08215741844440601	0.08215741844440601	5.906645527174531	Stable_A
chr17	66400000	66500000	0.0359778243530734	0.1552706764187757	0.11929285206570231	0.11929285206570231	3.3157327940401635	Stable_A
chr17	66500000	66600000	-0.011310344835948	0.0780141231136844	0.0893244679496324	0.0893244679496324	7.897590148244626	B_to_A
chr17	66600000	66700000	-0.1851640472405698	-0.1117447247610042	0.07341932247956562	0.07341932247956562	0.3965096009387685	Stable_B
chr17	66700000	66800000	-0.0810259568318033	0.0475170558132126	0.12854301264501589	0.12854301264501589	1.586442390453349	B_to_A
chr17	66800000	66900000	0.0136630186116927	0.135198286921196	0.12153526830950331	0.12153526830950331	8.895198913473953	Stable_A
chr17	66900000	67000000	0.028007567623821	0.0837943086953827	0.055786741071561695	0.055786741071561695	1.9918452691376867	Stable_A
chr17	67000000	67100000	0.0610286623497237	0.1768850907595469	0.11585642840982319	0.11585642840982319	1.8983937046810877	Stable_A
chr17	67100000	67200000	0.1817206965680274	0.3431247468626661	0.1614040502946387	0.1614040502946387	0.8881985010123317	Stable_A
chr17	67200000	67300000	0.2182032406538338	0.3895357452331465	0.17133250457931268	0.17133250457931268	0.7851968837214535	Stable_A
chr17	67300000	67400000	0.1470988139392414	0.3155792188599826	0.16848040492074118	0.16848040492074118	1.1453552915139844	Stable_A
chr17	67400000	67500000	0.3477237788494145	0.5197606567518431	0.1720368779024286	0.1720368779024286	0.4947515481158135	Stable_A
chr17	67500000	67600000	0.3339190990542207	0.5134634999619403	0.17954440090771961	0.17954440090771961	0.53768832455602	Stable_A
chr17	67600000	67700000	0.1392354661806441	0.3261722968734448	0.18693683069280068	0.18693683069280068	1.3425949280068399	Stable_A
chr17	67700000	67800000	0.2513139746196018	0.3851355481196714	0.13382157350006957	0.13382157350006957	0.5324875932690448	Stable_A
chr17	67800000	67900000	0.3677964512116639	0.5308811769147631	0.16308472570309923	0.16308472570309923	0.443410275346146	Stable_A
chr17	67900000	68000000	0.3331652554815636	0.5227467526146387	0.18958149713307504	0.18958149713307504	0.5690314161332646	Stable_A
chr17	68000000	68100000	0.1273486442878635	0.2414200523472541	0.11407140805939062	0.11407140805939062	0.8957410477141748	Stable_A
chr17	68100000	68200000	-0.0860313911359176	0.057013991603985	0.14304538273990258	0.14304538273990258	1.662711492296002	B_to_A
chr17	68200000	68300000	-0.2163777655814587	-0.1059690577904211	0.11040870779103759	0.11040870779103759	0.5102590254333343	Stable_B
chr17	68300000	68400000	-0.1332891486247962	0.014536830140597	0.14782597876539322	0.14782597876539322	1.1090623677214535	B_to_A
chr17	68400000	68500000	-0.2811299548144379	-0.2686929933475627	0.01243696146687523	0.01243696146687523	0.044239189932941674	Stable_B
chr17	68500000	68600000	-0.4223831787717673	-0.4411283564476823	-0.018745177675914992	0.018745177675914992	0.04437955538481294	Stable_B
chr17	68600000	68700000	-0.4483382730108659	-0.5171981648256542	-0.0688598918147883	0.0688598918147883	0.15358914453667313	Stable_B
chr17	68700000	68800000	-0.5886748622052017	-0.5982882392613856	-0.009613377056183925	0.009613377056183925	0.0163305377439964	Stable_B
chr17	68800000	68900000	-0.6660593530487235	-0.7554857158041752	-0.08942636275545168	0.08942636275545168	0.13426185271045954	Stable_B
chr17	68900000	69000000	-0.6335136078270996	-0.7236986519254339	-0.09018504409833428	0.09018504409833428	0.14235691701660785	Stable_B
chr17	69000000	69100000	-0.6249801322778126	-0.6909919537866779	-0.06601182150886531	0.06601182150886531	0.10562227197251466	Stable_B
chr17	69100000	69200000	-0.6244939927449629	-0.754270023294653	-0.1297760305496901	0.1297760305496901	0.2078098941821036	Stable_B
chr17	69200000	69300000	-0.6401196227772691	-0.6496404061111092	-0.0095207833338401	0.0095207833338401	0.014873443954947895	Stable_B
chr17	69300000	69400000	-0.5755978029167749	-0.5590319502522019	0.016565852664573	0.016565852664573	0.028780256944393238	Stable_B
chr17	69400000	69500000	-0.5074955810069491	-0.4476186920795804	0.059876888927368754	0.059876888927368754	0.11798504493096042	Stable_B
chr17	69500000	69600000	-0.6562635343736427	-0.6451431451993115	0.011120389174331224	0.011120389174331224	0.01694500546178427	Stable_B
chr17	69600000	69700000	-0.7190007786630447	-0.7117969038356322	0.007203874827412471	0.007203874827412471	0.010019286544873858	Stable_B
chr17	69700000	69800000	-0.7068611276841676	-0.7250135105471225	-0.01815238286295484	0.01815238286295484	0.025680267526417864	Stable_B
chr17	69800000	69900000	-0.7217155670713912	-0.7157885111680785	0.005927055903312661	0.005927055903312661	0.008212454010606598	Stable_B
chr17	69900000	70000000	-0.6896041792889576	-0.7160870246512478	-0.026482845362290286	0.026482845362290286	0.038402965291765526	Stable_B
chr17	70000000	70100000	-0.6748951695604604	-0.6844845144155671	-0.009589344855106763	0.009589344855106763	0.014208643486590702	Stable_B
chr17	70100000	70200000	-0.6788333679627105	-0.6426191108998143	0.03621425706289627	0.03621425706289627	0.05334778573360522	Stable_B
chr17	70200000	70300000	-0.6716476621274369	-0.6629842238121021	0.008663438315334782	0.008663438315334782	0.012898784293975552	Stable_B
chr17	70300000	70400000	-0.6449589284565568	-0.6762439633452588	-0.031285034888702046	0.031285034888702046	0.048507018832299714	Stable_B
chr17	70400000	70500000	-0.6608407299816901	-0.7164154725362641	-0.055574742554574064	0.055574742554574064	0.0840970297882727	Stable_B
chr17	70500000	70600000	-0.6944973269420357	-0.6422251207612883	0.05227220618074735	0.05227220618074735	0.07526624531574345	Stable_B
chr17	70600000	70700000	-0.7158341222161548	-0.6700361721993768	0.045797950016778	0.045797950016778	0.06397843941134278	Stable_B
chr17	70700000	70800000	-0.6841619020222913	-0.6898472908518091	-0.005685388829517746	0.005685388829517746	0.00831000500424314	Stable_B
chr17	70800000	70900000	-0.7110460703159117	-0.6511623868095768	0.059883683506334884	0.059883683506334884	0.08421913291740586	Stable_B
chr17	70900000	71000000	-0.6754204695935648	-0.7003306574258019	-0.024910187832237085	0.024910187832237085	0.03688100813294395	Stable_B
chr17	71000000	71100000	-0.6835281316187239	-0.6586916682550632	0.024836463363660743	0.024836463363660743	0.036335685708857805	Stable_B
chr17	71100000	71200000	-0.7135487772474527	-0.691358016213329	0.02219076103412365	0.02219076103412365	0.031099150810299944	Stable_B
chr17	71200000	71300000	-0.6887763067014814	-0.7343852453901688	-0.04560893868868743	0.04560893868868743	0.06621734552268004	Stable_B
chr17	71300000	71400000	-0.6901125760489804	-0.745864019955672	-0.05575144390669162	0.05575144390669162	0.08078601353112379	Stable_B
chr17	71400000	71500000	-0.6883098696198501	-0.7097821171359365	-0.02147224751608645	0.02147224751608645	0.031195611836781392	Stable_B
chr17	71500000	71600000	-0.7208832128268239	-0.7209745333077167	-9.132048089277589e-05	9.132048089277589e-05	0.00012667860655913706	Stable_B
chr17	71600000	71700000	-0.7266358883607549	-0.736056680467036	-0.009420792106281106	0.009420792106281106	0.012964941942977554	Stable_B
chr17	71700000	71800000	-0.6952744831958115	-0.6921852783974192	0.0030892047983923643	0.0030892047983923643	0.004443144215782108	Stable_B
chr17	71800000	71900000	-0.6705024709522269	-0.6904571473955942	-0.019954676443367236	0.019954676443367236	0.029760779874574095	Stable_B
chr17	71900000	72000000	-0.6708985525339463	-0.6911841439688038	-0.02028559143485753	0.02028559143485753	0.030236451335660195	Stable_B
chr17	72000000	72100000	-0.6440558608552172	-0.6146721250033158	0.02938373585190135	0.02938373585190135	0.04562296166808234	Stable_B
chr17	72100000	72200000	-0.5441133510684192	-0.5033268035769223	0.040786547491496905	0.040786547491496905	0.07495965208611143	Stable_B
chr17	72200000	72300000	-0.5257748502051961	-0.5136247883996101	0.012150061805585977	0.012150061805585977	0.02310886836988138	Stable_B
chr17	72300000	72400000	-0.5718008528131295	-0.5346102278303021	0.037190624982827436	0.037190624982827436	0.06504121985802934	Stable_B
chr17	72400000	72500000	-0.5701753796682826	-0.507781217596377	0.06239416207190562	0.06239416207190562	0.10942977248194298	Stable_B
chr17	72500000	72600000	-0.5500333106710044	-0.5163937706359697	0.033639540035034665	0.033639540035034665	0.06115909597183604	Stable_B
chr17	72600000	72700000	-0.4068367771267689	-0.3466977392583771	0.06013903786839181	0.06013903786839181	0.14782104580887656	Stable_B
chr17	72700000	72800000	-0.4091428339824072	-0.3005004425344479	0.10864239144795929	0.10864239144795929	0.2655365863077314	Stable_B
chr17	72800000	72900000	-0.3332652758071944	-0.2682312634227372	0.06503401238445722	0.06503401238445722	0.19514187977412223	Stable_B
chr17	72900000	73000000	-0.3130246394950753	-0.2818129202557675	0.031211719239307822	0.031211719239307822	0.09971010361885223	Stable_B
chr17	73000000	73100000	-0.2850222075417205	-0.1910966672060155	0.09392554033570497	0.09392554033570497	0.3295376214569403	Stable_B
chr17	73100000	73200000	-0.2806998551572785	-0.2710124369454463	0.009687418211832222	0.009687418211832222	0.03451166088562561	Stable_B
chr17	73200000	73300000	-0.0398714930512576	0.1196270284302473	0.1594985214815049	0.1594985214815049	4.000314743078679	B_to_A
chr17	73300000	73400000	0.1033615444801207	0.291960915127346	0.18859937064722532	0.18859937064722532	1.824657048187764	Stable_A
chr17	73400000	73500000	0.0982014057806726	0.2585808926535005	0.16037948687282788	0.16037948687282788	1.6331689510741483	Stable_A
chr17	73500000	73600000	0.1660435786305824	0.3857682563230845	0.2197246776925021	0.2197246776925021	1.3232952427588343	Stable_A
chr17	73600000	73700000	0.0722637293103658	0.3159208469663153	0.2436571176559495	0.2436571176559495	3.3717761314180934	Stable_A
chr17	73700000	73800000	0.075296410439047	0.242786076441812	0.167489666002765	0.167489666002765	2.224404390941705	Stable_A
chr17	73800000	73900000	0.0991816213936739	0.2530125308556872	0.1538309094620133	0.1538309094620133	1.5510021645182048	Stable_A
chr17	73900000	74000000	0.1112600307342392	0.2610261163922324	0.1497660856579932	0.1497660856579932	1.3460906371285422	Stable_A
chr17	74000000	74100000	0.2618248689034056	0.4834152260876197	0.2215903571842141	0.2215903571842141	0.846330442605759	Stable_A
chr17	74100000	74200000	0.3274569406687409	0.6250652271350169	0.29760828646627596	0.29760828646627596	0.9088470864550702	Stable_A
chr17	74200000	74300000	0.6561176968765335	0.9270993494213444	0.2709816525448109	0.2709816525448109	0.413007687240912	Stable_A
chr17	74300000	74400000	0.6880487127397784	1.0426029936441916	0.3545542809044132	0.3545542809044132	0.5153040392919193	Stable_A
chr17	74400000	74500000	0.8176485287723632	1.2933271691158104	0.4756786403434472	0.4756786403434472	0.5817641977019666	Stable_A
chr17	74500000	74600000	0.605225921303499	0.9228282336201477	0.3176023123166487	0.3176023123166487	0.5247665394644963	Stable_A
chr17	74600000	74700000	0.7547550045722248	1.2093323043980504	0.4545772998258256	0.4545772998258256	0.6022845785348161	Stable_A
chr17	74700000	74800000	1.0707543245802418	1.5152708549054403	0.44451653032519856	0.44451653032519856	0.41514334345505294	Stable_A
chr17	74800000	74900000	1.1934530962933525	1.7149312926919622	0.5214781963986097	0.5214781963986097	0.4369490497935996	Stable_A
chr17	74900000	75000000	1.2661321742832992	1.825573251059209	0.5594410767759099	0.5594410767759099	0.4418504545882696	Stable_A
chr17	75000000	75100000	1.418547718125578	2.0374714848799385	0.6189237667543606	0.6189237667543606	0.43630803451024264	Stable_A
chr17	75100000	75200000	1.435199084897612	2.1783901995840336	0.7431911146864216	0.7431911146864216	0.5178313744113356	Stable_A
chr17	75200000	75300000	1.1188776698570424	1.5242430636305857	0.4053653937735433	0.4053653937735433	0.3622964374875194	Stable_A
chr17	75300000	75400000	1.555224305674041	2.252553504052655	0.6973291983786141	0.6973291983786141	0.4483785366744179	Stable_A
chr17	75400000	75500000	1.117570607543513	1.6674233492398418	0.5498527416963288	0.5498527416963288	0.4920071608763387	Stable_A
chr17	75500000	75600000	1.2955363607334518	1.832619945478834	0.5370835847453821	0.5370835847453821	0.4145646552454297	Stable_A
chr17	75600000	75700000	1.4986043140956813	2.050761750708093	0.5521574366124118	0.5521574366124118	0.36844778265943134	Stable_A
chr17	75700000	75800000	1.377855916466333	2.1205516077666147	0.7426956913002816	0.7426956913002816	0.5390227544292211	Stable_A
chr17	75800000	75900000	1.4050940220821548	2.0907500520324485	0.6856560299502936	0.6856560299502936	0.4879787538589384	Stable_A
chr17	75900000	76000000	1.2363084629982135	2.0485702996281496	0.8122618366299361	0.8122618366299361	0.6570058047326575	Stable_A
chr17	76000000	76100000	1.00448337385945	1.6624684628340978	0.6579850889746477	0.6579850889746477	0.6550482627169045	Stable_A
chr17	76100000	76200000	1.1768901202188875	1.8572993400668747	0.6804092198479872	0.6804092198479872	0.5781416702873156	Stable_A
chr17	76200000	76300000	0.9427636045585278	0.8234662632317932	-0.11929734132673464	0.11929734132673464	0.12654003691900956	Stable_A
chr17	76300000	76400000	0.8577543088977296	0.8582771385552965	0.0005228296575668923	0.0005228296575668923	0.0006095331170516212	Stable_A
chr17	76400000	76500000	1.0558341804844766	0.9859481558568516	-0.06988602462762505	0.06988602462762505	0.06619034117228273	Stable_A
chr17	76500000	76600000	1.1117079599327548	1.035899214742846	-0.07580874518990877	0.07580874518990877	0.06819124079537427	Stable_A
chr17	76600000	76700000	1.0460130838982316	0.9403964344951456	-0.1056166494030859	0.1056166494030859	0.1009706771635005	Stable_A
chr17	76700000	76800000	0.7976828466710019	0.7284028535617388	-0.06927999310926303	0.06927999310926303	0.08685155183967122	Stable_A
chr17	76800000	76900000	0.6552159041461423	0.5358523118842506	-0.11936359226189164	0.11936359226189164	0.1821744428158268	Stable_A
chr17	76900000	77000000	0.8172876988478247	0.6501251638821905	-0.16716253496563416	0.16716253496563416	0.20453328148862676	Stable_A
chr17	77000000	77100000	0.5666248177044345	0.48118032270997	-0.08544449499446449	0.08544449499446449	0.150795539349345	Stable_A
chr17	77100000	77200000	0.8283868348282093	0.8123086801969372	-0.016078154631272046	0.016078154631272046	0.019408993425886988	Stable_A
chr17	77200000	77300000	0.5376308272670922	0.4511736124410299	-0.08645721482606233	0.08645721482606233	0.16081149078735926	Stable_A
chr17	77300000	77400000	0.6155096870149813	0.4364113447845043	-0.17909834223047705	0.17909834223047705	0.2909756678226217	Stable_A
chr17	77400000	77500000	0.7027518262432421	0.490445701020155	-0.21230612522308706	0.21230612522308706	0.3021068281786321	Stable_A
chr17	77500000	77600000	0.3614138998356264	0.2464481012643986	-0.1149657985712278	0.1149657985712278	0.3181001024684304	Stable_A
chr17	77600000	77700000	0.5218473302561657	0.3582454725510161	-0.16360185770514962	0.16360185770514962	0.3135052116197286	Stable_A
chr17	77700000	77800000	0.5424084522008997	0.374337867241988	-0.16807058495891175	0.16807058495891175	0.3098598192504954	Stable_A
chr17	77800000	77900000	0.4963334021658959	0.3483174867303816	-0.1480159154355143	0.1480159154355143	0.2982187271491372	Stable_A
chr17	77900000	78000000	0.6916513268771944	0.5531306850011234	-0.13852064187607105	0.13852064187607105	0.20027524923792414	Stable_A
chr17	78000000	78100000	0.6486199086557124	0.5403351758530355	-0.10828473280267692	0.10828473280267692	0.16694636004482324	Stable_A
chr17	78100000	78200000	1.035821929353129	0.8839345786175163	-0.15188735073561266	0.15188735073561266	0.14663461588466883	Stable_A
chr17	78200000	78300000	0.9123744295696876	0.8057811211369958	-0.10659330843269177	0.10659330843269177	0.11683066181826846	Stable_A
chr17	78300000	78400000	1.0970718414511802	1.0191729378962986	-0.0778989035548816	0.0778989035548816	0.07100620088091844	Stable_A
chr17	78400000	78500000	0.60040784906992	0.4470988618635722	-0.15330898720634778	0.15330898720634778	0.2553414107491028	Stable_A
chr17	78500000	78600000	0.7139890368116083	0.6638308527780659	-0.05015818403354244	0.05015818403354244	0.07025063614075783	Stable_A
chr17	78600000	78700000	0.7062618244185814	0.607416416398377	-0.09884540802020447	0.09884540802020447	0.13995575663682142	Stable_A
chr17	78700000	78800000	0.7681470599509416	0.5883579708460794	-0.17978908910486213	0.17978908910486213	0.23405555847124446	Stable_A
chr17	78800000	78900000	0.8937118764267621	0.7011644726949909	-0.19254740373177115	0.19254740373177115	0.21544684457099753	Stable_A
chr17	78900000	79000000	0.9026664517663386	0.7816508856149476	-0.12101556615139109	0.12101556615139109	0.1340645439016679	Stable_A
chr17	79000000	79100000	0.5613707728486942	0.4773782161467798	-0.08399255670191441	0.08399255670191441	0.14962046612382662	Stable_A
chr17	79100000	79200000	0.4559447466054739	0.2747110099574558	-0.18123373664801812	0.18123373664801812	0.3974905687527057	Stable_A
chr17	79200000	79300000	0.6120707787724707	0.519017147698127	-0.09305363107434372	0.09305363107434372	0.15203083418059268	Stable_A
chr17	79300000	79400000	0.3612610037088414	0.2244165208387282	-0.1368444828701132	0.1368444828701132	0.37879671889635536	Stable_A
chr17	79400000	79500000	0.3599856631355336	0.2848938473511708	-0.0750918157843628	0.0750918157843628	0.20859668446321136	Stable_A
chr17	79500000	79600000	0.5301954963755272	0.4746216743165415	-0.0555738220589857	0.0555738220589857	0.10481760490025709	Stable_A
chr17	79600000	79700000	0.5280632140415821	0.4467917360720714	-0.08127147796951067	0.08127147796951067	0.15390482769570651	Stable_A
chr17	79700000	79800000	0.6340484714455654	0.5307314619456657	-0.10331700949989975	0.10331700949989975	0.16294812487182184	Stable_A
chr17	79800000	79900000	0.9261056083289771	0.9128960009850065	-0.013209607343970697	0.013209607343970697	0.01426360797858196	Stable_A
chr17	79900000	80000000	0.7042123564421574	0.6940649297585642	-0.010147426683593253	0.010147426683593253	0.014409611803547986	Stable_A
chr17	80000000	80100000	0.7114498662761646	0.6034596805405262	-0.10799018573563834	0.10799018573563834	0.1517888903414589	Stable_A
chr17	80100000	80200000	0.8771319615651157	0.6593787453020084	-0.2177532162631074	0.2177532162631074	0.2482559361701495	Stable_A
chr17	80200000	80300000	0.8173615096746192	0.7072043006004342	-0.11015720907418503	0.11015720907418503	0.13477171088963702	Stable_A
chr17	80300000	80400000	0.5257971926097669	0.4119075853284555	-0.11388960728131137	0.11388960728131137	0.21660368081470016	Stable_A
chr17	80400000	80500000	0.5443069877891435	0.3719219385422009	-0.17238504924694265	0.17238504924694265	0.3167055597561464	Stable_A
chr17	80500000	80600000	0.6931989867394721	0.5992799710761972	-0.09391901566327487	0.09391901566327487	0.13548637182092832	Stable_A
chr17	80600000	80700000	0.734097967334882	0.5508869656389473	-0.18321100169593463	0.18321100169593463	0.2495729587170443	Stable_A
chr17	80700000	80800000	0.6869768862268759	0.6041556627365444	-0.0828212234903315	0.0828212234903315	0.12055896661271304	Stable_A
chr17	80800000	80900000	0.5944918855480993	0.4068690200029027	-0.18762286554519658	0.18762286554519658	0.31560206304954913	Stable_A
chr17	80900000	81000000	0.4577612117242163	0.228931961218546	-0.2288292505056703	0.2288292505056703	0.49988781190908593	Stable_A
chr17	81000000	81100000	0.7297907321533621	0.3731554420085008	-0.3566352901448613	0.3566352901448613	0.4886815828594491	Stable_A
chr17	81200000	81300000	0.8844062778365972	0.3743221060065665	-0.5100841718300306	0.5100841718300306	0.5767532237308176	Stable_A
chr17	81300000	81400000	1.2751431791240693	0.8538766993245338	-0.42126647979953546	0.42126647979953546	0.3303679827459964	Stable_A
chr17	81500000	81600000	1.062427627834702	0.7141901402262452	-0.34823748760845685	0.34823748760845685	0.32777525591854945	Stable_A
chr17	81600000	81700000	1.2613909654862303	1.066722160824105	-0.19466880466212522	0.19466880466212522	0.15432868158135724	Stable_A
chr17	81800000	81900000	1.3864225195266628	1.0041771683855854	-0.3822453511410775	0.3822453511410775	0.27570624810074457	Stable_A
chr17	81900000	82000000	1.4402736987233709	0.8816996822881177	-0.5585740164352532	0.5585740164352532	0.3878249092032728	Stable_A
chr17	82100000	82200000	1.3166535273842326	0.8482365559065228	-0.4684169714777098	0.4684169714777098	0.3557632754064798	Stable_A
chr17	82200000	82300000	1.2357735106281382	0.8022572592728138	-0.43351625135532446	0.43351625135532446	0.3508055866442469	Stable_A
chr17	82400000	82500000	1.0371802760191688	0.8066577159643616	-0.2305225600548072	0.2305225600548072	0.22225891234606043	Stable_A
chr17	82500000	82600000	1.899511085821152	1.0842543545041514	-0.8152567313170005	0.8152567313170005	0.4291929314877191	Stable_A
chr17	82600000	82700000	1.9484026523630695	0.5244182473412236	-1.423984405021846	1.423984405021846	0.7308470881492609	Stable_A
chr17	82700000	82800000	1.7405728390011572	0.6613899827140748	-1.0791828562870824	1.0791828562870824	0.6200159120639737	Stable_A
